// splash_logo.h - generated by make_splash_logo.py from meshpunk-logo.svg;
// do not edit. 320x100 RGB565 as big-endian words (LV_COLOR_16_SWAP order),
// pushed unchanged by display_dev_splash().
#pragma once
#include <stdint.h>

#define SPLASH_LOGO_W 320
#define SPLASH_LOGO_H 100

static const uint16_t kSplashLogo[SPLASH_LOGO_W * SPLASH_LOGO_H] = {
  0x0000, 0x0000, 0x0000, 0x0000, 0x8108, 0xC210, 0xE310, 0xC210, 0xC210, 0xC210, 0xC210, 0xC210, 0xC210, 0xC210, 0xC210, 0xC210,
  0xC210, 0xC210, 0xC210, 0xC210, 0xC210, 0xC210, 0xC210, 0xC210, 0xC210, 0xC210, 0xC210, 0xC210, 0xC210, 0xE310, 0xE210, 0xE310,
  0xE210, 0xE310, 0xE210, 0xE310, 0xE210, 0xE310, 0xE310, 0xE310, 0xE210, 0xE310, 0xE310, 0xE310, 0xE310, 0xE310, 0xE310, 0xE310,
  0xE310, 0xE310, 0xE310, 0xE310, 0xE310, 0xE310, 0xE310, 0xE310, 0xE310, 0xE310, 0xE310, 0xE310, 0xE210, 0xE310, 0xE310, 0xE310,
  0xE210, 0xE310, 0xE210, 0xE310, 0xE210, 0xE310, 0xE210, 0xE310, 0xC210, 0xE310, 0xC210, 0xE310, 0xC210, 0xC210, 0xC210, 0xC210,
  0xC210, 0xC210, 0xC210, 0xC210, 0xC210, 0xC210, 0xC210, 0xC210, 0xC210, 0xC210, 0xC210, 0xC210, 0xC210, 0xC210, 0xC210, 0xC210,
  0xC210, 0xC210, 0xC210, 0xC210, 0xC210, 0xC210, 0xC210, 0xC210, 0xC210, 0xC210, 0xC210, 0xC210, 0xC210, 0xC210, 0xC210, 0xC210,
  0xC210, 0xC210, 0xC210, 0xC210, 0xC210, 0xC210, 0xC210, 0xC210, 0xC210, 0xC210, 0xC210, 0xC210, 0xC210, 0xC210, 0xC210, 0xC210,
  0xC210, 0xC210, 0xC210, 0xC210, 0xC210, 0xC210, 0xC210, 0xC210, 0xC210, 0xC210, 0xC210, 0xC210, 0xC210, 0xC210, 0xC210, 0xC210,
  0xC210, 0xC210, 0xC210, 0xC210, 0xC210, 0xC210, 0xC210, 0xC210, 0xC210, 0xC210, 0xC210, 0xC210, 0xC210, 0xC210, 0xC210, 0xC210,
  0xC210, 0xC210, 0xC210, 0xC210, 0xC210, 0xC210, 0xC210, 0xC210, 0xC210, 0xC210, 0xC210, 0xC210, 0xC210, 0xC210, 0xC210, 0xC210,
  0xC210, 0xC210, 0xC210, 0xC210, 0xC210, 0xC210, 0xC210, 0xC210, 0xC210, 0xC210, 0xC210, 0xC210, 0xC210, 0xC210, 0xC210, 0xC210,
  0xC210, 0xC210, 0xC210, 0xC210, 0xC210, 0xC210, 0xC210, 0xC210, 0xC210, 0xC210, 0xC210, 0xC210, 0xC210, 0xC210, 0xC210, 0xC210,
  0xC210, 0xC210, 0xC210, 0xC210, 0xC210, 0xC210, 0xC210, 0xC210, 0xC210, 0xC210, 0xC210, 0xC210, 0xC210, 0xC210, 0xC210, 0xC210,
  0xC210, 0xC210, 0xC210, 0xC210, 0xC210, 0xC210, 0xC210, 0xC210, 0xC210, 0xC210, 0xC210, 0xC210, 0xC210, 0xC210, 0xC210, 0xC210,
  0xC210, 0xC210, 0xC210, 0xC210, 0xC210, 0xC210, 0xC210, 0xC210, 0xC210, 0xC210, 0xC210, 0xC210, 0xC210, 0xC210, 0xC210, 0xC210,
  0xC210, 0xC210, 0xC210, 0xC210, 0xC210, 0xC210, 0xC210, 0xC210, 0xC210, 0xC210, 0xC210, 0xC210, 0xC210, 0xC210, 0xC210, 0xC210,
  0xC210, 0xC210, 0xC210, 0xC210, 0xC210, 0xC210, 0xC210, 0xC210, 0xC210, 0xC210, 0xC210, 0xC210, 0xC210, 0xC210, 0xC210, 0xC210,
  0xC210, 0xC210, 0xC210, 0xC210, 0xC210, 0xC210, 0xC210, 0xC210, 0xC210, 0xC210, 0xC210, 0xC210, 0xC210, 0xC210, 0xC210, 0xC210,
  0xC210, 0xC210, 0xC210, 0xC210, 0xC210, 0xC210, 0xC210, 0xC210, 0xC210, 0xE310, 0xC210, 0x8108, 0x0000, 0x0000, 0x0000, 0x0000,
  0x0000, 0x0000, 0x2000, 0xE310, 0x8208, 0x8108, 0x6108, 0x6108, 0x6108, 0x6108, 0x6108, 0x6108, 0x6108, 0x6108, 0x6108, 0x6108,
  0x6108, 0x6108, 0x6108, 0x6108, 0x6108, 0x6108, 0x6108, 0x6108, 0x8108, 0x8108, 0x8108, 0x8108, 0x8108, 0x8108, 0x8108, 0x8108,
  0x8108, 0x8108, 0x8108, 0x8108, 0x8108, 0x8108, 0x8108, 0x8108, 0x8108, 0x8108, 0x8108, 0x8108, 0x8108, 0x8108, 0x8208, 0x8108,
  0x8108, 0x8108, 0x8208, 0x8108, 0x8108, 0x8108, 0x8208, 0x8108, 0x8108, 0x8108, 0x8208, 0x8108, 0x8108, 0x8108, 0x8108, 0x8108,
  0x8108, 0x8108, 0x8108, 0x8108, 0x8108, 0x8108, 0x8108, 0x8108, 0x8108, 0x8108, 0x8108, 0x8108, 0x8108, 0x8108, 0x8108, 0x8108,
  0x6108, 0x6108, 0x6108, 0x6108, 0x6108, 0x6108, 0x6108, 0x6108, 0x6108, 0x6108, 0x6108, 0x6108, 0x6108, 0x6108, 0x6108, 0x6108,
  0x6108, 0x6108, 0x6108, 0x6108, 0x6108, 0x6108, 0x6108, 0x6108, 0x6108, 0x6108, 0x6108, 0x6108, 0x6108, 0x6108, 0x6108, 0x6108,
  0x6108, 0x6108, 0x6108, 0x6108, 0x6108, 0x6108, 0x6108, 0x6108, 0x6108, 0x6108, 0x6108, 0x6108, 0x6108, 0x6108, 0x6108, 0x6108,
  0x6108, 0x6108, 0x6108, 0x6108, 0x6108, 0x6108, 0x6108, 0x6108, 0x6108, 0x6108, 0x6108, 0x6108, 0x6108, 0x6108, 0x6108, 0x6108,
  0x6108, 0x6108, 0x6108, 0x6108, 0x6108, 0x6108, 0x6108, 0x6108, 0x6108, 0x6108, 0x6108, 0x6108, 0x6108, 0x6108, 0x6108, 0x6108,
  0x6108, 0x6108, 0x6108, 0x6108, 0x6108, 0x6108, 0x6108, 0x6108, 0x6108, 0x6108, 0x6108, 0x6108, 0x6108, 0x6108, 0x6108, 0x6108,
  0x6108, 0x6108, 0x6108, 0x6108, 0x6108, 0x6108, 0x6108, 0x6108, 0x6108, 0x6108, 0x6108, 0x6108, 0x6108, 0x6108, 0x6108, 0x6108,
  0x6108, 0x6108, 0x6108, 0x6108, 0x6108, 0x6108, 0x6108, 0x6108, 0x6108, 0x6108, 0x6108, 0x6108, 0x6108, 0x6108, 0x6108, 0x6108,
  0x6108, 0x6108, 0x6108, 0x6108, 0x6108, 0x6108, 0x6108, 0x6108, 0x6108, 0x6108, 0x6108, 0x6108, 0x6108, 0x6108, 0x6108, 0x6108,
  0x6108, 0x6108, 0x6108, 0x6108, 0x6108, 0x6108, 0x6108, 0x6108, 0x6108, 0x6108, 0x6108, 0x6108, 0x6108, 0x6108, 0x6108, 0x6108,
  0x6108, 0x6108, 0x6108, 0x6108, 0x6108, 0x6108, 0x6108, 0x6108, 0x6108, 0x6108, 0x6108, 0x6108, 0x6108, 0x6108, 0x6108, 0x6108,
  0x6108, 0x6108, 0x6108, 0x6108, 0x6108, 0x6108, 0x6108, 0x6108, 0x6108, 0x6108, 0x6108, 0x6108, 0x6108, 0x6108, 0x6108, 0x6108,
  0x6108, 0x6108, 0x6108, 0x6108, 0x6108, 0x6108, 0x6108, 0x6108, 0x6108, 0x6108, 0x6108, 0x6108, 0x6108, 0x6108, 0x6108, 0x6108,
  0x6108, 0x6108, 0x6108, 0x6108, 0x6108, 0x6108, 0x6108, 0x6108, 0x6108, 0x6108, 0x6108, 0x6108, 0x6108, 0x6108, 0x6108, 0x6108,
  0x6108, 0x6108, 0x6108, 0x6108, 0x6108, 0x6108, 0x6108, 0x6108, 0x6108, 0x6108, 0x8108, 0x8208, 0xE310, 0x2000, 0x0000, 0x0000,
  0x0000, 0x4100, 0xC210, 0x8108, 0x6108, 0x6108, 0x6108, 0x6108, 0x6108, 0x6108, 0x8108, 0x8108, 0x6108, 0x6108, 0x6108, 0x6108,
  0x6108, 0x6108, 0x8108, 0x6108, 0x6108, 0x8108, 0x6108, 0x8108, 0x8108, 0x8108, 0x8108, 0x8108, 0x8108, 0x8108, 0x8108, 0x8108,
  0x8108, 0x8208, 0x8108, 0x8208, 0x8108, 0x8208, 0x8108, 0x8208, 0x8108, 0x8208, 0x8108, 0x8208, 0x8108, 0x8208, 0x8108, 0x8208,
  0x8108, 0x8208, 0x8108, 0x8208, 0x8108, 0x8208, 0x8108, 0x8208, 0x8108, 0x8208, 0x8108, 0x8208, 0x8108, 0x8208, 0x8108, 0x8208,
  0x8108, 0x8208, 0x8108, 0x8208, 0x8108, 0x8208, 0x8108, 0x8108, 0x8108, 0x8108, 0x8108, 0x8108, 0x8108, 0x8108, 0x8108, 0x8108,
  0x6108, 0x8108, 0x6108, 0x6108, 0x8108, 0x6108, 0x6108, 0x6108, 0x6108, 0x6108, 0x6108, 0x8108, 0x6108, 0x6108, 0x6108, 0x6108,
  0x6108, 0x6108, 0x8108, 0x8108, 0x6108, 0x6108, 0x6108, 0x6108, 0x6108, 0x6108, 0x8108, 0x6108, 0x6108, 0x6108, 0x6108, 0x6108,
  0x6108, 0x8108, 0x6108, 0x6108, 0x6108, 0x6108, 0x6108, 0x6108, 0x8108, 0x8108, 0x6108, 0x6108, 0x6108, 0x6108, 0x6108, 0x6108,
  0x8108, 0x6108, 0x6108, 0x6108, 0x6108, 0x6108, 0x6108, 0x8108, 0x6108, 0x6108, 0x6108, 0x6108, 0x6108, 0x6108, 0x8108, 0x8108,
  0x6108, 0x6108, 0x6108, 0x6108, 0x6108, 0x6108, 0x8108, 0x6108, 0x6108, 0x6108, 0x6108, 0x6108, 0x6108, 0x8108, 0x6108, 0x6108,
  0x6108, 0x6108, 0x6108, 0x6108, 0x8108, 0x8108, 0x6108, 0x6108, 0x6108, 0x6108, 0x6108, 0x6108, 0x8108, 0x6108, 0x6108, 0x6108,
  0x6108, 0x6108, 0x6108, 0x8108, 0x6108, 0x6108, 0x6108, 0x6108, 0x6108, 0x6108, 0x8108, 0x8108, 0x6108, 0x6108, 0x6108, 0x6108,
  0x6108, 0x6108, 0x8108, 0x6108, 0x6108, 0x6108, 0x6108, 0x6108, 0x6108, 0x8108, 0x6108, 0x6108, 0x6108, 0x6108, 0x6108, 0x6108,
  0x8108, 0x8108, 0x6108, 0x6108, 0x6108, 0x6108, 0x6108, 0x6108, 0x8108, 0x6108, 0x6108, 0x6108, 0x6108, 0x6108, 0x6108, 0x8108,
  0x6108, 0x6108, 0x6108, 0x6108, 0x6108, 0x6108, 0x8108, 0x8108, 0x6108, 0x6108, 0x6108, 0x6108, 0x6108, 0x6108, 0x8108, 0x6108,
  0x6108, 0x6108, 0x6108, 0x6108, 0x6108, 0x8108, 0x6108, 0x6108, 0x6108, 0x6108, 0x6108, 0x6108, 0x8108, 0x8108, 0x6108, 0x6108,
  0x6108, 0x6108, 0x6108, 0x6108, 0x8108, 0x6108, 0x6108, 0x6108, 0x6108, 0x6108, 0x6108, 0x8108, 0x6108, 0x6108, 0x6108, 0x6108,
  0x6108, 0x6108, 0x8108, 0x8108, 0x6108, 0x6108, 0x6108, 0x6108, 0x6108, 0x6108, 0x8108, 0x6108, 0x6108, 0x6108, 0x6108, 0x6108,
  0x6108, 0x8108, 0x6108, 0x6108, 0x6108, 0x6108, 0x6108, 0x6108, 0x8108, 0x8108, 0x6108, 0x6108, 0x6108, 0x6108, 0x6108, 0x6108,
  0x8108, 0x6108, 0x6108, 0x6108, 0x6108, 0x6108, 0x6108, 0x8108, 0x6108, 0x6108, 0x6108, 0x6108, 0x6108, 0xC210, 0x4000, 0x0000,
  0x0000, 0xE310, 0x8108, 0x8208, 0x8108, 0x6108, 0x6108, 0x6108, 0x6108, 0x6108, 0x8208, 0x8208, 0x6108, 0x6108, 0x6108, 0x6108,
  0x6108, 0x8108, 0x8208, 0x8108, 0x8108, 0x8108, 0x8108, 0x8108, 0x8108, 0xA208, 0x8208, 0x8108, 0x8108, 0x8108, 0x8108, 0x8108,
  0xA208, 0xA208, 0x8208, 0x8108, 0x8208, 0x8208, 0x8208, 0xA208, 0xA208, 0x8208, 0x8208, 0x8208, 0x8208, 0x8208, 0xA208, 0xA208,
  0xA208, 0x8208, 0x8208, 0x8208, 0x8208, 0x8208, 0xA208, 0xA208, 0x8208, 0x8208, 0x8208, 0x8208, 0x8208, 0xA208, 0xA208, 0x8208,
  0x8208, 0x8208, 0x8208, 0x8108, 0x8208, 0xA208, 0xA208, 0x8108, 0x8108, 0x8108, 0x8108, 0x8108, 0xA208, 0xA208, 0x8108, 0x8108,
  0x8108, 0x8108, 0x8108, 0x8108, 0x8208, 0x8108, 0x6108, 0x6108, 0x6108, 0x6108, 0x8108, 0x8208, 0x8108, 0x6108, 0x6108, 0x6108,
  0x6108, 0x6108, 0x8208, 0x8208, 0x6108, 0x6108, 0x6108, 0x6108, 0x6108, 0x8108, 0x8208, 0x8108, 0x6108, 0x6108, 0x6108, 0x6108,
  0x8108, 0x8208, 0x8108, 0x6108, 0x6108, 0x6108, 0x6108, 0x6108, 0x8208, 0x8208, 0x6108, 0x6108, 0x6108, 0x6108, 0x6108, 0x8108,
  0x8208, 0x8108, 0x6108, 0x6108, 0x6108, 0x6108, 0x8108, 0x8208, 0x8108, 0x6108, 0x6108, 0x6108, 0x6108, 0x6108, 0x8208, 0x8208,
  0x6108, 0x6108, 0x6108, 0x6108, 0x6108, 0x8108, 0x8208, 0x8108, 0x6108, 0x6108, 0x6108, 0x6108, 0x8108, 0x8208, 0x8108, 0x6108,
  0x6108, 0x6108, 0x6108, 0x6108, 0x8208, 0x8208, 0x6108, 0x6108, 0x6108, 0x6108, 0x6108, 0x8108, 0x8208, 0x8108, 0x6108, 0x6108,
  0x6108, 0x6108, 0x8108, 0x8208, 0x8108, 0x6108, 0x6108, 0x6108, 0x6108, 0x6108, 0x8208, 0x8208, 0x6108, 0x6108, 0x6108, 0x6108,
  0x6108, 0x8108, 0x8208, 0x8108, 0x6108, 0x6108, 0x6108, 0x6108, 0x8108, 0x8208, 0x8108, 0x6108, 0x6108, 0x6108, 0x6108, 0x6108,
  0x8208, 0x8208, 0x6108, 0x6108, 0x6108, 0x6108, 0x6108, 0x8108, 0x8208, 0x8108, 0x6108, 0x6108, 0x6108, 0x6108, 0x8108, 0x8208,
  0x8108, 0x6108, 0x6108, 0x6108, 0x6108, 0x6108, 0x8208, 0x8208, 0x6108, 0x6108, 0x6108, 0x6108, 0x6108, 0x8108, 0x8208, 0x8108,
  0x6108, 0x6108, 0x6108, 0x6108, 0x8108, 0x8208, 0x8108, 0x6108, 0x6108, 0x6108, 0x6108, 0x6108, 0x8208, 0x8208, 0x6108, 0x6108,
  0x6108, 0x6108, 0x6108, 0x8108, 0x8208, 0x8108, 0x6108, 0x6108, 0x6108, 0x6108, 0x8108, 0x8208, 0x8108, 0x6108, 0x6108, 0x6108,
  0x6108, 0x6108, 0x8208, 0x8208, 0x6108, 0x6108, 0x6108, 0x6108, 0x6108, 0x8108, 0x8208, 0x8108, 0x6108, 0x6108, 0x6108, 0x6108,
  0x8108, 0x8208, 0x8108, 0x6108, 0x6108, 0x6108, 0x6108, 0x6108, 0x8208, 0x8208, 0x6108, 0x6108, 0x6108, 0x6108, 0x6108, 0x8108,
  0x8208, 0x8108, 0x6108, 0x6108, 0x6108, 0x6108, 0x8108, 0x8208, 0x8108, 0x6108, 0x6108, 0x6108, 0x6108, 0x6108, 0xE310, 0x0000,
  0x8108, 0x8108, 0x8108, 0x8208, 0x6512, 0xC81B, 0xA81B, 0xA81B, 0xA81B, 0xA81B, 0xA81B, 0xA81B, 0xA81B, 0xA81B, 0x861A, 0x8108,
  0x6108, 0x8208, 0x8208, 0x8108, 0x8108, 0x8108, 0x8108, 0x8208, 0x8108, 0x8208, 0x8208, 0x8208, 0x8108, 0x8208, 0x8108, 0x8208,
  0xA208, 0xA208, 0x8208, 0x8208, 0x8108, 0x8208, 0x8208, 0xA208, 0xA208, 0xA208, 0x8208, 0x8208, 0x8208, 0x8208, 0xA208, 0xA208,
  0xA208, 0x8208, 0x8208, 0x8208, 0x8208, 0x8208, 0xA208, 0xA208, 0x8208, 0x8208, 0x8208, 0x8208, 0x8208, 0xA208, 0xA208, 0xA208,
  0x8208, 0x8208, 0x8208, 0x8208, 0x8108, 0xA208, 0x8208, 0x8208, 0x8108, 0x8208, 0x8108, 0x8208, 0x8208, 0x8208, 0x8108, 0x8208,
  0x8108, 0x8108, 0x8108, 0x8208, 0x8208, 0x8108, 0x8108, 0x8108, 0x6108, 0x6108, 0x8108, 0x8208, 0x8108, 0x6108, 0x6108, 0x6108,
  0x6108, 0x6108, 0x8208, 0x8208, 0x6108, 0x6108, 0x6108, 0x6108, 0x6108, 0x8108, 0x8208, 0x8108, 0x6108, 0x6108, 0x6108, 0x6108,
  0x8108, 0x8208, 0x8108, 0x6108, 0x6108, 0x6108, 0x6108, 0x6108, 0x8208, 0x8208, 0x6108, 0x6108, 0x6108, 0x6108, 0x6108, 0x8108,
  0x8208, 0x8108, 0x6108, 0x6108, 0x6108, 0x6108, 0x8108, 0x8208, 0x8108, 0x6108, 0x6108, 0x6108, 0x6108, 0x6108, 0x8208, 0x8208,
  0x6108, 0x6108, 0x6108, 0x6108, 0x6108, 0x8108, 0x8208, 0x8108, 0x6108, 0x6108, 0x6108, 0x6108, 0x8108, 0x8208, 0x8108, 0x6108,
  0x6108, 0x6108, 0x6108, 0x6108, 0x8208, 0x8208, 0x6108, 0x6108, 0x6108, 0x6108, 0x6108, 0x8108, 0x8208, 0x8108, 0x6108, 0x6108,
  0x6108, 0x6108, 0x8108, 0x8208, 0x8108, 0x6108, 0x6108, 0x6108, 0x6108, 0x6108, 0x8208, 0x8208, 0x6108, 0x6108, 0x6108, 0x6108,
  0x6108, 0x8108, 0x8208, 0x8108, 0x6108, 0x6108, 0x6108, 0x6108, 0x8108, 0x8208, 0x8108, 0x8108, 0x6108, 0x8108, 0x6108, 0x8108,
  0x8208, 0x8208, 0x6108, 0x8108, 0x6108, 0x8108, 0x6108, 0x8208, 0x8208, 0x8108, 0x6108, 0x8108, 0x6108, 0x8108, 0x8108, 0x8208,
  0x8108, 0x6108, 0x6108, 0x6108, 0x6108, 0x6108, 0x8208, 0x8208, 0x6108, 0x6108, 0x6108, 0x6108, 0x6108, 0x8108, 0x8208, 0x8108,
  0x6108, 0x6108, 0x6108, 0x6108, 0x8108, 0x8208, 0x8108, 0x6108, 0x6108, 0x6108, 0x6108, 0x6108, 0x8208, 0x8208, 0x6108, 0x6108,
  0x6108, 0x6108, 0x6108, 0x8108, 0x8208, 0x8108, 0x6108, 0x6108, 0x6108, 0x6108, 0x8108, 0x8208, 0x8108, 0x6108, 0x6108, 0x6108,
  0x6108, 0x6108, 0x8208, 0x8208, 0x6108, 0x6108, 0x6108, 0x6108, 0x6108, 0x8108, 0x8208, 0x8108, 0x6108, 0x6108, 0x6108, 0x6108,
  0x8108, 0x8208, 0x8108, 0x6108, 0x6108, 0x6108, 0x6108, 0x6108, 0x8208, 0x8208, 0x6108, 0x6108, 0x6108, 0x6108, 0x6108, 0x8108,
  0x8208, 0x8108, 0x6108, 0x6108, 0x6108, 0x6108, 0x8108, 0x8208, 0x8108, 0x6108, 0x6108, 0x6108, 0x6108, 0x6108, 0xA208, 0x6108,
  0xC210, 0x8108, 0x6108, 0x6108, 0xA81B, 0x8409, 0x0209, 0x0209, 0x0209, 0x0209, 0x0209, 0x0209, 0x0209, 0x0209, 0xE208, 0x8108,
  0x8108, 0x8108, 0x8108, 0x8108, 0x8108, 0x8108, 0x8108, 0x8108, 0x8108, 0x8108, 0x8208, 0x8208, 0x8208, 0x8208, 0x8208, 0x8208,
  0x8208, 0x8208, 0x8208, 0x8208, 0x8208, 0x8208, 0x8208, 0x8208, 0x8208, 0x8208, 0xA208, 0xA208, 0xA208, 0x8208, 0xA208, 0xA208,
  0xA208, 0xA208, 0xA208, 0xA208, 0xA208, 0xA208, 0xA208, 0xA208, 0xA208, 0x8208, 0xA208, 0xA208, 0xA208, 0x8208, 0x8208, 0x8208,
  0x8208, 0x8208, 0x8208, 0x8208, 0x8208, 0x8208, 0x8208, 0x8208, 0x8208, 0x8208, 0x8208, 0x8208, 0x8208, 0x8108, 0x8208, 0x8108,
  0x8108, 0x8108, 0x8108, 0x8108, 0x8108, 0x8108, 0x8108, 0x8108, 0x8108, 0x8108, 0x8108, 0x6108, 0x6108, 0x6108, 0x6108, 0x6108,
  0x6108, 0x6108, 0x6108, 0x6108, 0x6108, 0x6108, 0x6108, 0x6108, 0x6108, 0x6108, 0x6108, 0x6108, 0x6108, 0x6108, 0x6108, 0x6108,
  0x6108, 0x6108, 0x6108, 0x6108, 0x6108, 0x6108, 0x6108, 0x6108, 0x6108, 0x6108, 0x6108, 0x6108, 0x6108, 0x6108, 0x6108, 0x6108,
  0x6108, 0x6108, 0x6108, 0x6108, 0x6108, 0x6108, 0x6108, 0x6108, 0x6108, 0x6108, 0x6108, 0x6108, 0x6108, 0x6108, 0x6108, 0x6108,
  0x6108, 0x6108, 0x6108, 0x6108, 0x6108, 0x6108, 0x6108, 0x6108, 0x6108, 0x6108, 0x6108, 0x6108, 0x6108, 0x6108, 0x6108, 0x6108,
  0x6108, 0x6108, 0x6108, 0x6108, 0x6108, 0x6108, 0x6108, 0x6108, 0x6108, 0x6108, 0x6108, 0x6108, 0x6108, 0x6108, 0x6108, 0x6108,
  0x6108, 0x6108, 0x6108, 0x6108, 0x6108, 0x6108, 0x6108, 0x6108, 0x6108, 0x6108, 0x8108, 0x6108, 0x8108, 0x6108, 0x8108, 0x8108,
  0x8108, 0x6108, 0x8108, 0x8108, 0x8108, 0x8108, 0x8108, 0x8108, 0x8108, 0x8108, 0x8108, 0x8108, 0x8108, 0x8108, 0x8108, 0x8108,
  0x8108, 0x8108, 0x8108, 0x8108, 0x8108, 0x8108, 0x8108, 0x8108, 0x8108, 0x8108, 0x8108, 0x8108, 0x8108, 0x8108, 0x8108, 0x8108,
  0x8108, 0x8108, 0x8108, 0x8108, 0x8108, 0x8108, 0x8108, 0x8108, 0x8108, 0x6108, 0x8108, 0x8108, 0x8108, 0x6108, 0x8108, 0x6108,
  0x8108, 0x6108, 0x6108, 0x6108, 0x6108, 0x6108, 0x6108, 0x6108, 0x6108, 0x6108, 0x6108, 0x6108, 0x6108, 0x6108, 0x6108, 0x6108,
  0x6108, 0x6108, 0x6108, 0x6108, 0x6108, 0x6108, 0x6108, 0x6108, 0x6108, 0x6108, 0x6108, 0x6108, 0x6108, 0x6108, 0x6108, 0x6108,
  0x6108, 0x6108, 0x6108, 0x6108, 0x6108, 0x6108, 0x6108, 0x6108, 0x6108, 0x6108, 0x6108, 0x6108, 0x6108, 0x6108, 0x6108, 0x6108,
  0x6108, 0x6108, 0x6108, 0x6108, 0x6108, 0x6108, 0x6108, 0x6108, 0x6108, 0x6108, 0x6108, 0x6108, 0x6108, 0x6108, 0x6108, 0x6108,
  0x6108, 0x6108, 0x6108, 0x6108, 0x6108, 0x6108, 0x6108, 0x6108, 0x6108, 0x6108, 0x6108, 0x6108, 0x6108, 0x6108, 0x8108, 0xC210,
  0xE310, 0x6108, 0x6108, 0x6108, 0xA81B, 0x0209, 0x6108, 0x6108, 0x6108, 0x6108, 0x6108, 0x8108, 0x8108, 0x8108, 0x8108, 0x8108,
  0x8108, 0x8108, 0x8108, 0x8208, 0x8108, 0x8208, 0x8108, 0x8208, 0x8108, 0x8208, 0x8108, 0x8208, 0x8208, 0x8208, 0x8208, 0x8208,
  0x8208, 0x8208, 0x8208, 0xA208, 0x8208, 0xA208, 0x8208, 0xA208, 0xA208, 0xA208, 0xA208, 0xA208, 0xA208, 0xA208, 0xA208, 0xA208,
  0xA208, 0xA208, 0xA208, 0xA208, 0xA208, 0xA208, 0xA208, 0xA208, 0xA208, 0xA208, 0xA208, 0xA208, 0xA208, 0xA208, 0xA208, 0xA208,
  0x8208, 0xA208, 0x8208, 0xA208, 0x8208, 0x8208, 0x8208, 0x8208, 0x8208, 0x8208, 0x8208, 0x8208, 0x8108, 0x8208, 0x8108, 0x8208,
  0x8108, 0x8208, 0x8108, 0x8208, 0x8108, 0x8108, 0x8108, 0x8108, 0x8108, 0x8108, 0x8108, 0x8108, 0x6108, 0x6108, 0x6108, 0x6108,
  0x6108, 0x6108, 0x6108, 0x6108, 0x6108, 0x6108, 0x6108, 0x6108, 0x6108, 0x6108, 0x6108, 0x6108, 0x6108, 0x6108, 0x6108, 0x6108,
  0x6108, 0x6108, 0x6108, 0x6108, 0x6108, 0x6108, 0x6108, 0x6108, 0x6108, 0x6108, 0x6108, 0x6108, 0x6108, 0x6108, 0x6108, 0x6108,
  0x6108, 0x6108, 0x6108, 0x6108, 0x6108, 0x6108, 0x6108, 0x6108, 0x6108, 0x6108, 0x6108, 0x6108, 0x6108, 0x6108, 0x6108, 0x6108,
  0x6108, 0x6108, 0x6108, 0x6108, 0x6108, 0x6108, 0x6108, 0x6108, 0x6108, 0x6108, 0x6108, 0x6108, 0x6108, 0x6108, 0x6108, 0x6108,
  0x6108, 0x6108, 0x6108, 0x6108, 0x6108, 0x6108, 0x6108, 0x6108, 0x6108, 0x6108, 0x6108, 0x6108, 0x6108, 0x6108, 0x6108, 0x8108,
  0x6108, 0x8108, 0x6108, 0x8108, 0x6108, 0x8108, 0x6108, 0x8108, 0x8108, 0x8108, 0x8108, 0x8108, 0x8108, 0x8108, 0x8108, 0x8108,
  0x8108, 0x8108, 0x8108, 0x8108, 0x8108, 0x8108, 0x8108, 0x8108, 0x8108, 0x8208, 0x8108, 0x8208, 0x8108, 0x8208, 0x8108, 0x8208,
  0x8108, 0x8208, 0x8108, 0x8208, 0x8108, 0x8208, 0x8108, 0x8208, 0x8108, 0x8208, 0x8108, 0x8208, 0x8108, 0x8208, 0x8108, 0x8208,
  0x8108, 0x8208, 0x8108, 0x8108, 0x8108, 0x8108, 0x8108, 0x8108, 0x8108, 0x8108, 0x8108, 0x8108, 0x8108, 0x8108, 0x8108, 0x8108,
  0x8108, 0x8108, 0x6108, 0x8108, 0x6108, 0x8108, 0x6108, 0x8108, 0x6108, 0x8108, 0x6108, 0x6108, 0x6108, 0x6108, 0x6108, 0x6108,
  0x6108, 0x6108, 0x6108, 0x6108, 0x6108, 0x6108, 0x6108, 0x6108, 0x6108, 0x6108, 0x6108, 0x6108, 0x6108, 0x6108, 0x6108, 0x6108,
  0x6108, 0x6108, 0x6108, 0x6108, 0x6108, 0x6108, 0x6108, 0x6108, 0x6108, 0x6108, 0x6108, 0x6108, 0x6108, 0x6108, 0x6108, 0x6108,
  0x6108, 0x6108, 0x6108, 0x6108, 0x6108, 0x6108, 0x6108, 0x6108, 0x6108, 0x6108, 0x6108, 0x6108, 0x6108, 0x6108, 0x6108, 0x6108,
  0x6108, 0x6108, 0x6108, 0x6108, 0x6108, 0x6108, 0x6108, 0x6108, 0x6108, 0x6108, 0x6108, 0x6108, 0x6108, 0x6108, 0x6108, 0xE310,
  0xC210, 0x6108, 0x6108, 0x6108, 0xA81B, 0x0209, 0x6108, 0x6108, 0x6108, 0x8108, 0x8108, 0x8108, 0x8108, 0x8108, 0x8108, 0x8108,
  0x8108, 0x8108, 0x8108, 0x8108, 0x8208, 0x8208, 0x8208, 0x8208, 0x8208, 0x8208, 0x8208, 0x8208, 0x8208, 0x8208, 0x8208, 0x8208,
  0xA208, 0xA208, 0xA208, 0xA208, 0xA208, 0xA208, 0xA208, 0xA208, 0xA208, 0xA208, 0xA208, 0xA208, 0xA208, 0xA208, 0xA208, 0xA208,
  0xA208, 0xA208, 0xA208, 0xA208, 0xA208, 0xA208, 0xA208, 0xA208, 0xA208, 0xA208, 0xA208, 0xA208, 0xA208, 0xA208, 0xA208, 0xA208,
  0xA208, 0xA208, 0xA208, 0xA208, 0xA208, 0xA208, 0xA208, 0x8208, 0x8208, 0x8208, 0x8208, 0x8208, 0x8208, 0x8208, 0x8208, 0x8208,
  0x8208, 0x8208, 0x8208, 0x8108, 0x8208, 0x8108, 0x8108, 0x8108, 0x8108, 0x8108, 0x8108, 0x8108, 0x8108, 0x8108, 0x8108, 0x6108,
  0x6108, 0x6108, 0x6108, 0x6108, 0x6108, 0x6108, 0x6108, 0x6108, 0x6108, 0x6108, 0x6108, 0x6108, 0x6108, 0x6108, 0x6108, 0x6108,
  0x6108, 0x6108, 0x6108, 0x6108, 0x6108, 0x6108, 0x6108, 0x6108, 0x6108, 0x6108, 0x6108, 0x6108, 0x6108, 0x6108, 0x6108, 0x6108,
  0x6108, 0x6108, 0x6108, 0x6108, 0x6108, 0x6108, 0x6108, 0x6108, 0x6108, 0x6108, 0x6108, 0x6108, 0x6108, 0x6108, 0x6108, 0x6108,
  0x6108, 0x6108, 0x6108, 0x6108, 0x6108, 0x6108, 0x6108, 0x6108, 0x6108, 0x6108, 0x6108, 0x6108, 0x6108, 0x6108, 0x6108, 0x6108,
  0x6108, 0x6108, 0x6108, 0x6108, 0x6108, 0x6108, 0x6108, 0x6108, 0x8108, 0x6108, 0x8108, 0x8108, 0x8108, 0x8108, 0x8108, 0x8108,
  0x8108, 0x8108, 0x8108, 0x8108, 0x8108, 0x8108, 0x8108, 0x8108, 0x8108, 0x8108, 0x8208, 0x8108, 0x8208, 0x8208, 0x8208, 0x8208,
  0x8208, 0x8208, 0x8208, 0x8208, 0x8208, 0x8208, 0x8208, 0x8208, 0x8208, 0x8208, 0x8208, 0x8208, 0x8208, 0x8208, 0x8208, 0x8208,
  0x8208, 0x8208, 0x8208, 0x8208, 0x8208, 0x8208, 0x8208, 0x8208, 0x8208, 0x8208, 0x8208, 0x8208, 0x8208, 0x8208, 0x8208, 0x8208,
  0x8208, 0x8208, 0x8208, 0x8208, 0x8208, 0x8208, 0x8208, 0x8208, 0x8208, 0x8208, 0x8208, 0x8208, 0x8208, 0x8208, 0x8208, 0x8108,
  0x8208, 0x8108, 0x8108, 0x8108, 0x8108, 0x8108, 0x8108, 0x8108, 0x8108, 0x8108, 0x8108, 0x8108, 0x8108, 0x8108, 0x8108, 0x6108,
  0x8108, 0x6108, 0x8108, 0x6108, 0x6108, 0x6108, 0x6108, 0x6108, 0x6108, 0x6108, 0x6108, 0x6108, 0x6108, 0x6108, 0x6108, 0x6108,
  0x6108, 0x6108, 0x6108, 0x6108, 0x6108, 0x6108, 0x6108, 0x6108, 0x6108, 0x6108, 0x6108, 0x6108, 0x6108, 0x6108, 0x6108, 0x6108,
  0x6108, 0x6108, 0x6108, 0x6108, 0x6108, 0x6108, 0x6108, 0x6108, 0x6108, 0x6108, 0x6108, 0x6108, 0x6108, 0x6108, 0x6108, 0x6108,
  0x6108, 0x6108, 0x6108, 0x6108, 0x6108, 0x6108, 0x6108, 0x6108, 0x6108, 0x6108, 0x6108, 0x6108, 0x6108, 0x6108, 0x6108, 0xC310,
  0xC210, 0x6108, 0x6108, 0x6108, 0xA81B, 0x0209, 0x6108, 0x8108, 0x6108, 0x8108, 0x8108, 0x8108, 0x8108, 0x8108, 0x8108, 0x8208,
  0x8108, 0x8208, 0x8108, 0x8208, 0x8108, 0x8208, 0x8208, 0x8208, 0x8208, 0x8208, 0x8208, 0xA208, 0x8208, 0xA208, 0xA208, 0xA208,
  0xA208, 0xA208, 0xA208, 0xA208, 0xA208, 0xA208, 0xA208, 0xA208, 0xA208, 0xA208, 0xA208, 0xA208, 0xA208, 0xA208, 0xA208, 0xA208,
  0xA208, 0xA208, 0xA208, 0xA208, 0xA208, 0xA208, 0xA208, 0xA208, 0xA208, 0xA208, 0xA208, 0xA208, 0xA208, 0xA208, 0xA208, 0xA208,
  0xA208, 0xA208, 0xA208, 0xA208, 0xA208, 0xA208, 0xA208, 0xA208, 0xA208, 0xA208, 0x8208, 0xA208, 0x8208, 0x8208, 0x8208, 0x8208,
  0x8208, 0x8208, 0x8208, 0x8208, 0x8108, 0x8208, 0x8108, 0x8208, 0x8108, 0x8108, 0x8108, 0x8108, 0x8108, 0x8108, 0x8108, 0x8108,
  0x6108, 0x6108, 0x6108, 0x6108, 0x6108, 0x6108, 0x6108, 0x6108, 0x6108, 0x6108, 0x6108, 0x6108, 0x6108, 0x6108, 0x6108, 0x6108,
  0x6108, 0x6108, 0x6108, 0x6108, 0x6108, 0x6108, 0x6108, 0x6108, 0x6108, 0x6108, 0x6108, 0x6108, 0x6108, 0x6108, 0x6108, 0x6108,
  0x6108, 0x6108, 0x6108, 0x6108, 0x6108, 0x6108, 0x6108, 0x6108, 0x6108, 0x6108, 0x6108, 0x6108, 0x6108, 0x6108, 0x6108, 0x6108,
  0x6108, 0x6108, 0x6108, 0x6108, 0x6108, 0x6108, 0x6108, 0x6108, 0x6108, 0x6108, 0x6108, 0x6108, 0x6108, 0x6108, 0x6108, 0x6108,
  0x6108, 0x8108, 0x6108, 0x8108, 0x6108, 0x8108, 0x8108, 0x8108, 0x6108, 0x8108, 0x8108, 0x8108, 0x8108, 0x8108, 0x8108, 0x8108,
  0x8108, 0x8208, 0x8108, 0x8208, 0x8108, 0x8208, 0x8208, 0x8208, 0x8108, 0x8208, 0x8208, 0x8208, 0x8208, 0x8208, 0x8208, 0x8208,
  0x8208, 0x8208, 0x8208, 0x8208, 0x8208, 0x8208, 0x8208, 0x8208, 0x8208, 0x8208, 0x8208, 0x8208, 0x8208, 0x8208, 0x8208, 0x8208,
  0x8208, 0x8208, 0x8208, 0x8208, 0x8208, 0x8208, 0x8208, 0x8208, 0x8208, 0x8208, 0x8208, 0x8208, 0x8208, 0x8208, 0x8208, 0x8208,
  0x8208, 0x8208, 0x8208, 0x8208, 0x8208, 0x8208, 0x8208, 0x8208, 0x8208, 0x8208, 0x8208, 0x8208, 0x8208, 0x8208, 0x8208, 0x8208,
  0x8208, 0x8208, 0x8208, 0x8208, 0x8108, 0x8208, 0x8208, 0x8208, 0x8108, 0x8208, 0x8108, 0x8108, 0x8108, 0x8108, 0x8108, 0x8108,
  0x8108, 0x8108, 0x8108, 0x8108, 0x6108, 0x8108, 0x6108, 0x8108, 0x6108, 0x6108, 0x6108, 0x6108, 0x6108, 0x6108, 0x6108, 0x6108,
  0x6108, 0x6108, 0x6108, 0x6108, 0x6108, 0x6108, 0x6108, 0x6108, 0x6108, 0x6108, 0x6108, 0x6108, 0x6108, 0x6108, 0x6108, 0x6108,
  0x6108, 0x6108, 0x6108, 0x6108, 0x6108, 0x6108, 0x6108, 0x6108, 0x6108, 0x6108, 0x6108, 0x6108, 0x6108, 0x6108, 0x6108, 0x6108,
  0x6108, 0x6108, 0x6108, 0x6108, 0x6108, 0x6108, 0x6108, 0x6108, 0x6108, 0x6108, 0x6108, 0x6108, 0x6108, 0x6108, 0x6108, 0xC310,
  0xC210, 0x6108, 0x6108, 0x6108, 0xA81B, 0x0209, 0x8108, 0x8108, 0x8108, 0x8108, 0x8108, 0x8108, 0x8108, 0x8108, 0x8208, 0x8208,
  0x8208, 0x8208, 0x8208, 0x8208, 0x8208, 0x8208, 0x8208, 0x8208, 0xA208, 0x8208, 0xA208, 0xA208, 0xA208, 0xA208, 0xA208, 0xA208,
  0xA208, 0xA208, 0xA208, 0xA208, 0xA208, 0xA208, 0xA208, 0xA208, 0xA208, 0xA208, 0xA208, 0xA208, 0xA208, 0xA208, 0xA208, 0xA208,
  0xA208, 0xA208, 0xA208, 0xA208, 0xA208, 0xA208, 0xA208, 0xA208, 0xA208, 0xA208, 0xA208, 0xA208, 0xA208, 0xA208, 0xA208, 0xA208,
  0xA208, 0xA208, 0xA208, 0xA208, 0xA208, 0xA208, 0xA208, 0xA208, 0xA208, 0xA208, 0xA208, 0xA208, 0xA208, 0xA208, 0xA208, 0x8208,
  0x8208, 0x8208, 0x8208, 0x8208, 0x8208, 0x8208, 0x8208, 0x8208, 0x8108, 0x8108, 0x8108, 0x8108, 0x8108, 0x8108, 0x8108, 0x8108,
  0x8108, 0x6108, 0x6108, 0x6108, 0x6108, 0x6108, 0x6108, 0x6108, 0x6108, 0x6108, 0x6108, 0x6108, 0x6108, 0x6108, 0x6108, 0x6108,
  0x6108, 0x6108, 0x6108, 0x6108, 0x6108, 0x6108, 0x6108, 0x6108, 0x6108, 0x6108, 0x6108, 0x6108, 0x6108, 0x6108, 0x6108, 0x6108,
  0x6108, 0x6108, 0x6108, 0x6108, 0x6108, 0x6108, 0x6108, 0x6108, 0x6108, 0x6108, 0x6108, 0x6108, 0x6108, 0x6108, 0x6108, 0x6108,
  0x6108, 0x6108, 0x6108, 0x6108, 0x6108, 0x6108, 0x6108, 0x6108, 0x6108, 0x6108, 0x6108, 0x6108, 0x8108, 0x6108, 0x8108, 0x8108,
  0x8108, 0x8108, 0x8108, 0x8108, 0x8108, 0x8108, 0x8108, 0x8108, 0x8208, 0x8108, 0x8208, 0x8208, 0x8208, 0x8208, 0x8208, 0x8208,
  0x8208, 0x8208, 0x8208, 0x8208, 0x8208, 0x8208, 0x8208, 0x8208, 0x8208, 0x8208, 0x8208, 0x8208, 0x8208, 0x8208, 0x8208, 0x8208,
  0x8208, 0x8208, 0x8208, 0x8208, 0x8208, 0x8208, 0x8208, 0x8208, 0x8208, 0x8208, 0x8208, 0x8208, 0x8208, 0x8208, 0x8208, 0x8208,
  0x8208, 0x8208, 0x8208, 0x8208, 0x8208, 0x8208, 0x8208, 0x8208, 0x8208, 0x8208, 0x8208, 0x8208, 0x8208, 0x8208, 0x8208, 0x8208,
  0x8208, 0x8208, 0x8208, 0x8208, 0x8208, 0x8208, 0x8208, 0x8208, 0x8208, 0x8208, 0x8208, 0x8208, 0x8208, 0x8208, 0x8208, 0x8208,
  0x8208, 0x8208, 0x8208, 0x8208, 0x8208, 0x8208, 0x8208, 0x8208, 0x8208, 0x8208, 0x8208, 0x8208, 0x8208, 0x8208, 0x8208, 0x8208,
  0x8208, 0x8108, 0x8108, 0x8108, 0x8108, 0x8108, 0x8108, 0x8108, 0x8108, 0x8108, 0x8108, 0x8108, 0x8108, 0x6108, 0x8108, 0x6108,
  0x6108, 0x6108, 0x6108, 0x6108, 0x6108, 0x6108, 0x6108, 0x6108, 0x6108, 0x6108, 0x6108, 0x6108, 0x6108, 0x6108, 0x6108, 0x6108,
  0x6108, 0x6108, 0x6108, 0x6108, 0x6108, 0x6108, 0x6108, 0x6108, 0x6108, 0x6108, 0x6108, 0x6108, 0x6108, 0x6108, 0x6108, 0x6108,
  0x6108, 0x6108, 0x6108, 0x6108, 0x6108, 0x6108, 0x6108, 0x6108, 0x6108, 0x6108, 0x6108, 0x6108, 0x6108, 0x6108, 0x6108, 0xC310,
  0xC210, 0x6108, 0x8108, 0x8208, 0xA81B, 0x0309, 0x8108, 0x8108, 0x8108, 0x8108, 0xA208, 0xA208, 0x8108, 0x8208, 0x8108, 0x8208,
  0x8208, 0xA208, 0xA208, 0xA208, 0x8208, 0xA208, 0x8208, 0xA208, 0xA208, 0xA208, 0xA208, 0xA208, 0xA208, 0xA208, 0xA208, 0xA208,
  0xC208, 0xC208, 0xA208, 0xA208, 0xA208, 0xA208, 0xA208, 0xC208, 0xC208, 0xA208, 0xA208, 0xA208, 0xA208, 0xA208, 0xA208, 0xC208,
  0xC208, 0xA208, 0xA208, 0xA208, 0xA208, 0xA208, 0xC208, 0xC208, 0xA208, 0xA208, 0xA208, 0xA208, 0xA208, 0xC208, 0xC208, 0xA208,
  0xA208, 0xA208, 0xA208, 0xA208, 0xA208, 0xC208, 0xA208, 0xA208, 0xA208, 0xA208, 0xA208, 0xA208, 0xA208, 0xA208, 0xA208, 0xA208,
  0x8208, 0xA208, 0x8208, 0xA208, 0xA208, 0xA208, 0x8208, 0x8208, 0x8108, 0x8208, 0x8108, 0xA208, 0x8208, 0x8208, 0x8108, 0x8108,
  0x8108, 0x8108, 0x8208, 0x8208, 0x6108, 0x6108, 0x6108, 0x6108, 0x6108, 0x8108, 0x8208, 0x8108, 0x6108, 0x6108, 0x6108, 0x6108,
  0x8108, 0x8208, 0x8108, 0x6108, 0x6108, 0x6108, 0x6108, 0x6108, 0x8208, 0x8208, 0x6108, 0x6108, 0x6108, 0x6108, 0x6108, 0x8108,
  0x8208, 0x8108, 0x6108, 0x6108, 0x6108, 0x6108, 0x8108, 0x8208, 0x8108, 0x6108, 0x6108, 0x6108, 0x6108, 0x6108, 0x8208, 0x8208,
  0x6108, 0x6108, 0x6108, 0x6108, 0x6108, 0x8108, 0x8208, 0x8108, 0x6108, 0x8108, 0x6108, 0x8108, 0x8108, 0x8208, 0x8208, 0x8108,
  0x8108, 0x8108, 0x8108, 0x8208, 0x8208, 0xA208, 0x8108, 0x8208, 0x8208, 0x8208, 0x8208, 0x8208, 0xA208, 0x8208, 0x8208, 0x8208,
  0x8208, 0x8208, 0x8208, 0xA208, 0x8208, 0x8208, 0x8208, 0x8208, 0x8208, 0x8208, 0xA208, 0xA208, 0x8208, 0x8208, 0x8208, 0x8208,
  0x8208, 0xA208, 0xA208, 0x8208, 0x8208, 0x8208, 0x8208, 0x8208, 0x8208, 0xA208, 0xA208, 0x8208, 0x8208, 0x8208, 0x8208, 0x8208,
  0xA208, 0xA208, 0x8208, 0x8208, 0x8208, 0x8208, 0x8208, 0xA208, 0xA208, 0xA208, 0x8208, 0x8208, 0x8208, 0x8208, 0x8208, 0xA208,
  0xA208, 0x8208, 0x8208, 0x8208, 0x8208, 0x8208, 0xA208, 0xA208, 0x8208, 0x8208, 0x8208, 0x8208, 0x8208, 0xA208, 0xA208, 0x8208,
  0x8208, 0x8208, 0x8208, 0x8208, 0x8208, 0xA208, 0x8208, 0x8208, 0x8208, 0x8208, 0x8208, 0x8208, 0xA208, 0xA208, 0x8208, 0x8208,
  0x8208, 0x8208, 0x8208, 0x8208, 0x8208, 0x8208, 0x8108, 0x8208, 0x8108, 0x8108, 0x8108, 0x8208, 0x8208, 0x8108, 0x6108, 0x8108,
  0x6108, 0x8108, 0x8208, 0x8208, 0x6108, 0x6108, 0x6108, 0x6108, 0x6108, 0x8108, 0x8208, 0x8108, 0x6108, 0x6108, 0x6108, 0x6108,
  0x8108, 0x8208, 0x8108, 0x6108, 0x6108, 0x6108, 0x6108, 0x6108, 0x8208, 0x8208, 0x6108, 0x6108, 0x6108, 0x6108, 0x6108, 0x8108,
  0x8208, 0x8108, 0x6108, 0x6108, 0x6108, 0x6108, 0x8108, 0x8208, 0x8108, 0x6108, 0x6108, 0x6108, 0x6108, 0x6108, 0x8208, 0xE310,
  0xC210, 0x6108, 0x8108, 0xA208, 0xA81B, 0x0309, 0x8108, 0x8108, 0x8108, 0x8108, 0xA208, 0xA208, 0x8208, 0x8208, 0x8208, 0x8208,
  0x8208, 0xA208, 0xA208, 0xA208, 0xA208, 0xA208, 0xA208, 0xA208, 0xA208, 0xC208, 0xA208, 0xA208, 0xA208, 0xA208, 0xA208, 0xA208,
  0xC208, 0xC208, 0xA208, 0xA208, 0xA208, 0xA208, 0xA208, 0xC208, 0xC208, 0xA208, 0xA208, 0xA208, 0xA208, 0xA208, 0xC208, 0xC208,
  0xC208, 0xA208, 0xA208, 0xA208, 0xA208, 0xA208, 0xC208, 0xC208, 0xA208, 0xA208, 0xA208, 0xA208, 0xA208, 0xC208, 0xC208, 0xA208,
  0xA208, 0xA208, 0xA208, 0xA208, 0xA208, 0xC208, 0xC208, 0xA208, 0xA208, 0xA208, 0xA208, 0xA208, 0xC208, 0xC208, 0xA208, 0xA208,
  0xA208, 0xA208, 0xA208, 0xA208, 0xA208, 0xA208, 0x8208, 0x8208, 0x8208, 0x8208, 0x8208, 0xA208, 0xA208, 0x8108, 0x8108, 0x8108,
  0x8108, 0x8108, 0x8208, 0x8208, 0x8108, 0x6108, 0x6108, 0x6108, 0x6108, 0x8208, 0x8208, 0x8108, 0x6108, 0x6108, 0x6108, 0x6108,
  0x8108, 0x8208, 0x8208, 0x6108, 0x6108, 0x6108, 0x6108, 0x6108, 0x8208, 0x8208, 0x6108, 0x6108, 0x6108, 0x6108, 0x6108, 0x8208,
  0x8208, 0x8108, 0x6108, 0x6108, 0x6108, 0x6108, 0x8108, 0x8208, 0x8208, 0x6108, 0x6108, 0x6108, 0x6108, 0x6108, 0x8208, 0x8208,
  0x6108, 0x6108, 0x6108, 0x6108, 0x8108, 0x8208, 0xA208, 0x8208, 0x8108, 0x8108, 0x8108, 0x8108, 0x8208, 0xA208, 0x8208, 0x8208,
  0x8208, 0x8208, 0x8208, 0x8208, 0xA208, 0xA208, 0x8208, 0x8208, 0x8208, 0x8208, 0x8208, 0x8208, 0xA208, 0x8208, 0x8208, 0x8208,
  0x8208, 0x8208, 0x8208, 0xA208, 0xA208, 0x8208, 0x8208, 0x8208, 0x8208, 0x8208, 0xA208, 0xA208, 0x8208, 0x8208, 0x8208, 0x8208,
  0x8208, 0xA208, 0xA208, 0x8208, 0x8208, 0x8208, 0x8208, 0x8208, 0xA208, 0xA208, 0xA208, 0x8208, 0x8208, 0x8208, 0x8208, 0x8208,
  0xA208, 0xA208, 0x8208, 0x8208, 0x8208, 0x8208, 0x8208, 0xA208, 0xA208, 0xA208, 0x8208, 0x8208, 0x8208, 0x8208, 0xA208, 0xA208,
  0xA208, 0x8208, 0x8208, 0x8208, 0x8208, 0x8208, 0xA208, 0xA208, 0x8208, 0x8208, 0x8208, 0x8208, 0x8208, 0xA208, 0xA208, 0x8208,
  0x8208, 0x8208, 0x8208, 0x8208, 0x8208, 0xA208, 0xA208, 0x8208, 0x8208, 0x8208, 0x8208, 0x8208, 0xA208, 0xA208, 0x8208, 0x8208,
  0x8208, 0x8208, 0x8208, 0x8208, 0xA208, 0x8208, 0x8208, 0x8208, 0x8208, 0x8208, 0x8208, 0xA208, 0x8208, 0x8108, 0x8108, 0x8108,
  0x8108, 0x8108, 0x8208, 0x8208, 0x8108, 0x8108, 0x8108, 0x6108, 0x6108, 0x8208, 0x8208, 0x8108, 0x6108, 0x6108, 0x6108, 0x6108,
  0x8108, 0x8208, 0x8208, 0x6108, 0x6108, 0x6108, 0x6108, 0x6108, 0x8208, 0x8208, 0x6108, 0x6108, 0x6108, 0x6108, 0x6108, 0x8208,
  0x8208, 0x8108, 0x6108, 0x6108, 0x6108, 0x6108, 0x8108, 0x8208, 0x8208, 0x6108, 0x6108, 0x6108, 0x6108, 0x6108, 0x8208, 0xE310,
  0xC210, 0x8108, 0x8108, 0x8108, 0xA81B, 0x0309, 0x8108, 0x8208, 0x8108, 0x8208, 0x8108, 0x8208, 0x8108, 0x8208, 0x8208, 0x8208,
  0x8208, 0xA208, 0xA208, 0xA208, 0xA208, 0xA208, 0xA208, 0xA208, 0xA208, 0xA208, 0xA208, 0xA208, 0xA208, 0xA208, 0xA208, 0xA208,
  0xA208, 0xA208, 0xA208, 0xA208, 0xA208, 0xA208, 0xA208, 0xA208, 0xA208, 0xA208, 0xA208, 0xA208, 0xA208, 0xA208, 0xA208, 0xA208,
  0xA208, 0xC208, 0xA208, 0xC208, 0xA208, 0xC208, 0xA208, 0xA208, 0xA208, 0xA208, 0xA208, 0xA208, 0xA208, 0xA208, 0xA208, 0xA208,
  0xA208, 0xA208, 0xA208, 0xA208, 0xA208, 0xA208, 0xA208, 0xA208, 0xA208, 0xA208, 0xA208, 0xA208, 0xA208, 0xA208, 0xA208, 0xA208,
  0xA208, 0xA208, 0xA208, 0xA208, 0x8208, 0xA208, 0x8208, 0x8208, 0x8208, 0x8208, 0x8208, 0x8208, 0x8108, 0x8208, 0x8108, 0x8208,
  0x8108, 0x8108, 0x8108, 0x8108, 0x8108, 0x8108, 0x6108, 0x6108, 0x6108, 0x6108, 0x6108, 0x6108, 0x6108, 0x6108, 0x6108, 0x6108,
  0x6108, 0x6108, 0x6108, 0x6108, 0x6108, 0x6108, 0x6108, 0x6108, 0x6108, 0x6108, 0x6108, 0x6108, 0x6108, 0x6108, 0x6108, 0x6108,
  0x6108, 0x6108, 0x6108, 0x6108, 0x6108, 0x6108, 0x6108, 0x6108, 0x6108, 0x6108, 0x6108, 0x6108, 0x6108, 0x6108, 0x6108, 0x8108,
  0x6108, 0x8108, 0x8108, 0x8108, 0x8108, 0x8108, 0x8108, 0x8108, 0x8108, 0x8208, 0x8108, 0x8208, 0x8108, 0x8208, 0x8208, 0x8208,
  0x8208, 0x8208, 0x8208, 0x8208, 0x8208, 0x8208, 0x8208, 0x8208, 0x8208, 0x8208, 0x8208, 0x8208, 0x8208, 0x8208, 0x8208, 0x8208,
  0x8208, 0x8208, 0x8208, 0x8208, 0x8208, 0x8208, 0x8208, 0x8208, 0x8208, 0x8208, 0x8208, 0x8208, 0x8208, 0x8208, 0x8208, 0x8208,
  0x8208, 0x8208, 0x8208, 0x8208, 0x8208, 0x8208, 0x8208, 0x8208, 0x8208, 0x8208, 0x8208, 0xA208, 0x8208, 0x8208, 0x8208, 0xA208,
  0x8208, 0x8208, 0x8208, 0xA208, 0x8208, 0x8208, 0x8208, 0xA208, 0x8208, 0x8208, 0x8208, 0xA208, 0x8208, 0x8208, 0x8208, 0xA208,
  0x8208, 0x8208, 0x8208, 0x8208, 0x8208, 0x8208, 0x8208, 0x8208, 0x8208, 0x8208, 0x8208, 0x8208, 0x8208, 0x8208, 0x8208, 0x8208,
  0x8208, 0x8208, 0x8208, 0x8208, 0x8208, 0x8208, 0x8208, 0x8208, 0x8208, 0x8208, 0x8208, 0x8208, 0x8208, 0x8208, 0x8208, 0x8208,
  0x8208, 0x8208, 0x8208, 0x8208, 0x8208, 0x8208, 0x8208, 0x8208, 0x8208, 0x8208, 0x8208, 0x8208, 0x8208, 0x8208, 0x8208, 0x8208,
  0x8108, 0x8208, 0x8108, 0x8108, 0x8108, 0x8108, 0x8108, 0x8108, 0x6108, 0x8108, 0x6108, 0x8108, 0x6108, 0x6108, 0x6108, 0x6108,
  0x6108, 0x6108, 0x6108, 0x6108, 0x6108, 0x6108, 0x6108, 0x6108, 0x6108, 0x6108, 0x6108, 0x6108, 0x6108, 0x6108, 0x6108, 0x6108,
  0x6108, 0x6108, 0x6108, 0x6108, 0x6108, 0x6108, 0x6108, 0x6108, 0x6108, 0x6108, 0x6108, 0x6108, 0x6108, 0x6108, 0x6108, 0xC310,
  0xE310, 0x8108, 0x8108, 0x8108, 0xA81B, 0x0309, 0x8208, 0x8108, 0x8208, 0x8208, 0x8208, 0x8208, 0x8208, 0x8208, 0x8208, 0xA208,
  0xA208, 0xA208, 0xA208, 0xA208, 0xA208, 0xA208, 0xA208, 0xA208, 0xA208, 0xA208, 0xA208, 0xA208, 0xA208, 0xA208, 0xA208, 0xA208,
  0xA208, 0xA208, 0xA208, 0xA208, 0xA208, 0xA208, 0xA208, 0xC208, 0xC208, 0xA208, 0xC208, 0xC208, 0xC208, 0xC208, 0xC208, 0xC208,
  0xC208, 0xC208, 0xC208, 0xC208, 0xC208, 0xC208, 0xC208, 0xC208, 0xC208, 0xC208, 0xC208, 0xC208, 0xC208, 0xC208, 0xC208, 0xC208,
  0xA208, 0xA208, 0xA208, 0xA208, 0xA208, 0xA208, 0xA208, 0xA208, 0xA208, 0xA208, 0xA208, 0xA208, 0xA208, 0xA208, 0xA208, 0xA208,
  0xA208, 0xA208, 0xA208, 0xA208, 0xA208, 0xA208, 0xA208, 0xA208, 0xA208, 0x8208, 0x8208, 0x8208, 0x8208, 0x8208, 0x8208, 0x8108,
  0x8108, 0x8108, 0x8108, 0x8108, 0x8108, 0x8108, 0x8108, 0x8108, 0x8108, 0x6108, 0x6108, 0x6108, 0x6108, 0x6108, 0x6108, 0x6108,
  0x6108, 0x6108, 0x6108, 0x6108, 0x6108, 0x6108, 0x6108, 0x6108, 0x6108, 0x6108, 0x6108, 0x6108, 0x6108, 0x6108, 0x6108, 0x6108,
  0x6108, 0x6108, 0x6108, 0x6108, 0x6108, 0x6108, 0x6108, 0x6108, 0x6108, 0x6108, 0x6108, 0x6108, 0x8108, 0x6108, 0x8108, 0x8108,
  0x8108, 0x8108, 0x8108, 0x8108, 0x8208, 0x8108, 0x8208, 0x8208, 0x8208, 0x8208, 0x8208, 0x8208, 0x8208, 0x8208, 0x8208, 0x8208,
  0x8208, 0x8208, 0x8208, 0x8208, 0x8208, 0x8208, 0x8208, 0x8208, 0x8208, 0x8208, 0x8208, 0x8208, 0x8208, 0x8208, 0x8208, 0x8208,
  0x8208, 0x8208, 0x8208, 0x8208, 0x8208, 0x8208, 0x8208, 0x8208, 0x8208, 0x8208, 0x8208, 0x8208, 0x8208, 0x8208, 0x8208, 0x8208,
  0x8208, 0x8208, 0xA208, 0x8208, 0x8208, 0x8208, 0xA208, 0x8208, 0x8208, 0x8208, 0xA208, 0x8208, 0xA208, 0x8208, 0xA208, 0xA208,
  0xA208, 0x8208, 0xA208, 0xA208, 0xA208, 0x8208, 0xA208, 0xA208, 0xA208, 0x8208, 0xA208, 0xA208, 0xA208, 0x8208, 0xA208, 0x8208,
  0xA208, 0x8208, 0xA208, 0x8208, 0x8208, 0x8208, 0xA208, 0x8208, 0x8208, 0x8208, 0x8208, 0x8208, 0x8208, 0x8208, 0x8208, 0x8208,
  0x8208, 0x8208, 0x8208, 0x8208, 0x8208, 0x8208, 0x8208, 0x8208, 0x8208, 0x8208, 0x8208, 0x8208, 0x8208, 0x8208, 0x8208, 0x8208,
  0x8208, 0x8208, 0x8208, 0x8208, 0x8208, 0x8208, 0x8208, 0x8208, 0x8208, 0x8208, 0x8208, 0x8208, 0x8208, 0x8208, 0x8208, 0x8208,
  0x8208, 0x8208, 0x8208, 0x8208, 0x8208, 0x8108, 0x8208, 0x8108, 0x8108, 0x8108, 0x8108, 0x8108, 0x8108, 0x6108, 0x8108, 0x6108,
  0x6108, 0x6108, 0x6108, 0x6108, 0x6108, 0x6108, 0x6108, 0x6108, 0x6108, 0x6108, 0x6108, 0x6108, 0x6108, 0x6108, 0x6108, 0x6108,
  0x6108, 0x6108, 0x6108, 0x6108, 0x6108, 0x6108, 0x6108, 0x6108, 0x6108, 0x6108, 0x6108, 0x6108, 0x6108, 0x6108, 0x6108, 0xC310,
  0xE210, 0x8108, 0x8108, 0x8208, 0x861A, 0xE208, 0x8108, 0x8208, 0x8208, 0x8208, 0x8208, 0x8208, 0x8208, 0xA208, 0x8208, 0xA208,
  0xA208, 0xA208, 0xA208, 0xA208, 0xA208, 0xA208, 0xA208, 0xA208, 0xA208, 0xA208, 0xA208, 0xA208, 0xA208, 0xA208, 0xA208, 0xA208,
  0xA208, 0xA208, 0xA208, 0xC208, 0xA208, 0xC208, 0xC208, 0xC208, 0xC208, 0xC208, 0xC208, 0xC208, 0xC208, 0xC208, 0xC208, 0xC208,
  0xC208, 0xC208, 0xC208, 0xC208, 0xC208, 0xC208, 0xC208, 0xC208, 0xC208, 0xC208, 0xC208, 0xC208, 0xC208, 0xC208, 0xC208, 0xC208,
  0xC208, 0xC208, 0xA208, 0xC208, 0xA208, 0xA208, 0xA208, 0xA208, 0xA208, 0xA208, 0xA208, 0xA208, 0xA208, 0xA208, 0xA208, 0xA208,
  0xA208, 0xA208, 0xA208, 0xA208, 0xA208, 0xA208, 0xA208, 0xA208, 0xA208, 0xA208, 0x8208, 0x8208, 0x8208, 0x8208, 0x8108, 0x8208,
  0x8108, 0x8208, 0x8108, 0x8208, 0x8108, 0x8108, 0x8108, 0x8108, 0x8108, 0x8108, 0x6108, 0x6108, 0x6108, 0x6108, 0x6108, 0x6108,
  0x6108, 0x6108, 0x6108, 0x6108, 0x6108, 0x6108, 0x6108, 0x6108, 0x6108, 0x6108, 0x6108, 0x6108, 0x6108, 0x6108, 0x6108, 0x6108,
  0x6108, 0x6108, 0x6108, 0x6108, 0x6108, 0x6108, 0x6108, 0x8108, 0x6108, 0x8108, 0x6108, 0x8108, 0x8108, 0x8108, 0x8108, 0x8108,
  0x8108, 0x8208, 0x8108, 0x8208, 0x8208, 0x8208, 0x8208, 0x8208, 0x8208, 0x8208, 0x8208, 0x8208, 0x8208, 0x8208, 0x8208, 0x8208,
  0x8208, 0x8208, 0x8208, 0x8208, 0x8208, 0x8208, 0x8208, 0x8208, 0x8208, 0x8208, 0x8208, 0x8208, 0x8208, 0x8208, 0x8208, 0x8208,
  0x8208, 0x8208, 0x8208, 0x8208, 0x8208, 0xA208, 0x8208, 0xA208, 0x8208, 0xA208, 0x8208, 0xA208, 0x8208, 0xA208, 0x8208, 0xA208,
  0x8208, 0xA208, 0x8208, 0xA208, 0x8208, 0xA208, 0x8208, 0xA208, 0xA208, 0xA208, 0xA208, 0xA208, 0xA208, 0xA208, 0xA208, 0xA208,
  0xA208, 0xA208, 0xA208, 0xA208, 0xA208, 0xA208, 0xA208, 0xA208, 0xA208, 0xA208, 0xA208, 0xA208, 0xA208, 0xA208, 0xA208, 0xA208,
  0xA208, 0xA208, 0x8208, 0xA208, 0x8208, 0xA208, 0x8208, 0xA208, 0x8208, 0xA208, 0x8208, 0xA208, 0x8208, 0xA208, 0x8208, 0xA208,
  0x8208, 0xA208, 0x8208, 0xA208, 0x8208, 0xA208, 0x8208, 0x8208, 0x8208, 0x8208, 0x8208, 0x8208, 0x8208, 0x8208, 0x8208, 0x8208,
  0x8208, 0x8208, 0x8208, 0x8208, 0x8208, 0x8208, 0x8208, 0x8208, 0x8208, 0x8208, 0x8208, 0x8208, 0x8208, 0x8208, 0x8208, 0x8208,
  0x8208, 0x8208, 0x8208, 0x8208, 0x8208, 0x8208, 0x8208, 0x8208, 0x8108, 0x8208, 0x8108, 0x8108, 0x8108, 0x8108, 0x8108, 0x8108,
  0x6108, 0x8108, 0x6108, 0x6108, 0x6108, 0x6108, 0x6108, 0x6108, 0x6108, 0x6108, 0x6108, 0x6108, 0x6108, 0x6108, 0x6108, 0x6108,
  0x6108, 0x6108, 0x6108, 0x6108, 0x6108, 0x6108, 0x6108, 0x6108, 0x6108, 0x6108, 0x6108, 0x6108, 0x6108, 0x6108, 0x6108, 0xC310,
  0xE310, 0x8108, 0x8108, 0x8108, 0x8208, 0x8208, 0x8208, 0x8208, 0x8208, 0x8208, 0x8208, 0x8208, 0xA208, 0xA208, 0xA208, 0xA208,
  0xA208, 0xA208, 0xA208, 0xA208, 0xA208, 0xA208, 0xA208, 0xA208, 0xA208, 0xA208, 0xA208, 0xA208, 0xA208, 0xA208, 0xA208, 0xA208,
  0xC208, 0xC208, 0xC208, 0xC208, 0xC208, 0xC208, 0xC208, 0xC208, 0xC208, 0xC208, 0xC208, 0xC208, 0xC208, 0xC208, 0xC208, 0xC208,
  0xC208, 0xC208, 0xC208, 0xC208, 0xC208, 0xC208, 0xC208, 0xC208, 0xC208, 0xC208, 0xC208, 0xC208, 0xC208, 0xC208, 0xC208, 0xC208,
  0xC208, 0xC208, 0xC208, 0xC208, 0xC208, 0xC208, 0xC208, 0xC208, 0xC208, 0xA208, 0xA208, 0xA208, 0xA208, 0xA208, 0xA208, 0xA208,
  0xA208, 0xA208, 0xA208, 0xA208, 0xA208, 0xA208, 0xA208, 0xA208, 0xA208, 0xA208, 0xA208, 0xA208, 0x8208, 0x8208, 0x8208, 0x8208,
  0x8208, 0x8208, 0x8208, 0x8108, 0x8108, 0x8108, 0x8108, 0x8108, 0x8108, 0x8108, 0x8108, 0x6108, 0x6108, 0x6108, 0x6108, 0x6108,
  0x6108, 0x6108, 0x6108, 0x6108, 0x6108, 0x6108, 0x6108, 0x6108, 0x6108, 0x6108, 0x6108, 0x6108, 0x6108, 0x6108, 0x6108, 0x6108,
  0x6108, 0x6108, 0x6108, 0x6108, 0x8108, 0x6108, 0x8108, 0x8108, 0x8108, 0x8108, 0x8108, 0x8108, 0x8208, 0x8208, 0x8208, 0x8208,
  0x8208, 0x8208, 0x8208, 0x8208, 0x8208, 0x8208, 0x8208, 0x8208, 0x8208, 0x8208, 0x8208, 0x8208, 0x8208, 0x8208, 0x8208, 0x8208,
  0x8208, 0x8208, 0x8208, 0x8208, 0x8208, 0x8208, 0x8208, 0x8208, 0x8208, 0x8208, 0x8208, 0x8208, 0x8208, 0x8208, 0x8208, 0x8208,
  0x8208, 0x8208, 0xA208, 0x8208, 0xA208, 0xA208, 0xA208, 0xA208, 0xA208, 0xA208, 0xA208, 0xA208, 0xA208, 0xA208, 0xA208, 0xA208,
  0xA208, 0xA208, 0xA208, 0xA208, 0xA208, 0xA208, 0xA208, 0xA208, 0xA208, 0xA208, 0xA208, 0xA208, 0xA208, 0xA208, 0xA208, 0xA208,
  0xA208, 0xA208, 0xA208, 0xA208, 0xA208, 0xA208, 0xA208, 0xA208, 0xA208, 0xA208, 0xA208, 0xA208, 0xA208, 0xA208, 0xA208, 0xA208,
  0xA208, 0xA208, 0xA208, 0xA208, 0xA208, 0xA208, 0xA208, 0xA208, 0xA208, 0xA208, 0xA208, 0xA208, 0xA208, 0xA208, 0xA208, 0xA208,
  0xA208, 0xA208, 0xA208, 0xA208, 0xA208, 0x8208, 0xA208, 0x8208, 0xA208, 0x8208, 0x8208, 0x8208, 0x8208, 0x8208, 0x8208, 0x8208,
  0x8208, 0x8208, 0x8208, 0x8208, 0x8208, 0x8208, 0x8208, 0x8208, 0x8208, 0x8208, 0x8208, 0x8208, 0x8208, 0x8208, 0x8208, 0x8208,
  0x8208, 0x8208, 0x8208, 0x8208, 0x8208, 0x8208, 0x8208, 0x8208, 0x8208, 0x8208, 0x8208, 0x8208, 0x8208, 0x8208, 0x8108, 0x8108,
  0x8108, 0x8108, 0x8108, 0x8108, 0x8108, 0x6108, 0x8108, 0x6108, 0x6108, 0x6108, 0x6108, 0x6108, 0x6108, 0x6108, 0x6108, 0x6108,
  0x6108, 0x6108, 0x6108, 0x6108, 0x6108, 0x6108, 0x6108, 0x6108, 0x6108, 0x6108, 0x6108, 0x6108, 0x6108, 0x6108, 0x6108, 0xC310,
  0xE310, 0x8208, 0x8108, 0x8208, 0x8108, 0x8208, 0x8208, 0x8208, 0x8208, 0xA208, 0x8208, 0xA208, 0xA208, 0xA208, 0xA208, 0xA208,
  0xA208, 0xA208, 0xA208, 0xA208, 0xA208, 0xA208, 0xA208, 0xA208, 0xA208, 0xA208, 0xA208, 0xA208, 0xA208, 0xC208, 0xC208, 0xC208,
  0xC208, 0xC208, 0xC208, 0xC208, 0xC208, 0xC208, 0xC208, 0xC208, 0xC208, 0xC208, 0xC208, 0xC208, 0xC208, 0xC208, 0xC208, 0xC208,
  0xC208, 0xC208, 0xC208, 0xC208, 0xC208, 0xC208, 0xC208, 0xC208, 0xC208, 0xC208, 0xC208, 0xC208, 0xC208, 0xC208, 0xC208, 0xC208,
  0xC208, 0xC208, 0xC208, 0xC208, 0xC208, 0xC208, 0xC208, 0xC208, 0xC208, 0xC208, 0xA208, 0xC208, 0xA208, 0xA208, 0xA208, 0xA208,
  0xA208, 0xA208, 0xA208, 0xA208, 0xA208, 0xA208, 0xA208, 0xA208, 0xA208, 0xA208, 0xA208, 0xA208, 0x8208, 0xA208, 0x8208, 0x8208,
  0x8208, 0x8208, 0x8108, 0x8208, 0x8108, 0x8208, 0x8108, 0x8208, 0x8108, 0x8108, 0x8108, 0x8108, 0x6108, 0x6108, 0x6108, 0x6108,
  0x6108, 0x6108, 0x6108, 0x6108, 0x6108, 0x6108, 0x6108, 0x6108, 0x6108, 0x6108, 0x6108, 0x6108, 0x6108, 0x6108, 0x6108, 0x6108,
  0x6108, 0x8108, 0x6108, 0x8108, 0x6108, 0x8108, 0x8108, 0x8108, 0x8108, 0x8208, 0x8108, 0x8208, 0x8108, 0x8208, 0x8208, 0x8208,
  0x8208, 0x8208, 0x8208, 0x8208, 0x8208, 0x8208, 0x8208, 0x8208, 0x8208, 0x8208, 0x8208, 0x8208, 0x8208, 0x8208, 0x8208, 0x8208,
  0x8208, 0x8208, 0x8208, 0x8208, 0x8208, 0x8208, 0x8208, 0xA208, 0x8208, 0xA208, 0x8208, 0xA208, 0x8208, 0xA208, 0x8208, 0xA208,
  0x8208, 0xA208, 0xA208, 0xA208, 0xA208, 0xA208, 0xA208, 0xA208, 0xA208, 0xA208, 0xA208, 0xA208, 0xA208, 0xA208, 0xA208, 0xA208,
  0xA208, 0xA208, 0xA208, 0xA208, 0xA208, 0xA208, 0xA208, 0xA208, 0xA208, 0xA208, 0xA208, 0xA208, 0xA208, 0xA208, 0xA208, 0xA208,
  0xA208, 0xA208, 0xA208, 0xA208, 0xA208, 0xA208, 0xA208, 0xA208, 0xA208, 0xA208, 0xA208, 0xA208, 0xA208, 0xA208, 0xA208, 0xA208,
  0xA208, 0xA208, 0xA208, 0xA208, 0xA208, 0xA208, 0xA208, 0xA208, 0xA208, 0xA208, 0xA208, 0xA208, 0xA208, 0xA208, 0xA208, 0xA208,
  0xA208, 0xA208, 0xA208, 0xA208, 0xA208, 0xA208, 0xA208, 0xA208, 0x8208, 0xA208, 0x8208, 0xA208, 0x8208, 0xA208, 0x8208, 0xA208,
  0x8208, 0x8208, 0x8208, 0xA208, 0x8208, 0x8208, 0x8208, 0x8208, 0x8208, 0x8208, 0x8208, 0x8208, 0x8208, 0x8208, 0x8208, 0x8208,
  0x8208, 0x8208, 0x8208, 0x8208, 0x8208, 0x8208, 0x8208, 0x8208, 0x8208, 0x8208, 0x8208, 0x8208, 0x8208, 0x8208, 0x8208, 0x8208,
  0x8108, 0x8208, 0x8108, 0x8108, 0x8108, 0x8108, 0x8108, 0x8108, 0x6108, 0x8108, 0x6108, 0x6108, 0x6108, 0x6108, 0x6108, 0x6108,
  0x6108, 0x6108, 0x6108, 0x6108, 0x6108, 0x6108, 0x6108, 0x6108, 0x6108, 0x6108, 0x6108, 0x6108, 0x6108, 0x6108, 0x6108, 0xC310,
  0xE310, 0x8108, 0x8208, 0xA208, 0xA208, 0x8208, 0x8208, 0x8208, 0xA208, 0xA208, 0xA208, 0xA208, 0xA208, 0xA208, 0xA208, 0xA208,
  0xA208, 0xA208, 0xC208, 0xA208, 0xA208, 0xA208, 0xA208, 0xA208, 0xA208, 0xC208, 0xC208, 0xC208, 0xC208, 0xC208, 0xC208, 0xC208,
  0xC208, 0xC208, 0xC208, 0xC208, 0xC208, 0xC208, 0xC208, 0xC208, 0xE208, 0xC208, 0xC208, 0xC208, 0xC208, 0xC208, 0xC208, 0xE208,
  0xC208, 0xC208, 0xC208, 0xC208, 0xC208, 0xC208, 0xE208, 0xE208, 0xC208, 0xC208, 0xC208, 0xC208, 0xC208, 0xC208, 0xE208, 0xC208,
  0xC208, 0xC208, 0xC208, 0xC208, 0xC208, 0xC208, 0xC208, 0xC208, 0xC208, 0xC208, 0xC208, 0xC208, 0xC208, 0xC208, 0xA208, 0xA208,
  0xA208, 0xA208, 0xA208, 0xA208, 0xC208, 0xA208, 0xA208, 0xA208, 0xA208, 0xA208, 0xA208, 0xA208, 0xA208, 0xA208, 0xA208, 0x8208,
  0x8208, 0x8208, 0xA208, 0xA208, 0x8208, 0x8108, 0x8208, 0x8108, 0x8108, 0x8208, 0x8208, 0x8108, 0x8108, 0x6108, 0x6108, 0x6108,
  0x6108, 0x8108, 0x8108, 0x6108, 0x6108, 0x6108, 0x6108, 0x6108, 0x8108, 0x8108, 0x6108, 0x6108, 0x6108, 0x6108, 0x8108, 0x8208,
  0x8208, 0x8108, 0x8108, 0x8108, 0x8108, 0x8108, 0x8208, 0x8208, 0x8208, 0x8208, 0x8208, 0x8208, 0x8208, 0x8208, 0x8208, 0x8208,
  0x8208, 0x8208, 0x8208, 0x8208, 0x8208, 0x8208, 0xA208, 0x8208, 0x8208, 0x8208, 0x8208, 0x8208, 0x8208, 0xA208, 0xA208, 0x8208,
  0x8208, 0x8208, 0x8208, 0x8208, 0xA208, 0xA208, 0xA208, 0xA208, 0xA208, 0x8208, 0xA208, 0xA208, 0xA208, 0xA208, 0xA208, 0xA208,
  0xA208, 0xA208, 0xA208, 0xA208, 0xA208, 0xA208, 0xA208, 0xA208, 0xA208, 0xA208, 0xA208, 0xA208, 0xA208, 0xA208, 0xA208, 0xA208,
  0xA208, 0xA208, 0xA208, 0xA208, 0xA208, 0xA208, 0xA208, 0xA208, 0xA208, 0xA208, 0xA208, 0xA208, 0xA208, 0xA208, 0xA208, 0xA208,
  0xA208, 0xA208, 0xA208, 0xA208, 0xA208, 0xA208, 0xA208, 0xA208, 0xA208, 0xA208, 0xA208, 0xA208, 0xA208, 0xA208, 0xA208, 0xA208,
  0xA208, 0xA208, 0xA208, 0xA208, 0xA208, 0xA208, 0xA208, 0xA208, 0xA208, 0xA208, 0xA208, 0xA208, 0xA208, 0xA208, 0xA208, 0xA208,
  0xA208, 0xA208, 0xA208, 0xA208, 0xA208, 0xA208, 0xA208, 0xA208, 0xA208, 0xA208, 0xA208, 0xA208, 0xA208, 0xA208, 0xA208, 0xA208,
  0xA208, 0x8208, 0xA208, 0xA208, 0xA208, 0x8208, 0x8208, 0x8208, 0x8208, 0x8208, 0x8208, 0xA208, 0xA208, 0x8208, 0x8208, 0x8208,
  0x8208, 0x8208, 0xA208, 0xA208, 0x8208, 0x8208, 0x8208, 0x8208, 0x8208, 0x8208, 0xA208, 0x8208, 0x8208, 0x8208, 0x8208, 0x8208,
  0x8208, 0x8208, 0x8208, 0x8208, 0x8208, 0x8108, 0x8108, 0x8108, 0x8208, 0x8208, 0x8108, 0x8108, 0x6108, 0x6108, 0x6108, 0x8108,
  0x8108, 0x6108, 0x6108, 0x6108, 0x6108, 0x6108, 0x6108, 0x8108, 0x8108, 0x6108, 0x6108, 0x6108, 0x6108, 0x6108, 0x8108, 0xE310,
  0xE310, 0x8208, 0x8208, 0xA208, 0xA208, 0x8208, 0x8208, 0xA208, 0xA208, 0xA208, 0xA208, 0xC208, 0xA208, 0xA208, 0xA208, 0xA208,
  0xA208, 0xC208, 0xC208, 0xC208, 0xA208, 0xA208, 0xA208, 0xC208, 0xC208, 0xC208, 0xC208, 0xC208, 0xC208, 0xC208, 0xC208, 0xC208,
  0xE208, 0xE208, 0xC208, 0xC208, 0xC208, 0xC208, 0xC208, 0xE208, 0xE208, 0xC208, 0xC208, 0xC208, 0xC208, 0xC208, 0xC208, 0xE208,
  0xE208, 0xC208, 0xC208, 0xC208, 0xC208, 0xC208, 0xE208, 0xE208, 0xC208, 0xC208, 0xC208, 0xC208, 0xC208, 0xE208, 0xE208, 0xC208,
  0xC208, 0xC208, 0xC208, 0xC208, 0xC208, 0xE208, 0xC208, 0xC208, 0xC208, 0xC208, 0xC208, 0xC208, 0xC208, 0xC208, 0xC208, 0xC208,
  0xA208, 0xA208, 0xA208, 0xC208, 0xC208, 0xA208, 0xA208, 0xA208, 0xA208, 0xA208, 0xA208, 0xC208, 0xA208, 0xA208, 0xA208, 0xA208,
  0x8208, 0x8208, 0xA208, 0xA208, 0x8208, 0x8208, 0x8108, 0x8208, 0x8108, 0x8208, 0x8208, 0x8208, 0x8108, 0x8108, 0x6108, 0x6108,
  0x8108, 0x8208, 0x8108, 0x6108, 0x6108, 0x6108, 0x6108, 0x6108, 0x8208, 0x8208, 0x6108, 0x8108, 0x6108, 0x8108, 0x6108, 0x8208,
  0x8208, 0x8208, 0x8108, 0x8208, 0x8108, 0x8208, 0x8208, 0xA208, 0x8208, 0x8208, 0x8208, 0x8208, 0x8208, 0x8208, 0xA208, 0xA208,
  0x8208, 0x8208, 0x8208, 0x8208, 0x8208, 0xA208, 0xA208, 0xA208, 0x8208, 0x8208, 0x8208, 0x8208, 0xA208, 0xA208, 0xA208, 0xA208,
  0x8208, 0xA208, 0x8208, 0xA208, 0xA208, 0xA208, 0x8208, 0xA208, 0xA208, 0xA208, 0xA208, 0xA208, 0xA208, 0xA208, 0xA208, 0xA208,
  0xA208, 0xA208, 0xA208, 0xC208, 0xA208, 0xA208, 0xA208, 0xA208, 0xA208, 0xA208, 0xC208, 0xC208, 0xA208, 0xA208, 0xA208, 0xA208,
  0xA208, 0xC208, 0xC208, 0xA208, 0xA208, 0xA208, 0xA208, 0xA208, 0xA208, 0xC308, 0xA208, 0xA208, 0xA208, 0xA208, 0xA208, 0xA208,
  0xC208, 0xC308, 0xA208, 0xA208, 0xA208, 0xA208, 0xA208, 0xC208, 0xC208, 0xA208, 0xA208, 0xA208, 0xA208, 0xA208, 0xA208, 0xC308,
  0xA208, 0xA208, 0xA208, 0xA208, 0xA208, 0xA208, 0xC208, 0xC208, 0xA208, 0xA208, 0xA208, 0xA208, 0xA208, 0xC208, 0xC208, 0xA208,
  0xA208, 0xA208, 0xA208, 0xA208, 0xA208, 0xC208, 0xA208, 0xA208, 0xA208, 0xA208, 0xA208, 0xA208, 0xA208, 0xC208, 0xA208, 0xA208,
  0xA208, 0xA208, 0xA208, 0xA208, 0xA208, 0xA208, 0x8208, 0xA208, 0x8208, 0xA208, 0xA208, 0xA208, 0xA208, 0x8208, 0x8208, 0x8208,
  0x8208, 0x8208, 0xA208, 0xA208, 0x8208, 0x8208, 0x8208, 0x8208, 0x8208, 0xA208, 0xA208, 0x8208, 0x8208, 0x8208, 0x8208, 0x8208,
  0x8208, 0xA208, 0x8208, 0x8208, 0x8208, 0x8208, 0x8108, 0x8208, 0x8208, 0x8208, 0x8108, 0x8108, 0x6108, 0x8108, 0x6108, 0x8108,
  0x8208, 0x8108, 0x6108, 0x6108, 0x6108, 0x6108, 0x8108, 0x8208, 0x8108, 0x6108, 0x6108, 0x6108, 0x6108, 0x6108, 0x8208, 0xE310,
  0xE310, 0x8208, 0x8208, 0xA208, 0xA208, 0xA208, 0xA208, 0xA208, 0xA208, 0xA208, 0xA208, 0xA208, 0xA208, 0xA208, 0xA208, 0xA208,
  0xA208, 0xC208, 0xC208, 0xC208, 0xC208, 0xC208, 0xC208, 0xC208, 0xC208, 0xC208, 0xC208, 0xC208, 0xC208, 0xC208, 0xC208, 0xC208,
  0xC208, 0xC208, 0xC208, 0xC208, 0xC208, 0xC208, 0xC208, 0xC208, 0xE208, 0xC208, 0xC208, 0xC208, 0xC208, 0xC208, 0xC208, 0xE208,
  0xE208, 0xC208, 0xC208, 0xC208, 0xC208, 0xC208, 0xE208, 0xE208, 0xC208, 0xC208, 0xC208, 0xC208, 0xC208, 0xE208, 0xE208, 0xE208,
  0xE208, 0xC208, 0xC208, 0xC208, 0xC208, 0xE208, 0xE208, 0xC208, 0xC208, 0xC208, 0xC208, 0xC208, 0xC208, 0xC208, 0xC208, 0xC208,
  0xC208, 0xC208, 0xC208, 0xC208, 0xC208, 0xA208, 0xA208, 0xA208, 0xA208, 0xA208, 0xA208, 0xA208, 0xA208, 0xA208, 0xA208, 0xA208,
  0xA208, 0xA208, 0xA208, 0xA208, 0x8208, 0x8208, 0x8208, 0x8108, 0x8208, 0x8108, 0x8208, 0x8108, 0x8108, 0x8108, 0x8108, 0x6108,
  0x6108, 0x8108, 0x8108, 0x6108, 0x6108, 0x6108, 0x6108, 0x6108, 0x8108, 0x8108, 0x8108, 0x8108, 0x8108, 0x8108, 0x8108, 0x8108,
  0x8208, 0x8208, 0x8208, 0x8208, 0x8208, 0x8208, 0x8208, 0x8208, 0x8208, 0x8208, 0x8208, 0x8208, 0x8208, 0x8208, 0x8208, 0x8208,
  0x8208, 0x8208, 0x8208, 0x8208, 0x8208, 0xA208, 0xA208, 0x8208, 0x8208, 0x8208, 0x8208, 0x8208, 0xA208, 0xA208, 0xA208, 0x8208,
  0xA208, 0xA208, 0xA208, 0xA208, 0xA208, 0xA208, 0xA208, 0xA208, 0xA208, 0xA208, 0xA208, 0xA208, 0xA208, 0xA208, 0xA208, 0xA208,
  0xA208, 0xA208, 0xA208, 0xA208, 0xA208, 0xA208, 0xA208, 0xA208, 0xA208, 0xA208, 0xA208, 0xA208, 0xA208, 0xA208, 0xA208, 0xA208,
  0xA208, 0xA208, 0xA208, 0xA208, 0xA208, 0xA208, 0xA208, 0xA208, 0xA208, 0xA208, 0xA208, 0xA208, 0xA208, 0xA208, 0xA208, 0xA208,
  0xA208, 0xA208, 0xA208, 0xA208, 0xA208, 0xA208, 0xA208, 0xA208, 0xA208, 0xA208, 0xA208, 0xA208, 0xA208, 0xA208, 0xA208, 0xA208,
  0xA208, 0xA208, 0xA208, 0xA208, 0xA208, 0xA208, 0xA208, 0xA208, 0xA208, 0xA208, 0xA208, 0xA208, 0xA208, 0xA208, 0xA208, 0xA208,
  0xA208, 0xA208, 0xA208, 0xA208, 0xA208, 0xA208, 0xA208, 0xA208, 0xA208, 0xA208, 0xA208, 0xA208, 0xA208, 0xA208, 0xA208, 0xA208,
  0xA208, 0xA208, 0xA208, 0xA208, 0xA208, 0xA208, 0xA208, 0xA208, 0xA208, 0xA208, 0xA208, 0xA208, 0xA208, 0x8208, 0x8208, 0x8208,
  0x8208, 0x8208, 0xA208, 0xA208, 0x8208, 0x8208, 0x8208, 0x8208, 0x8208, 0x8208, 0x8208, 0x8208, 0x8208, 0x8208, 0x8208, 0x8208,
  0x8208, 0x8208, 0x8208, 0x8208, 0x8208, 0x8208, 0x8208, 0x8208, 0x8208, 0x8208, 0x8208, 0x8108, 0x8108, 0x8108, 0x8108, 0x8108,
  0x8208, 0x6108, 0x6108, 0x6108, 0x6108, 0x6108, 0x6108, 0x8108, 0x8108, 0x6108, 0x6108, 0x6108, 0x6108, 0x6108, 0x8108, 0xE310,
  0xE310, 0x8208, 0x8208, 0x8208, 0x8208, 0xA208, 0xA208, 0xA208, 0xA208, 0xA208, 0xA208, 0xA208, 0xA208, 0xA208, 0xA208, 0xC208,
  0xA208, 0xC208, 0xE208, 0xE208, 0xE208, 0xE208, 0xC208, 0xC208, 0xC208, 0xC208, 0xC208, 0xC208, 0xC208, 0xC208, 0xC208, 0xC208,
  0xC208, 0xC208, 0xC208, 0xC208, 0xC208, 0xC208, 0xC208, 0xC208, 0xC208, 0xC208, 0xC208, 0xE208, 0xC208, 0xE208, 0xC208, 0xE208,
  0xC208, 0xE208, 0xE208, 0xE208, 0xC208, 0xE208, 0xE208, 0xE208, 0xC208, 0xE208, 0xC208, 0xE208, 0x0309, 0x0309, 0x0309, 0x2309,
  0x0309, 0x0309, 0x0309, 0x0309, 0xE308, 0xE308, 0xE308, 0xE308, 0xE308, 0xE308, 0xE308, 0xE308, 0xE308, 0xE308, 0xE308, 0xE308,
  0xE308, 0xE308, 0xE208, 0xE208, 0xC208, 0xC208, 0xC208, 0xC208, 0xA208, 0xA208, 0xA208, 0xA208, 0xA208, 0xA208, 0xA208, 0xA208,
  0xA208, 0xA208, 0xA208, 0x8208, 0x8208, 0x8208, 0x8208, 0x8208, 0x8108, 0x8208, 0x8108, 0x8208, 0x8108, 0x8108, 0x8108, 0x8108,
  0x6108, 0x6108, 0x6108, 0x6108, 0x6108, 0x6108, 0x6108, 0x8108, 0x6108, 0x8108, 0x8108, 0x8108, 0x8108, 0x8108, 0x8108, 0x8208,
  0x8108, 0x8208, 0x8208, 0x8208, 0x8208, 0x8208, 0x8208, 0x8208, 0x8208, 0x8208, 0x8208, 0x8208, 0x8208, 0x8208, 0x8208, 0x8208,
  0x8208, 0x8208, 0x8208, 0x8208, 0x8208, 0x8208, 0x8208, 0xA208, 0x8208, 0xA208, 0x8208, 0xA208, 0x8208, 0xA208, 0xA208, 0xA208,
  0xA208, 0xA208, 0xA208, 0xA208, 0xA208, 0xA208, 0xA208, 0xA208, 0xA208, 0xA208, 0xA208, 0xA208, 0xA208, 0xA208, 0xA208, 0xA208,
  0xA208, 0xA208, 0xA208, 0xA208, 0xA208, 0xA208, 0xA208, 0xA208, 0xA208, 0xA208, 0xA208, 0xA208, 0xA208, 0xA208, 0xA208, 0xA208,
  0xA208, 0xA208, 0xA208, 0xA208, 0xA208, 0xA208, 0xA208, 0xA208, 0xA208, 0xA208, 0xA208, 0xA208, 0xA208, 0xA208, 0xA208, 0xA208,
  0xA208, 0xA208, 0xA208, 0xA208, 0xA208, 0xA208, 0xA208, 0xA208, 0xA208, 0xA208, 0xA208, 0xA208, 0xA208, 0xA208, 0xA208, 0xA208,
  0xA208, 0xA208, 0xA208, 0xA208, 0xA208, 0xA208, 0xA208, 0xA208, 0xA208, 0xA208, 0xA208, 0xA208, 0xA208, 0xA208, 0xA208, 0xA208,
  0xA208, 0xA208, 0xA208, 0xA208, 0xA208, 0xA208, 0xA208, 0xA208, 0xA208, 0xA208, 0xA208, 0xA208, 0xA208, 0xA208, 0xA208, 0xA208,
  0xA208, 0xA208, 0xA208, 0xA208, 0xA208, 0xA208, 0xA208, 0xA208, 0xA208, 0xA208, 0xA208, 0xA208, 0x8208, 0xA208, 0x8208, 0xA208,
  0x8208, 0xA208, 0x8208, 0xA208, 0x8208, 0x8208, 0x8208, 0x8208, 0x8208, 0x8208, 0x8208, 0x8208, 0x8208, 0x8208, 0x8208, 0x8208,
  0x8208, 0x8208, 0x8208, 0x8208, 0x8208, 0x8208, 0x8208, 0x8208, 0x8208, 0x8208, 0x8208, 0x8208, 0x8108, 0x8108, 0x8108, 0x8108,
  0x6108, 0x8108, 0x6108, 0x8108, 0x6108, 0x6108, 0x6108, 0x6108, 0x6108, 0x6108, 0x6108, 0x6108, 0x6108, 0x6108, 0x6108, 0xC310,
  0xE310, 0x8208, 0x8208, 0xA208, 0xA208, 0xA208, 0xA208, 0xA208, 0xA208, 0xA208, 0xA208, 0xA208, 0xA208, 0xA208, 0xC208, 0xC208,
  0xE208, 0x0309, 0x2309, 0x4309, 0x4309, 0x2309, 0x2309, 0x0209, 0xE208, 0xC208, 0xC208, 0xC208, 0xC208, 0xC208, 0xC208, 0xC208,
  0xC208, 0xC208, 0xC208, 0xC208, 0xC208, 0xC208, 0xE208, 0xE208, 0xE208, 0xE208, 0xE208, 0xE208, 0xE208, 0xE208, 0xE208, 0xE208,
  0xE208, 0xE208, 0xE208, 0xE208, 0xE208, 0xE208, 0xE208, 0xE208, 0xE208, 0xE208, 0x0309, 0x2311, 0x4411, 0x6411, 0x8511, 0x8511,
  0x8511, 0x6511, 0x6411, 0x4409, 0x2409, 0x2309, 0x2309, 0x2309, 0x2309, 0x2309, 0x2309, 0x2309, 0x2309, 0x0309, 0x0309, 0x0309,
  0x0309, 0x2409, 0x2409, 0x2409, 0x0309, 0xE308, 0xE308, 0xC208, 0xC208, 0xA208, 0xA208, 0xA208, 0xA208, 0xA208, 0xA208, 0xA208,
  0xA208, 0xA208, 0xA208, 0xA208, 0xA208, 0x8208, 0x8208, 0x8208, 0x8208, 0x8108, 0x8208, 0x8108, 0x8108, 0x8108, 0x8108, 0x8108,
  0x8108, 0x6108, 0x6108, 0x6108, 0x6108, 0x6108, 0x8108, 0x8108, 0x8108, 0x8108, 0x8108, 0x8208, 0x8208, 0x8208, 0x8208, 0x8208,
  0x8208, 0x8208, 0x8208, 0x8208, 0x8208, 0x8208, 0x8208, 0x8208, 0x8208, 0x8208, 0x8208, 0x8208, 0x8208, 0x8208, 0x8208, 0x8208,
  0x8208, 0x8208, 0x8208, 0x8208, 0x8208, 0x8208, 0xA208, 0xA208, 0xA208, 0xA208, 0xA208, 0xA208, 0xA208, 0xA208, 0xA208, 0xA208,
  0xA208, 0xA208, 0xA208, 0xA208, 0xA208, 0xA208, 0xA208, 0xA208, 0xA208, 0xA208, 0xA208, 0xA208, 0xA208, 0xA208, 0xA208, 0xA208,
  0xA208, 0xA208, 0xA208, 0xA208, 0xA208, 0xA208, 0xA208, 0xA208, 0xA208, 0xA208, 0xA208, 0xA208, 0xA208, 0xA208, 0xA208, 0xA208,
  0xA208, 0xA208, 0xA208, 0xA208, 0xA208, 0xA208, 0xA208, 0xA208, 0xA208, 0xA208, 0xA208, 0xA208, 0xA208, 0xA208, 0xA208, 0xA208,
  0xA208, 0xA208, 0xA208, 0xA208, 0xA208, 0xA208, 0xA208, 0xA208, 0xA208, 0xA208, 0xA208, 0xA208, 0xA208, 0xA208, 0xA208, 0xA208,
  0xA208, 0xA208, 0xA208, 0xA208, 0xA208, 0xA208, 0xA208, 0xA208, 0xA208, 0xA208, 0xA208, 0xA208, 0xA208, 0xA208, 0xA208, 0xA208,
  0xA208, 0xA208, 0xA208, 0xA208, 0xA208, 0xA208, 0xA208, 0xA208, 0xA208, 0xA208, 0xA208, 0xA208, 0xA208, 0xA208, 0xA208, 0xA208,
  0xA208, 0xA208, 0xA208, 0xA208, 0xA208, 0xA208, 0xA208, 0xA208, 0xA208, 0xA208, 0xA208, 0xA208, 0xA208, 0xA208, 0xA208, 0xA208,
  0xA208, 0xA208, 0xA208, 0xA208, 0x8208, 0x8208, 0x8208, 0x8208, 0x8208, 0x8208, 0x8208, 0x8208, 0x8208, 0x8208, 0x8208, 0x8208,
  0x8208, 0x8208, 0x8208, 0x8208, 0x8208, 0x8208, 0x8208, 0x8208, 0x8208, 0x8208, 0x8208, 0x8208, 0x8208, 0x8208, 0x8208, 0x8108,
  0x8108, 0x8108, 0x8108, 0x8108, 0x8108, 0x6108, 0x6108, 0x6108, 0x6108, 0x6108, 0x6108, 0x6108, 0x6108, 0x6108, 0x6108, 0xC310,
  0xE310, 0x8208, 0x8208, 0xA208, 0xA208, 0xA208, 0xA208, 0xA208, 0xA208, 0xA208, 0xA208, 0xA208, 0xA208, 0xC208, 0xE208, 0x0309,
  0x4309, 0x8411, 0xC411, 0xE411, 0xE411, 0xC411, 0x8411, 0x4311, 0x2309, 0xE208, 0xC208, 0xC208, 0xC208, 0xC208, 0xC208, 0xC208,
  0xC208, 0xC208, 0xC208, 0xE208, 0xC208, 0xE208, 0xE208, 0xE208, 0xE208, 0xE208, 0xE208, 0xE208, 0xE208, 0xE208, 0xE208, 0xE208,
  0xE208, 0xE208, 0xE208, 0xE208, 0xE208, 0xE208, 0xE208, 0xE208, 0xE208, 0x0309, 0x4411, 0x8511, 0xC611, 0x0712, 0x2812, 0x481A,
  0x4812, 0x0712, 0xE711, 0xC611, 0x8511, 0x6509, 0x6411, 0x6411, 0x6411, 0x6511, 0x4411, 0x4411, 0x4411, 0x4411, 0x4511, 0x6511,
  0x8511, 0x8611, 0x8611, 0x8611, 0x6511, 0x4511, 0x2409, 0xE308, 0xC208, 0xC208, 0xA208, 0xA208, 0xA208, 0xA208, 0xA208, 0xA208,
  0xA208, 0xA208, 0xA208, 0xA208, 0xA208, 0xA208, 0x8208, 0x8208, 0x8208, 0x8208, 0x8108, 0x8208, 0x8108, 0x8208, 0x8108, 0x8108,
  0x8108, 0x8108, 0x6108, 0x8108, 0x6108, 0x8108, 0x8108, 0x8108, 0x8108, 0x8208, 0x8108, 0x8208, 0x8208, 0x8208, 0x8208, 0x8208,
  0x8208, 0x8208, 0x8208, 0x8208, 0x8208, 0x8208, 0x8208, 0x8208, 0x8208, 0x8208, 0x8208, 0x8208, 0x8208, 0x8208, 0x8208, 0x8208,
  0x8208, 0xA208, 0x8208, 0xA208, 0x8208, 0xA208, 0x8208, 0xA208, 0xA208, 0xA208, 0xA208, 0xA208, 0xA208, 0xA208, 0xA208, 0xA208,
  0xA208, 0xA208, 0xA208, 0xA208, 0xA208, 0xA208, 0xA208, 0xA208, 0xA208, 0xA208, 0xA208, 0xA208, 0xA208, 0xA208, 0xA208, 0xA208,
  0xA208, 0xA208, 0xA208, 0xA208, 0xA208, 0xA208, 0xA208, 0xA208, 0xA208, 0xA208, 0xA208, 0xA208, 0xA208, 0xA208, 0xA208, 0xA208,
  0xA208, 0xC208, 0xA208, 0xC208, 0xA208, 0xC308, 0xA208, 0xC308, 0xA208, 0xC308, 0xA208, 0xC308, 0xA208, 0xC308, 0xA208, 0xC308,
  0xA308, 0xC308, 0xA208, 0xC308, 0xA308, 0xC308, 0xA208, 0xC308, 0xA308, 0xC308, 0xA208, 0xC308, 0xA208, 0xC308, 0xA208, 0xC308,
  0xA208, 0xC308, 0xA208, 0xC308, 0xA208, 0xC308, 0xA208, 0xC208, 0xA208, 0xC208, 0xA208, 0xA208, 0xA208, 0xA208, 0xA208, 0xA208,
  0xA208, 0xA208, 0xA208, 0xA208, 0xA208, 0xA208, 0xA208, 0xA208, 0xA208, 0xA208, 0xA208, 0xA208, 0xA208, 0xA208, 0xA208, 0xA208,
  0xA208, 0xA208, 0xA208, 0xA208, 0xA208, 0xA208, 0xA208, 0xA208, 0xA208, 0xA208, 0xA208, 0xA208, 0xA208, 0xA208, 0xA208, 0xA208,
  0xA208, 0xA208, 0xA208, 0xA208, 0x8208, 0xA208, 0x8208, 0xA208, 0x8208, 0xA208, 0x8208, 0x8208, 0x8208, 0x8208, 0x8208, 0x8208,
  0x8208, 0x8208, 0x8208, 0x8208, 0x8208, 0x8208, 0x8208, 0x8208, 0x8208, 0x8208, 0x8208, 0x8208, 0x8208, 0x8208, 0x8208, 0x8208,
  0x8108, 0x8208, 0x8108, 0x8108, 0x8108, 0x8108, 0x6108, 0x8108, 0x6108, 0x6108, 0x6108, 0x6108, 0x6108, 0x6108, 0x6108, 0xC310,
  0xE310, 0xA208, 0xA208, 0xA208, 0xA208, 0xA208, 0xA208, 0xA208, 0xA208, 0xA208, 0xA208, 0xA208, 0xC208, 0xE208, 0x2309, 0x6309,
  0xE411, 0x071B, 0x8C2D, 0x4E36, 0x4E36, 0x8C2D, 0x071B, 0xE411, 0x8411, 0x2309, 0x0209, 0xE208, 0xC208, 0xC208, 0xC208, 0xC208,
  0xE208, 0xE208, 0xE208, 0xE208, 0xE208, 0xE208, 0xE208, 0xE208, 0xE208, 0xE208, 0xE208, 0xE208, 0xE208, 0xE208, 0xE208, 0xE208,
  0xE208, 0xE208, 0xE208, 0xE208, 0xE208, 0xE208, 0xE208, 0xE208, 0x0309, 0x4411, 0xA511, 0x0712, 0x891A, 0xD434, 0x983D, 0xFA3D,
  0x773D, 0x312C, 0xAA1A, 0x481A, 0x0712, 0xE611, 0xC611, 0xA611, 0xA611, 0xA611, 0xA611, 0xA611, 0xA611, 0xA611, 0xC611, 0xE711,
  0x081A, 0x281A, 0x491A, 0x291A, 0x081A, 0xC711, 0x8611, 0x4411, 0xE308, 0xC208, 0xC208, 0xA208, 0xA208, 0xA208, 0xA208, 0xA208,
  0xA208, 0xA208, 0xA208, 0xA208, 0xA208, 0xA208, 0xA208, 0x8208, 0x8208, 0x8208, 0x8208, 0x8108, 0x8208, 0x8108, 0x8108, 0x8108,
  0x8208, 0x8108, 0x8208, 0x8108, 0x8108, 0x8108, 0x8108, 0x8108, 0x8208, 0x8208, 0x8208, 0x8208, 0x8208, 0x8208, 0x8208, 0x8208,
  0x8208, 0x8208, 0x8208, 0x8208, 0x8208, 0x8208, 0x8208, 0x8208, 0x8208, 0x8208, 0x8208, 0x8208, 0x8208, 0x8208, 0x8208, 0x8208,
  0xA208, 0xA208, 0xA208, 0xA208, 0xA208, 0xA208, 0xA208, 0xA208, 0xA208, 0xA208, 0xA208, 0xA208, 0xA208, 0xA208, 0xA208, 0xA208,
  0xA208, 0xA208, 0xA208, 0xA208, 0xA208, 0xA208, 0xA208, 0xA208, 0xA208, 0xA208, 0xA208, 0xA208, 0xA208, 0xA208, 0xA208, 0xA208,
  0xA208, 0xA208, 0xA208, 0xA208, 0xA208, 0xA208, 0xA208, 0xA208, 0xA208, 0xA208, 0xA208, 0xA208, 0xC308, 0xA308, 0xC308, 0xA308,
  0xC308, 0xC308, 0xC308, 0xC308, 0xC308, 0xC308, 0xC308, 0xC308, 0xC308, 0xC308, 0xC308, 0xC308, 0xC308, 0xC308, 0xC308, 0xC308,
  0xC308, 0xC308, 0xC308, 0xC308, 0xC308, 0xC308, 0xC308, 0xC308, 0xC308, 0xC308, 0xC308, 0xC308, 0xC308, 0xC308, 0xC308, 0xC308,
  0xC308, 0xC308, 0xC308, 0xC308, 0xC308, 0xC308, 0xC308, 0xC308, 0xC308, 0xC308, 0xC308, 0xA308, 0xC308, 0xA308, 0xA308, 0xA208,
  0xA208, 0xA208, 0xA208, 0xA208, 0xA208, 0xA208, 0xA208, 0xA208, 0xA208, 0xA208, 0xA208, 0xA208, 0xA208, 0xA208, 0xA208, 0xA208,
  0xA208, 0xA208, 0xA208, 0xA208, 0xA208, 0xA208, 0xA208, 0xA208, 0xA208, 0xA208, 0xA208, 0xA208, 0xA208, 0xA208, 0xA208, 0xA208,
  0xA208, 0xA208, 0xA208, 0xA208, 0xA208, 0xA208, 0xA208, 0xA208, 0xA208, 0x8208, 0xA208, 0x8208, 0x8208, 0x8208, 0x8208, 0x8208,
  0x8208, 0x8208, 0x8208, 0x8208, 0x8208, 0x8208, 0x8208, 0x8208, 0x8208, 0x8208, 0x8208, 0x8208, 0x8208, 0x8208, 0x8208, 0x8208,
  0x8208, 0x8208, 0x8208, 0x8108, 0x8108, 0x8108, 0x8108, 0x8108, 0x8108, 0x6108, 0x6108, 0x6108, 0x6108, 0x6108, 0x6108, 0xC310,
  0xE310, 0xA208, 0xA208, 0xA208, 0xA208, 0xA208, 0xA208, 0xA208, 0xA208, 0xA208, 0xA208, 0xC208, 0xC208, 0x0309, 0x6309, 0xE411,
  0x0924, 0xB13F, 0xD13F, 0xAF36, 0xAF36, 0xD13F, 0xB13F, 0x0924, 0x0512, 0x8411, 0x2309, 0xE208, 0xE208, 0xE208, 0xE208, 0xE208,
  0xE208, 0xE208, 0xE208, 0xE208, 0xE208, 0xE208, 0xE208, 0xE208, 0xE208, 0xE208, 0xE208, 0xE208, 0xE208, 0xE208, 0xE208, 0xE208,
  0xE208, 0xE208, 0xE208, 0xE208, 0xE208, 0xE208, 0x0209, 0x0309, 0x2309, 0x8511, 0x0712, 0x2C23, 0x5C46, 0x1F4F, 0x5C46, 0xB93D,
  0xBE46, 0x1F4F, 0x773D, 0xEB1A, 0x8A1A, 0x481A, 0x2812, 0x0712, 0x0712, 0x0712, 0x0712, 0x0712, 0x0712, 0x081A, 0x281A, 0x691A,
  0xAA1A, 0x322C, 0x583D, 0xB93D, 0x1635, 0x0C23, 0x081A, 0x8611, 0x2409, 0xE308, 0xC208, 0xC208, 0xA208, 0xA208, 0xA208, 0xA208,
  0xA208, 0xA208, 0xA208, 0xA208, 0xA208, 0xA208, 0xA208, 0xA208, 0x8208, 0x8208, 0x8208, 0x8208, 0x8108, 0x8208, 0x8108, 0x8208,
  0x8108, 0x8208, 0x8108, 0x8208, 0x8108, 0x8208, 0x8208, 0x8208, 0x8208, 0x8208, 0x8208, 0x8208, 0x8208, 0x8208, 0x8208, 0x8208,
  0x8208, 0x8208, 0x8208, 0x8208, 0x8208, 0x8208, 0x8208, 0xA208, 0x8208, 0x8208, 0x8208, 0xA208, 0x8208, 0xA208, 0xA208, 0xA208,
  0x8208, 0xA208, 0xA208, 0xA208, 0xA208, 0xA208, 0xA208, 0xA208, 0xA208, 0xA208, 0xA208, 0xA208, 0xA208, 0xA208, 0xA208, 0xA208,
  0xA208, 0xA208, 0xA208, 0xA208, 0xA208, 0xA208, 0xA208, 0xA208, 0xA208, 0xA208, 0xA208, 0xA208, 0xA208, 0xA208, 0xA208, 0xA208,
  0xA208, 0xA208, 0xA208, 0xC208, 0xA208, 0xC308, 0xA208, 0xC308, 0xA208, 0xC308, 0xC308, 0xC308, 0xA308, 0xC308, 0xC308, 0xC308,
  0xC308, 0xC308, 0xC308, 0xC308, 0xC308, 0xC308, 0xC308, 0xC308, 0xC308, 0xC308, 0xC308, 0xC308, 0xC308, 0xC308, 0xC308, 0xC308,
  0xC308, 0xC308, 0xC308, 0xC308, 0xC308, 0xC308, 0xC308, 0xC308, 0xC308, 0xC308, 0xC308, 0xC308, 0xC308, 0xC308, 0xC308, 0xC308,
  0xC308, 0xC308, 0xC308, 0xC308, 0xC308, 0xC308, 0xC308, 0xC308, 0xC308, 0xC308, 0xC308, 0xC308, 0xA308, 0xC308, 0xC308, 0xC308,
  0xA208, 0xC308, 0xA308, 0xC308, 0xA208, 0xC308, 0xA208, 0xC208, 0xA208, 0xA208, 0xA208, 0xA208, 0xA208, 0xC208, 0xA208, 0xA208,
  0xA208, 0xA208, 0xA208, 0xA208, 0xA208, 0xA208, 0xA208, 0xA208, 0xA208, 0xA208, 0xA208, 0xA208, 0xA208, 0xA208, 0xA208, 0xA208,
  0xA208, 0xA208, 0xA208, 0xA208, 0xA208, 0xA208, 0xA208, 0xA208, 0xA208, 0xA208, 0xA208, 0xA208, 0x8208, 0xA208, 0x8208, 0xA208,
  0x8208, 0xA208, 0x8208, 0x8208, 0x8208, 0x8208, 0x8208, 0x8208, 0x8208, 0x8208, 0x8208, 0x8208, 0x8208, 0x8208, 0x8208, 0x8208,
  0x8208, 0x8208, 0x8208, 0x8208, 0x8108, 0x8208, 0x8108, 0x8108, 0x6108, 0x8108, 0x6108, 0x8108, 0x6108, 0x6108, 0x8108, 0xC310,
  0x0311, 0xA208, 0xA208, 0xC208, 0xA208, 0xA208, 0xA208, 0xA208, 0xA208, 0xA208, 0xC208, 0xC208, 0xE208, 0x2309, 0xC411, 0x071B,
  0xB13F, 0x4C2D, 0xE208, 0x6108, 0x6108, 0xE208, 0x8C2D, 0xB13F, 0x271B, 0x0512, 0x6411, 0x2309, 0xE208, 0xE208, 0xE208, 0xE208,
  0xE208, 0xE208, 0xE208, 0xE208, 0xE208, 0xE208, 0xE208, 0x0209, 0x0309, 0xE208, 0xE208, 0xE208, 0xE208, 0xE208, 0xE208, 0x0309,
  0x0209, 0xE208, 0xE208, 0xE208, 0xE208, 0xE208, 0x0309, 0x2309, 0x6511, 0xE711, 0x891A, 0xDA3D, 0x3B46, 0xA711, 0x6108, 0x6108,
  0x6108, 0x0D23, 0xFF4E, 0xD434, 0x2C23, 0xEA1A, 0x891A, 0x691A, 0x691A, 0x491A, 0x491A, 0x491A, 0x691A, 0x8A1A, 0xAB1A, 0xEC22,
  0x1635, 0xDF4E, 0xF634, 0x122C, 0x983D, 0xDE46, 0xAF23, 0xE819, 0x6511, 0x0309, 0xE308, 0xC208, 0xC208, 0xA208, 0xA208, 0xA208,
  0xA208, 0xA208, 0xC208, 0xC208, 0xA208, 0xA208, 0xA208, 0xA208, 0xA208, 0xA208, 0xA208, 0xA208, 0x8208, 0x8108, 0x8208, 0x8208,
  0x8208, 0xA208, 0x8208, 0x8208, 0x8208, 0x8208, 0x8208, 0x8208, 0xA208, 0xA208, 0x8208, 0x8208, 0x8208, 0x8208, 0x8208, 0xA208,
  0xA208, 0x8208, 0x8208, 0x8208, 0x8208, 0x8208, 0xA208, 0xA208, 0xA208, 0x8208, 0xA208, 0x8208, 0xA208, 0xA208, 0xA208, 0xA208,
  0xA208, 0xA208, 0xA208, 0xA208, 0xA208, 0xA208, 0xC208, 0xA208, 0xA208, 0xA208, 0xA208, 0xA208, 0xA208, 0xC208, 0xC208, 0xA208,
  0xA208, 0xA208, 0xA208, 0xA208, 0xC308, 0xC308, 0xA208, 0xA208, 0xA208, 0xA208, 0xA208, 0xC308, 0xC308, 0xC208, 0xA208, 0xA308,
  0xA308, 0xA208, 0xC308, 0xC308, 0xC308, 0xC308, 0xC308, 0xC308, 0xC308, 0xC308, 0xC308, 0xC308, 0xC308, 0xC308, 0xC308, 0xC308,
  0xC308, 0xC308, 0xE308, 0xC308, 0xC308, 0xC308, 0xC308, 0xC308, 0xC308, 0xC308, 0xC308, 0xC308, 0xC308, 0xC308, 0xC308, 0xC308,
  0xE308, 0xE308, 0xC308, 0xC308, 0xC308, 0xC308, 0xC308, 0xC308, 0xE308, 0xC308, 0xC308, 0xC308, 0xC308, 0xC308, 0xC308, 0xE308,
  0xC308, 0xC308, 0xC308, 0xC308, 0xC308, 0xC308, 0xE308, 0xC308, 0xC308, 0xC308, 0xC308, 0xC308, 0xC308, 0xC308, 0xC308, 0xC308,
  0xC308, 0xC308, 0xC308, 0xC308, 0xC308, 0xC308, 0xC308, 0xC308, 0xC308, 0xA208, 0xC308, 0xA208, 0xC308, 0xC308, 0xA208, 0xA208,
  0xA208, 0xA208, 0xA208, 0xC308, 0xC308, 0xA208, 0xA208, 0xA208, 0xA208, 0xA208, 0xA208, 0xC308, 0xC208, 0xA208, 0xA208, 0xA208,
  0xA208, 0xA208, 0xC208, 0xC208, 0xA208, 0xA208, 0xA208, 0xA208, 0xA208, 0xA208, 0xA208, 0xA208, 0xA208, 0xA208, 0xA208, 0x8208,
  0xA208, 0xA208, 0xA208, 0x8208, 0x8208, 0x8208, 0x8208, 0x8208, 0xA208, 0xA208, 0x8208, 0x8208, 0x8208, 0x8208, 0x8208, 0x8208,
  0xA208, 0x8208, 0x8208, 0x8208, 0x8208, 0x8208, 0x8208, 0x8208, 0x8208, 0x8108, 0x8108, 0x8108, 0x8108, 0x6108, 0x8208, 0xE310,
  0x0311, 0xA208, 0xA208, 0xA208, 0xA208, 0xA208, 0xA208, 0xA208, 0xA208, 0xA208, 0xC208, 0xC208, 0x0209, 0x6311, 0x0512, 0x2D36,
  0x8E36, 0x8108, 0x6108, 0x6108, 0x6108, 0x6108, 0x8108, 0xCF36, 0x2E2E, 0x6612, 0xA411, 0x4309, 0x0309, 0xE208, 0xE208, 0xE208,
  0xE208, 0xE308, 0xE208, 0xE208, 0xE208, 0xE208, 0xE208, 0xE208, 0x0309, 0xE208, 0xE208, 0xE208, 0xE208, 0xE208, 0x0209, 0x0309,
  0x0209, 0xE208, 0xE208, 0xE208, 0xE208, 0x0309, 0x2309, 0x4409, 0xA511, 0x481A, 0x522C, 0xFF4E, 0x8611, 0x6108, 0x6108, 0x6108,
  0x6108, 0x6108, 0xD12B, 0xFF4E, 0x593E, 0x383E, 0x183E, 0x183E, 0xF83D, 0x193E, 0xF93D, 0xF93D, 0xF93D, 0x193E, 0x1A3E, 0x7C46,
  0xBE46, 0x4511, 0x6108, 0x6108, 0x6108, 0x2E23, 0x9D46, 0xAB1A, 0xA611, 0x2411, 0xE308, 0xC208, 0xC208, 0xA208, 0xA208, 0xA208,
  0xA208, 0xA208, 0xA208, 0xA208, 0xA208, 0xA208, 0xA208, 0xA208, 0xA208, 0xA208, 0xA208, 0xA208, 0x8208, 0x8208, 0x8208, 0x8208,
  0x8208, 0xA208, 0x8208, 0x8208, 0x8208, 0x8208, 0x8208, 0x8208, 0x8208, 0xA208, 0x8208, 0x8208, 0x8208, 0x8208, 0x8208, 0xA208,
  0xA208, 0xA208, 0x8208, 0x8208, 0x8208, 0x8208, 0xA208, 0xA208, 0xA208, 0xA208, 0x8208, 0xA208, 0xA208, 0xA208, 0xA208, 0xA208,
  0xA208, 0xA208, 0xA208, 0xA208, 0xA208, 0xA208, 0xA208, 0xA208, 0xA208, 0xA208, 0xA208, 0xA208, 0xA208, 0xC308, 0xA208, 0xA208,
  0xA208, 0xA208, 0xA208, 0xA208, 0xC308, 0xC308, 0xA208, 0xA208, 0xA208, 0xC208, 0xA208, 0xC308, 0xC308, 0xC308, 0xA308, 0xC308,
  0xA308, 0xC308, 0xC308, 0xC308, 0xC308, 0xC308, 0xC308, 0xC308, 0xC308, 0xC308, 0xC308, 0xC308, 0xC308, 0xC308, 0xC308, 0xC308,
  0xC308, 0xC308, 0xC308, 0xC308, 0xC308, 0xC308, 0xC308, 0xC308, 0xC308, 0xE308, 0xC308, 0xC308, 0xC308, 0xC308, 0xC308, 0xC308,
  0xC308, 0xE308, 0xC308, 0xC308, 0xC308, 0xC308, 0xC308, 0xC308, 0xC308, 0xC308, 0xC308, 0xC308, 0xC308, 0xC308, 0xC308, 0xE308,
  0xC308, 0xC308, 0xC308, 0xC308, 0xC308, 0xC308, 0xC308, 0xC308, 0xC308, 0xC308, 0xC308, 0xC308, 0xC308, 0xC308, 0xC308, 0xC308,
  0xC308, 0xC308, 0xC308, 0xC308, 0xC308, 0xC308, 0xC308, 0xC308, 0xC308, 0xC308, 0xA308, 0xC308, 0xC308, 0xC308, 0xA208, 0xC308,
  0xA208, 0xC208, 0xA208, 0xC308, 0xC308, 0xC208, 0xA208, 0xA208, 0xA208, 0xA208, 0xA208, 0xC308, 0xA208, 0xA208, 0xA208, 0xA208,
  0xA208, 0xA208, 0xA208, 0xA208, 0xA208, 0xA208, 0xA208, 0xA208, 0xA208, 0xA208, 0xA208, 0xA208, 0xA208, 0xA208, 0xA208, 0xA208,
  0xA208, 0xA208, 0xA208, 0xA208, 0x8208, 0x8208, 0x8208, 0x8208, 0xA208, 0xA208, 0x8208, 0x8208, 0x8208, 0x8208, 0x8208, 0x8208,
  0x8208, 0x8208, 0x8208, 0x8208, 0x8208, 0x8208, 0x8208, 0x8208, 0x8208, 0x8208, 0x8108, 0x8108, 0x8108, 0x8108, 0x8208, 0xE310,
  0x0311, 0xA208, 0xA208, 0xA208, 0xA208, 0xA208, 0xA208, 0xA208, 0xA208, 0xA208, 0xC208, 0xC208, 0x0309, 0x8311, 0x4512, 0xB13F,
  0x4924, 0x6108, 0x2421, 0x1CE7, 0x1CE7, 0x2421, 0x6108, 0x8A24, 0x903F, 0xC71A, 0x251A, 0x6311, 0x6311, 0x4411, 0xE208, 0x0309,
  0x4311, 0xE208, 0x0309, 0x4311, 0xE208, 0x0309, 0x4311, 0xE208, 0x0309, 0x4411, 0xE208, 0x0309, 0x4411, 0xE208, 0x0309, 0x6411,
  0x0209, 0x0209, 0x6411, 0xE208, 0x0309, 0x8411, 0x2309, 0x6411, 0x481A, 0x891A, 0x983D, 0x3B46, 0x6108, 0x6108, 0x75AD, 0x7DEF,
  0xEB5A, 0x6108, 0xC811, 0x1F4F, 0x1D47, 0x1C47, 0x1D47, 0x1D47, 0x1D47, 0x1D47, 0x1E47, 0x1E47, 0x1E47, 0x1E47, 0x1E4F, 0xFF4E,
  0x7334, 0x6108, 0xAA52, 0x75AD, 0x4521, 0x6108, 0xDF4E, 0x112C, 0xE711, 0x4511, 0x0309, 0xC208, 0xC208, 0xC208, 0xA208, 0xA208,
  0xA208, 0xA208, 0xA208, 0xA208, 0xA208, 0xA208, 0xA208, 0xA208, 0xA208, 0xA208, 0xA208, 0xA208, 0xA208, 0x8208, 0x8208, 0x8208,
  0x8208, 0x8208, 0x8208, 0x8208, 0x8208, 0x8208, 0x8208, 0x8208, 0x8208, 0x8208, 0x8208, 0x8208, 0x8208, 0x8208, 0x8208, 0x8208,
  0x8208, 0x8208, 0x8208, 0x8208, 0x8208, 0x8208, 0xA208, 0x8208, 0xA208, 0xA208, 0xA208, 0xA208, 0xA208, 0xA208, 0xA208, 0xA208,
  0xA208, 0xA208, 0xA208, 0xA208, 0xA208, 0xA208, 0xA208, 0xA208, 0xA208, 0xA208, 0xA208, 0xA208, 0xA208, 0xA208, 0xA208, 0xA208,
  0xA208, 0xA208, 0xA208, 0xA208, 0xA208, 0xA208, 0xA208, 0xA208, 0xC308, 0xA308, 0xC308, 0xC308, 0xC308, 0xC308, 0xC308, 0xC308,
  0xC308, 0xC308, 0xC308, 0xC308, 0xC308, 0xC308, 0xC308, 0xC308, 0xC308, 0xC308, 0xC308, 0xC308, 0xC308, 0xC308, 0xC308, 0xC308,
  0xC308, 0xC308, 0xC308, 0xC308, 0xC308, 0xC308, 0xC308, 0xC308, 0xC308, 0xC308, 0xC308, 0xC308, 0xC308, 0xC308, 0xC308, 0xC308,
  0xC308, 0xC308, 0xC308, 0xC308, 0xC308, 0xC308, 0xC308, 0xC308, 0xC308, 0xC308, 0xC308, 0xC308, 0xC308, 0xC308, 0xC308, 0xC308,
  0xC308, 0xC308, 0xC308, 0xC308, 0xC308, 0xC308, 0xC308, 0xC308, 0xC308, 0xC308, 0xC308, 0xC308, 0xC308, 0xC308, 0xC308, 0xC308,
  0xC308, 0xC308, 0xC308, 0xC308, 0xC308, 0xC308, 0xC308, 0xC308, 0xC308, 0xC308, 0xC308, 0xC308, 0xC308, 0xC308, 0xC308, 0xC308,
  0xC308, 0xA308, 0xA308, 0xA208, 0xA208, 0xA208, 0xA208, 0xA208, 0xA208, 0xA208, 0xA208, 0xA208, 0xA208, 0xA208, 0xA208, 0xA208,
  0xA208, 0xA208, 0xA208, 0xA208, 0xA208, 0xA208, 0xA208, 0xA208, 0xA208, 0xA208, 0xA208, 0xA208, 0xA208, 0xA208, 0xA208, 0xA208,
  0xA208, 0xA208, 0xA208, 0x8208, 0xA208, 0x8208, 0x8208, 0x8208, 0x8208, 0x8208, 0x8208, 0x8208, 0x8208, 0x8208, 0x8208, 0x8208,
  0x8208, 0x8208, 0x8208, 0x8208, 0x8208, 0x8208, 0x8208, 0x8208, 0x8208, 0x8208, 0x8208, 0x8108, 0x8108, 0x8108, 0x8108, 0xE310,
  0x0311, 0xA208, 0xA208, 0xA208, 0xA208, 0xA208, 0xA208, 0xA208, 0xA208, 0xC208, 0xC208, 0xC208, 0x0309, 0xA411, 0x8512, 0xF13F,
  0xE823, 0x6108, 0xCE73, 0xFFFF, 0xFFFF, 0x8E6B, 0x6108, 0xE923, 0xF13F, 0xA92B, 0x4933, 0xA411, 0x261A, 0x882A, 0x0309, 0xC519,
  0x872A, 0xE208, 0x8519, 0xA832, 0xE208, 0x8419, 0xC832, 0xE208, 0x6411, 0xE932, 0xE208, 0x6411, 0xE932, 0x0209, 0x4311, 0x093B,
  0x0209, 0x2311, 0x2A3B, 0x0309, 0x2309, 0x6A3B, 0x4409, 0xA511, 0x0D44, 0xCA1A, 0xFA3D, 0xB93D, 0x6108, 0x6108, 0xDFFF, 0xFFFF,
  0xF7BD, 0x6108, 0x4511, 0x1F4F, 0x1D47, 0x1C47, 0x1D47, 0x1D47, 0x1D47, 0x1D47, 0x1D47, 0x1E47, 0x1E47, 0x1E47, 0x1E47, 0xDE46,
  0xF12B, 0x6108, 0x55A5, 0xFFFF, 0x694A, 0x6108, 0x5C46, 0x9434, 0x0812, 0x6511, 0x0309, 0xC208, 0xC208, 0xC208, 0xA208, 0xA208,
  0xA208, 0xA208, 0xA208, 0xA208, 0xA208, 0xA208, 0xA208, 0xA208, 0xA208, 0xA208, 0xA208, 0xA208, 0xA208, 0xA208, 0x8208, 0xA208,
  0x8208, 0x8208, 0x8208, 0x8208, 0x8208, 0x8208, 0x8208, 0x8208, 0x8208, 0x8208, 0x8208, 0x8208, 0x8208, 0x8208, 0x8208, 0x8208,
  0x8208, 0x8208, 0x8208, 0xA208, 0x8208, 0xA208, 0x8208, 0xA208, 0xA208, 0xA208, 0xA208, 0xA208, 0xA208, 0xA208, 0xA208, 0xA208,
  0xA208, 0xA208, 0xA208, 0xA208, 0xA208, 0xA208, 0xA208, 0xA208, 0xA208, 0xA208, 0xA208, 0xA208, 0xA208, 0xA208, 0xA208, 0xA208,
  0xA208, 0xA208, 0xA208, 0xC208, 0xA208, 0xC308, 0xA308, 0xC308, 0xA308, 0xC308, 0xC308, 0xC308, 0xC308, 0xC308, 0xC308, 0xC308,
  0xC308, 0xC308, 0xC308, 0xC308, 0xC308, 0xC308, 0xC308, 0xC308, 0xC308, 0xC308, 0xC308, 0xC308, 0xC308, 0xC308, 0xC308, 0xC308,
  0xC308, 0xC308, 0xC308, 0xC308, 0xC308, 0xC308, 0xC308, 0xC308, 0xC308, 0xC308, 0xC308, 0xC308, 0xC308, 0xC308, 0xC308, 0xC308,
  0xC308, 0xC308, 0xC308, 0xC308, 0xC308, 0xC308, 0xC308, 0xC308, 0xC308, 0xC308, 0xC308, 0xC308, 0xC308, 0xC308, 0xC308, 0xC308,
  0xC308, 0xC308, 0xC308, 0xC308, 0xC308, 0xC308, 0xC308, 0xC308, 0xC308, 0xC308, 0xC308, 0xC308, 0xC308, 0xC308, 0xC308, 0xC308,
  0xC308, 0xC308, 0xC308, 0xC308, 0xC308, 0xC308, 0xC308, 0xC308, 0xC308, 0xC308, 0xC308, 0xC308, 0xC308, 0xC308, 0xC308, 0xC308,
  0xC308, 0xC308, 0xA308, 0xC308, 0xA208, 0xC308, 0xA208, 0xC208, 0xA208, 0xA208, 0xA208, 0xA208, 0xA208, 0xA208, 0xA208, 0xA208,
  0xA208, 0xA208, 0xA208, 0xA208, 0xA208, 0xA208, 0xA208, 0xA208, 0xA208, 0xA208, 0xA208, 0xA208, 0xA208, 0xA208, 0xA208, 0xA208,
  0xA208, 0xA208, 0xA208, 0xA208, 0x8208, 0xA208, 0x8208, 0xA208, 0x8208, 0x8208, 0x8208, 0x8208, 0x8208, 0x8208, 0x8208, 0x8208,
  0x8208, 0x8208, 0x8208, 0x8208, 0x8208, 0x8208, 0x8208, 0x8208, 0x8208, 0x8208, 0x8208, 0x8208, 0x8108, 0x8108, 0x8108, 0xE310,
  0x0311, 0xA208, 0xA208, 0xA208, 0xA208, 0xA208, 0xA208, 0xC208, 0xC208, 0xC208, 0xC208, 0xE208, 0x0309, 0x8411, 0x4512, 0x3037,
  0xEB24, 0x6108, 0x8108, 0x3084, 0x3084, 0x8108, 0x6108, 0x2B2D, 0x5037, 0x071B, 0x6612, 0xE411, 0x8411, 0x4309, 0x2309, 0x0309,
  0x0209, 0xE208, 0xE208, 0xE208, 0xE208, 0xE208, 0x0209, 0x0209, 0x0209, 0x0209, 0x0209, 0x0209, 0x0209, 0x0209, 0x0309, 0x0209,
  0x0209, 0x0209, 0x0309, 0x0309, 0x2309, 0x4309, 0x6409, 0xC611, 0x4812, 0xEA1A, 0x7735, 0xBE46, 0x8108, 0x6108, 0xAA52, 0x149D,
  0x4521, 0x6108, 0x4A1A, 0x1F4F, 0x1D47, 0x1C47, 0x1D47, 0x1D47, 0x1D47, 0x1D47, 0x1E47, 0x1E47, 0x1E47, 0x1E47, 0x1E4F, 0x1F4F,
  0x783D, 0x6108, 0xE318, 0xEB5A, 0x6108, 0x0411, 0x1F4F, 0xAF23, 0xE819, 0x6511, 0x0309, 0xE208, 0xC208, 0xC208, 0xC208, 0xC208,
  0xA208, 0xA208, 0xA208, 0xA208, 0xA208, 0xA208, 0xA208, 0xA208, 0xA208, 0xA208, 0xA208, 0xA208, 0xA208, 0xA208, 0xA208, 0xA208,
  0xA208, 0x8208, 0x8208, 0x8208, 0x8208, 0x8208, 0x8208, 0x8208, 0x8208, 0x8208, 0x8208, 0x8208, 0x8208, 0x8208, 0x8208, 0x8208,
  0x8208, 0x8208, 0xA208, 0xA208, 0xA208, 0xA208, 0xA208, 0xA208, 0xA208, 0xA208, 0xA208, 0xA208, 0xA208, 0xA208, 0xA208, 0xA208,
  0xA208, 0xA208, 0xA208, 0xA208, 0xA208, 0xA208, 0xA208, 0xA208, 0xA208, 0xA208, 0xA208, 0xA208, 0xA208, 0xA208, 0xA208, 0xA208,
  0xA308, 0xA208, 0xC308, 0xC308, 0xC308, 0xC308, 0xC308, 0xC308, 0xC308, 0xC308, 0xC308, 0xC308, 0xC308, 0xC308, 0xC308, 0xC308,
  0xC308, 0xC308, 0xC308, 0xC308, 0xC308, 0xC308, 0xC308, 0xC308, 0xC308, 0xC308, 0xC308, 0xC308, 0xC308, 0xC308, 0xC308, 0xC308,
  0xC308, 0xC308, 0xC308, 0xC308, 0xC308, 0xC308, 0xC308, 0xC308, 0xC308, 0xC308, 0xC308, 0xC308, 0xC308, 0xC308, 0xC308, 0xC308,
  0xC308, 0xC308, 0xC308, 0xC308, 0xC308, 0xC308, 0xC308, 0xC308, 0xC308, 0xC308, 0xC308, 0xC308, 0xC308, 0xC308, 0xC308, 0xC308,
  0xC308, 0xC308, 0xC308, 0xC308, 0xC308, 0xC308, 0xC308, 0xC308, 0xC308, 0xC308, 0xC308, 0xC308, 0xC308, 0xC308, 0xC308, 0xC308,
  0xC308, 0xC308, 0xC308, 0xC308, 0xC308, 0xC308, 0xC308, 0xC308, 0xC308, 0xC308, 0xC308, 0xC308, 0xC308, 0xC308, 0xC308, 0xC308,
  0xC308, 0xC308, 0xC308, 0xC308, 0xC308, 0xC308, 0xC308, 0xC308, 0xC308, 0xA208, 0xA208, 0xA208, 0xA208, 0xA208, 0xA208, 0xA208,
  0xA208, 0xA208, 0xA208, 0xA208, 0xA208, 0xA208, 0xA208, 0xA208, 0xA208, 0xA208, 0xA208, 0xA208, 0xA208, 0xA208, 0xA208, 0xA208,
  0xA208, 0xA208, 0xA208, 0xA208, 0xA208, 0xA208, 0xA208, 0xA208, 0x8208, 0x8208, 0x8208, 0x8208, 0x8208, 0x8208, 0x8208, 0x8208,
  0x8208, 0x8208, 0x8208, 0x8208, 0x8208, 0x8208, 0x8208, 0x8208, 0x8208, 0x8208, 0x8208, 0x8208, 0x8208, 0x8108, 0x8108, 0xE310,
  0x0311, 0xA208, 0xA208, 0xA208, 0xA208, 0xA208, 0xA208, 0xC208, 0xC208, 0xC208, 0xC208, 0xC208, 0x0309, 0x8411, 0x2512, 0xAC2D,
  0xB13F, 0x0309, 0x6108, 0x6108, 0x6108, 0x6108, 0x2309, 0xD13F, 0x3037, 0x271B, 0x861A, 0x0512, 0xA411, 0x6411, 0x4309, 0x2309,
  0x0309, 0x0209, 0xE208, 0x0209, 0xE208, 0x0209, 0x0209, 0x0309, 0x0209, 0x0309, 0x0209, 0x0309, 0x0209, 0x0309, 0x0209, 0x0309,
  0x0209, 0x0309, 0x0309, 0x2309, 0x4309, 0x6411, 0xA511, 0xE611, 0x681A, 0xEB1A, 0x342D, 0x1F4F, 0xCC22, 0x6108, 0x6108, 0x6108,
  0x6108, 0x6108, 0x573D, 0xBE46, 0x7535, 0x3435, 0xF32C, 0xF334, 0xD32C, 0xD334, 0xD334, 0xD434, 0xD434, 0xF534, 0x1535, 0x773D,
  0xDF4E, 0xD12B, 0x6108, 0x6108, 0xE308, 0x993D, 0xDA3D, 0x8A1A, 0xE711, 0x6511, 0x0309, 0xE208, 0xC208, 0xC208, 0xC208, 0xC208,
  0xA208, 0xA208, 0xA208, 0xA208, 0xA208, 0xA208, 0xA208, 0xA208, 0xA208, 0xA208, 0xA208, 0xA208, 0xA208, 0xA208, 0x8208, 0xA208,
  0xA208, 0xA208, 0x8208, 0xA208, 0x8208, 0x8208, 0x8208, 0x8208, 0x8208, 0x8208, 0x8208, 0x8208, 0x8208, 0x8208, 0x8208, 0xA208,
  0x8208, 0xA208, 0x8208, 0xA208, 0xA208, 0xA208, 0xA208, 0xA208, 0xA208, 0xA208, 0xA208, 0xA208, 0xA208, 0xA208, 0xA208, 0xA208,
  0xA208, 0xA208, 0xA208, 0xA208, 0xA208, 0xA208, 0xA208, 0xA208, 0xA208, 0xA208, 0xA208, 0xA208, 0xA208, 0xC208, 0xA208, 0xC308,
  0xA308, 0xC308, 0xA308, 0xC308, 0xC308, 0xC308, 0xC308, 0xC308, 0xC308, 0xC308, 0xC308, 0xC308, 0xC308, 0xC308, 0xC308, 0xC308,
  0xC308, 0xC308, 0xC308, 0xC308, 0xC308, 0xC308, 0xC308, 0xC308, 0xC308, 0xC308, 0xC308, 0xC308, 0xC308, 0xC308, 0xC308, 0xC308,
  0xC308, 0xC308, 0xC308, 0xC308, 0xC308, 0xC308, 0xC308, 0xC308, 0xC308, 0xC308, 0xC308, 0xC308, 0xC308, 0xE308, 0xC308, 0xE308,
  0xC308, 0xE308, 0xC308, 0xE308, 0xC308, 0xE308, 0xC308, 0xE308, 0xC308, 0xE308, 0xC308, 0xE308, 0xC308, 0xE308, 0xC308, 0xC308,
  0xC308, 0xC308, 0xC308, 0xC308, 0xC308, 0xC308, 0xC308, 0xC308, 0xC308, 0xC308, 0xC308, 0xC308, 0xC308, 0xC308, 0xC308, 0xC308,
  0xC308, 0xC308, 0xC308, 0xC308, 0xC308, 0xC308, 0xC308, 0xC308, 0xC308, 0xC308, 0xC308, 0xC308, 0xC308, 0xC308, 0xC308, 0xC308,
  0xC308, 0xC308, 0xC308, 0xC308, 0xC308, 0xC308, 0xC308, 0xC308, 0xA308, 0xC308, 0xA208, 0xC308, 0xA208, 0xC208, 0xA208, 0xA208,
  0xA208, 0xA208, 0xA208, 0xA208, 0xA208, 0xA208, 0xA208, 0xA208, 0xA208, 0xA208, 0xA208, 0xA208, 0xA208, 0xA208, 0xA208, 0xA208,
  0xA208, 0xA208, 0xA208, 0xA208, 0xA208, 0xA208, 0xA208, 0xA208, 0x8208, 0xA208, 0x8208, 0xA208, 0x8208, 0x8208, 0x8208, 0x8208,
  0x8208, 0x8208, 0x8208, 0x8208, 0x8208, 0x8208, 0x8208, 0x8208, 0x8208, 0x8208, 0x8208, 0x8208, 0x8208, 0x8208, 0x8108, 0xE310,
  0x0311, 0xA208, 0xA208, 0xA208, 0xA208, 0xA208, 0xC208, 0xC208, 0xC208, 0xC208, 0xC208, 0xC208, 0x0309, 0x6309, 0xE411, 0xE61A,
  0x703F, 0x503F, 0x2924, 0x8411, 0xA411, 0x0924, 0x503F, 0xF13F, 0xF23F, 0x6D2D, 0xA61A, 0x4612, 0xE511, 0xA411, 0x6409, 0x4309,
  0x2309, 0x0309, 0x0209, 0x0209, 0x0209, 0x0209, 0x0209, 0x0209, 0x0309, 0x0309, 0x0309, 0x0309, 0x0309, 0x0309, 0x0309, 0x0309,
  0x0309, 0x2309, 0x2309, 0x4309, 0x6411, 0xA511, 0xE611, 0x2712, 0x891A, 0xAD23, 0x1A3F, 0x1D47, 0xFF4E, 0x7334, 0x291A, 0xE408,
  0x0D23, 0x993D, 0x1F4F, 0x722C, 0x2C23, 0xCA1A, 0x891A, 0x481A, 0x481A, 0x481A, 0x481A, 0x481A, 0x691A, 0x8A1A, 0xCB1A, 0x2D23,
  0x932C, 0xFF4E, 0xBE46, 0x1B46, 0xFF4E, 0x7D46, 0x4E23, 0x491A, 0xC711, 0x4411, 0x0309, 0xE208, 0xC208, 0xC208, 0xC208, 0xC208,
  0xC208, 0xA208, 0xA208, 0xA208, 0xC208, 0xA208, 0xA208, 0xA208, 0xA208, 0xA208, 0xA208, 0xA208, 0xA208, 0xA208, 0xA208, 0xA208,
  0xA208, 0xA208, 0xA208, 0xA208, 0xA208, 0xA208, 0x8208, 0x8208, 0xA208, 0x8208, 0x8208, 0x8208, 0x8208, 0x8208, 0x8208, 0x8208,
  0xA208, 0xA208, 0xA208, 0xA208, 0xA208, 0xA208, 0xA208, 0xA208, 0xA208, 0xA208, 0xA208, 0xA208, 0xA208, 0xA208, 0xA208, 0xA208,
  0xA208, 0xA208, 0xA208, 0xA208, 0xA208, 0xA208, 0xA208, 0xA208, 0xA208, 0xA208, 0xA208, 0xA208, 0xC308, 0xA308, 0xC308, 0xC308,
  0xC308, 0xC308, 0xC308, 0xC308, 0xC308, 0xC308, 0xC308, 0xC308, 0xC308, 0xC308, 0xC308, 0xC308, 0xC308, 0xC308, 0xC308, 0xC308,
  0xC308, 0xC308, 0xC308, 0xC308, 0xC308, 0xC308, 0xC308, 0xC308, 0xC308, 0xC308, 0xC308, 0xC308, 0xC308, 0xC308, 0xC308, 0xC308,
  0xC308, 0xC308, 0xC308, 0xC308, 0xC308, 0xC308, 0xC308, 0xC308, 0xE308, 0xC308, 0xE308, 0xC308, 0xE308, 0xC308, 0xE308, 0xC308,
  0xE308, 0xE308, 0xE308, 0xE308, 0xE308, 0xE308, 0xE308, 0xE308, 0xE308, 0xE308, 0xE308, 0xC308, 0xE308, 0xC308, 0xE308, 0xC308,
  0xE308, 0xC308, 0xC308, 0xC308, 0xC308, 0xC308, 0xC308, 0xC308, 0xC308, 0xC308, 0xC308, 0xC308, 0xC308, 0xC308, 0xC308, 0xC308,
  0xC308, 0xC308, 0xC308, 0xC308, 0xC308, 0xC308, 0xC308, 0xC308, 0xC308, 0xC308, 0xC308, 0xC308, 0xC308, 0xC308, 0xC308, 0xC308,
  0xC308, 0xC308, 0xC308, 0xC308, 0xC308, 0xC308, 0xC308, 0xC308, 0xC308, 0xC308, 0xC308, 0xC308, 0xC308, 0xA308, 0xA308, 0xA208,
  0xA208, 0xA208, 0xA208, 0xA208, 0xA208, 0xA208, 0xA208, 0xA208, 0xA208, 0xA208, 0xA208, 0xA208, 0xA208, 0xA208, 0xA208, 0xA208,
  0xA208, 0xA208, 0xA208, 0xA208, 0xA208, 0xA208, 0xA208, 0xA208, 0xA208, 0xA208, 0xA208, 0x8208, 0x8208, 0x8208, 0x8208, 0x8208,
  0x8208, 0x8208, 0x8208, 0x8208, 0x8208, 0x8208, 0x8208, 0x8208, 0x8208, 0x8208, 0x8208, 0x8208, 0x8208, 0x8208, 0x8208, 0xE310,
  0x0311, 0xA208, 0xA208, 0xC208, 0xC208, 0xC208, 0xC208, 0xC208, 0xC208, 0xC208, 0xE208, 0xE208, 0x0209, 0x4311, 0xC411, 0x6612,
  0x881B, 0xAF36, 0xF13F, 0xF13F, 0xF13F, 0xF13F, 0xD13F, 0xF23F, 0xD23F, 0xD33F, 0x4A24, 0x861A, 0x2512, 0xE511, 0xA411, 0x6411,
  0x4309, 0x4311, 0x0309, 0x0309, 0x0209, 0x4411, 0x062A, 0x6832, 0xA93A, 0xE942, 0xA942, 0x683A, 0x2732, 0xA521, 0x0309, 0x2309,
  0x2309, 0x2309, 0x4309, 0x6411, 0xA511, 0xC611, 0x2712, 0x6812, 0x0A1B, 0xD836, 0x3A3F, 0x3A3F, 0x1D47, 0xFF4E, 0x1F4F, 0x1F4F,
  0x1F4F, 0xBD46, 0x922C, 0x4C23, 0xCA1A, 0x891A, 0x4812, 0x0712, 0xE711, 0xE711, 0xE711, 0x0712, 0x281A, 0x481A, 0x8A1A, 0xCB22,
  0x2D23, 0x9D46, 0x1F4F, 0x1F4F, 0x1F4F, 0x3635, 0xAB1A, 0x281A, 0xA611, 0x4411, 0x0309, 0x0309, 0xE208, 0xC208, 0xC208, 0xC208,
  0xC208, 0xC208, 0xC208, 0xC208, 0xA208, 0xA208, 0xA208, 0xA208, 0xA208, 0xC208, 0xC208, 0xA208, 0xA208, 0xA208, 0xA208, 0xA208,
  0xA208, 0xC208, 0xA208, 0xA208, 0xA208, 0xA208, 0x8208, 0xA208, 0xA208, 0xA208, 0x8208, 0xA208, 0x8208, 0xA208, 0x8208, 0xA208,
  0xA208, 0xA208, 0xA208, 0xA208, 0xA208, 0xA208, 0xA208, 0xC208, 0xA208, 0xA208, 0xA208, 0xA208, 0xA208, 0xA208, 0xC308, 0xC308,
  0xA208, 0xA208, 0xA208, 0xA208, 0xA208, 0xC308, 0xC308, 0xC208, 0xA208, 0xC308, 0xA208, 0xC308, 0xC308, 0xC308, 0xC308, 0xC308,
  0xC308, 0xC308, 0xC308, 0xC308, 0xC308, 0xE308, 0xC308, 0xC308, 0xC308, 0xC308, 0xC308, 0xE308, 0xE308, 0xC308, 0xC308, 0xC308,
  0xC308, 0xC308, 0xC308, 0xE308, 0xE308, 0xC308, 0xC308, 0xC308, 0xC308, 0xC308, 0xE308, 0xE308, 0xC308, 0xC308, 0xC308, 0xE308,
  0xC308, 0xE308, 0xE308, 0xE308, 0xC308, 0xE308, 0xC308, 0xE308, 0xE308, 0xE308, 0xE308, 0xE308, 0xE308, 0xE308, 0xE308, 0xE308,
  0xE308, 0xE308, 0xE308, 0xE308, 0xE308, 0xE308, 0xE308, 0xE308, 0xE308, 0xE308, 0xE308, 0xE308, 0xE308, 0xE308, 0xE308, 0xE308,
  0xE308, 0xE308, 0xE308, 0xE308, 0xC308, 0xE308, 0xE308, 0xE308, 0xC308, 0xE308, 0xC308, 0xE308, 0xC308, 0xE308, 0xE308, 0xE308,
  0xC308, 0xC308, 0xC308, 0xC308, 0xC308, 0xE308, 0xE308, 0xC308, 0xC308, 0xC308, 0xC308, 0xC308, 0xE308, 0xE308, 0xC308, 0xC308,
  0xC308, 0xC308, 0xC308, 0xC308, 0xC308, 0xC308, 0xC308, 0xC308, 0xC308, 0xC308, 0xC308, 0xC308, 0xC308, 0xC308, 0xA308, 0xC308,
  0xA208, 0xC308, 0xC308, 0xC308, 0xA208, 0xA208, 0xA208, 0xA208, 0xA208, 0xC208, 0xC308, 0xA208, 0xA208, 0xA208, 0xA208, 0xA208,
  0xA208, 0xC208, 0xA208, 0xA208, 0xA208, 0xA208, 0xA208, 0xA208, 0xA208, 0xA208, 0xA208, 0xA208, 0x8208, 0xA208, 0x8208, 0xA208,
  0xA208, 0xA208, 0x8208, 0x8208, 0x8208, 0x8208, 0x8208, 0xA208, 0x8208, 0x8208, 0x8208, 0x8208, 0x8208, 0x8208, 0xA208, 0xE310,
  0x0311, 0xA208, 0xC208, 0xC208, 0xC208, 0xC208, 0xC208, 0xC208, 0xC208, 0xC208, 0xE208, 0xE308, 0x0209, 0x2309, 0xA411, 0x2512,
  0xC61A, 0x2924, 0xF13F, 0xF13F, 0xF13F, 0xF23F, 0xF23F, 0xF23F, 0xD23F, 0xD33F, 0xB23F, 0xC91B, 0x6612, 0x2512, 0xE511, 0xA411,
  0x8411, 0x4309, 0xC521, 0xEA42, 0x0E64, 0xD17C, 0xD17C, 0xF17C, 0xF17C, 0xD17C, 0xD17C, 0xD17C, 0xD17C, 0xD17C, 0x6F74, 0x6B53,
  0x472A, 0x4309, 0x6411, 0xA511, 0xC511, 0x0612, 0x6812, 0xC91A, 0x7736, 0x3A3F, 0x3A3F, 0x3A3F, 0x3A3F, 0x3B3F, 0x1C47, 0x1D47,
  0x1C47, 0x7535, 0x4C23, 0xCA1A, 0x691A, 0x2712, 0xE611, 0xC611, 0xA511, 0xA511, 0xA611, 0xA611, 0xE711, 0x0712, 0x281A, 0x8A1A,
  0xCB22, 0x7C46, 0x1F4F, 0x1F4F, 0x1F4F, 0xF634, 0x6A1A, 0x081A, 0x8611, 0x4411, 0x0309, 0x0309, 0xE208, 0xC208, 0xC208, 0xC208,
  0xC208, 0xC208, 0xE208, 0xC208, 0xC208, 0xA208, 0xA208, 0xA208, 0xA208, 0xC208, 0xE208, 0xC208, 0xC208, 0xC208, 0xC208, 0xA208,
  0xA208, 0xC208, 0xA208, 0xA208, 0xA208, 0xA208, 0xA208, 0xA208, 0xA208, 0xA208, 0xA208, 0xA208, 0xA208, 0xA208, 0xA208, 0xC208,
  0xC208, 0xA208, 0xA208, 0xA208, 0xC208, 0xC208, 0xC308, 0xE308, 0xC308, 0xC208, 0xC308, 0xC308, 0xC308, 0xC308, 0xE308, 0xE308,
  0xC308, 0xC308, 0xC308, 0xC308, 0xC308, 0xE308, 0xE308, 0xC308, 0xC308, 0xC308, 0xC308, 0xC308, 0xC308, 0xE308, 0xC308, 0xC308,
  0xC308, 0xC308, 0xE308, 0xE308, 0x0309, 0x0309, 0xE308, 0xE308, 0xE308, 0xE308, 0xE308, 0x0309, 0x0309, 0xE308, 0xE308, 0xE308,
  0xE308, 0xE308, 0xE308, 0xE308, 0xE308, 0xE308, 0xE308, 0xE308, 0xE308, 0xE308, 0xE308, 0xE308, 0xE308, 0xC308, 0xE308, 0xE308,
  0xE308, 0xE308, 0x0409, 0xE308, 0xE308, 0xE308, 0xE308, 0xE308, 0x0309, 0x0411, 0x0409, 0xE308, 0xE308, 0xE308, 0xE308, 0xE308,
  0xE408, 0x0409, 0xE408, 0x0409, 0x0409, 0xE408, 0x0409, 0x0409, 0x2411, 0x0409, 0x0409, 0xE408, 0x0409, 0xE408, 0x0409, 0x0411,
  0x0409, 0xE408, 0xE308, 0xE308, 0xE308, 0xE308, 0xE408, 0xE408, 0xE308, 0xE308, 0xE308, 0xE308, 0xE408, 0x0409, 0x0411, 0xE308,
  0xC308, 0xC308, 0xC308, 0xC308, 0xE308, 0xE308, 0xE308, 0xC308, 0xC308, 0xC308, 0xC308, 0xC308, 0xE408, 0x0409, 0xE308, 0xE308,
  0xC308, 0xC308, 0xC308, 0xE308, 0xE308, 0xE308, 0xE308, 0xE308, 0xC308, 0xC308, 0xC308, 0xE308, 0xC308, 0xC308, 0xC308, 0xC308,
  0xC308, 0xA308, 0xC308, 0xC308, 0xC308, 0xC308, 0xC308, 0xC308, 0xC308, 0xC308, 0xC308, 0xA208, 0xA208, 0xC308, 0xC308, 0xC308,
  0xC308, 0xC308, 0xC308, 0xA208, 0xA208, 0xA208, 0xA208, 0xA208, 0xA208, 0xA208, 0xA208, 0xA208, 0xA208, 0xA208, 0xA208, 0xC308,
  0xC308, 0xA208, 0xA208, 0x8208, 0x8208, 0x8208, 0x8208, 0xA208, 0xA208, 0x8208, 0x8208, 0x8208, 0x8208, 0x8208, 0xA208, 0xE310,
  0x0311, 0xA208, 0xA208, 0xA208, 0xC208, 0xC208, 0xC208, 0xC208, 0xC208, 0xC208, 0xC208, 0xE208, 0x0209, 0x2309, 0x8409, 0x0512,
  0x8612, 0xC823, 0xF13F, 0xF13F, 0xF13F, 0xF23F, 0x1037, 0xF23F, 0xD23F, 0xD33F, 0xD33F, 0x523F, 0x481B, 0x6612, 0x2512, 0x051A,
  0x0A43, 0x4E6C, 0xF17C, 0x9074, 0xAC5B, 0xC93A, 0xE629, 0xA521, 0x6419, 0x2309, 0x4411, 0xA519, 0xE621, 0x683A, 0x4B53, 0x4F6C,
  0xF17C, 0xB074, 0x6B4B, 0x2722, 0x0612, 0x4712, 0x881A, 0xD42D, 0x3A3F, 0x3A3F, 0x3A3F, 0x3A3F, 0xD93E, 0xFA3E, 0x3B3F, 0x3B3F,
  0x3B3F, 0x342D, 0xCA1A, 0x691A, 0x2712, 0xC611, 0x8511, 0x6511, 0x6409, 0x6411, 0x6411, 0x6511, 0x8511, 0xC611, 0x0712, 0x491A,
  0x8A1A, 0x7C46, 0x1F4F, 0x1F4F, 0x1F4F, 0xD534, 0x491A, 0xE711, 0x8511, 0x4411, 0x0309, 0xE208, 0xC208, 0xC208, 0xC208, 0xC208,
  0xC208, 0xC208, 0xC208, 0xC208, 0xC208, 0xC208, 0xA208, 0xC208, 0xA208, 0xC208, 0xE208, 0x0309, 0x0309, 0x0309, 0xE208, 0xC208,
  0xA208, 0xA208, 0xA208, 0xA208, 0xA208, 0xA208, 0x8208, 0xA208, 0xA208, 0xA208, 0xA208, 0xE208, 0xE308, 0x0309, 0xE308, 0xE308,
  0xA208, 0xA208, 0xA208, 0xC308, 0xE308, 0x0309, 0x2309, 0x2309, 0x2309, 0x2309, 0x2309, 0x2309, 0x2309, 0x2311, 0x2309, 0x2311,
  0x2309, 0x2311, 0x2309, 0x2311, 0x2309, 0x2311, 0x2309, 0x2309, 0xE308, 0xC308, 0xC308, 0xC308, 0xC308, 0xC308, 0xC308, 0xC308,
  0xE308, 0x0309, 0x2309, 0x4411, 0x2411, 0x4411, 0x2411, 0x4411, 0x2411, 0x4411, 0x4411, 0x4411, 0x4411, 0x4411, 0x4411, 0x4411,
  0x2409, 0x0409, 0xE308, 0xE308, 0xE308, 0x0309, 0x0409, 0x4411, 0x4411, 0x2409, 0x0309, 0xE308, 0xE308, 0xE308, 0xE308, 0xE308,
  0xE308, 0xE308, 0xE308, 0xE308, 0xE308, 0xE308, 0x0309, 0x2411, 0x4411, 0x4411, 0x2409, 0x0411, 0xE308, 0xE308, 0xE308, 0xE308,
  0xE308, 0x0411, 0x2411, 0x4511, 0x4511, 0x4511, 0x4511, 0x4511, 0x4511, 0x4511, 0x4511, 0x4511, 0x4511, 0x4511, 0x4511, 0x4511,
  0x4511, 0x2511, 0x0411, 0x0409, 0xE308, 0xE308, 0xE308, 0xE308, 0xE308, 0xE308, 0xE408, 0x0411, 0x2511, 0x2511, 0x2411, 0x0409,
  0xE308, 0xE308, 0xC308, 0xE308, 0xC308, 0xE308, 0xC308, 0xC308, 0xC308, 0xC308, 0xE308, 0x0409, 0x0409, 0x2511, 0x2511, 0x0411,
  0xE308, 0xC308, 0xC308, 0xE308, 0x0409, 0x2411, 0x2411, 0x2411, 0xE408, 0xC308, 0xC308, 0xC308, 0xC308, 0xC308, 0xC308, 0xC308,
  0xC308, 0xC308, 0xA308, 0xC308, 0xC308, 0x0409, 0x0411, 0x0411, 0xE408, 0xE308, 0xC308, 0xC308, 0xC308, 0xE308, 0x0409, 0x0411,
  0xE408, 0xE308, 0xC308, 0xA208, 0xA208, 0xA208, 0xA208, 0xA208, 0xA208, 0xA208, 0xA208, 0xA208, 0xA208, 0xC308, 0xC308, 0xE308,
  0xE408, 0xE308, 0xC308, 0xA208, 0x8208, 0x8208, 0x8208, 0x8208, 0x8208, 0x8208, 0x8208, 0x8208, 0x8208, 0x8208, 0x8208, 0xE310,
  0x0311, 0xA208, 0xA208, 0xC208, 0xC208, 0xC208, 0xC208, 0xC208, 0xC208, 0xC208, 0xC208, 0xE208, 0x0209, 0x2309, 0x8411, 0xE411,
  0x4512, 0x8823, 0xF13F, 0xF13F, 0xF13F, 0xF23F, 0x4A24, 0xF036, 0xF23F, 0xD33F, 0xD33F, 0xD33F, 0xF136, 0xE71A, 0x6A3B, 0x117D,
  0x3285, 0x6F6C, 0xA832, 0x4309, 0x2309, 0x2309, 0x0309, 0x0309, 0x0309, 0x0309, 0x0309, 0x0309, 0x2309, 0x2309, 0x2309, 0x4309,
  0xE621, 0xED5B, 0x3285, 0x5285, 0x0E54, 0xA81A, 0x322D, 0x393F, 0x3A3F, 0x3A3F, 0x3A3F, 0x1A3F, 0x0E24, 0x9836, 0x3B3F, 0x3B3F,
  0x3B3F, 0x132D, 0x891A, 0x4812, 0xE611, 0xA511, 0x6411, 0x4411, 0x4409, 0x2311, 0x4411, 0x4409, 0x6511, 0xA511, 0xE711, 0x281A,
  0x691A, 0x5C46, 0x1F4F, 0x1F4F, 0x1F4F, 0xD534, 0x291A, 0xE711, 0x8611, 0x4411, 0x0309, 0xE208, 0xC208, 0xC208, 0xC208, 0xC208,
  0xC208, 0xC208, 0xC208, 0xC208, 0xC208, 0xC208, 0xC208, 0xA208, 0xC208, 0xE208, 0x2309, 0x4512, 0x271B, 0x071B, 0x6411, 0x0309,
  0xC208, 0xA208, 0xA208, 0xA208, 0xA208, 0xA208, 0xA208, 0xA208, 0xA208, 0xA208, 0xE208, 0x2309, 0xE71A, 0x271B, 0xA61A, 0x2309,
  0xE208, 0xC208, 0xC208, 0x0309, 0x0512, 0x271B, 0x481B, 0x0512, 0x0512, 0x481B, 0x481B, 0x6612, 0xC511, 0x271B, 0x481B, 0x8612,
  0xA411, 0x271B, 0x481B, 0xE71A, 0xC511, 0xE71A, 0x481B, 0x071B, 0x4409, 0x0309, 0xC308, 0xC308, 0xC308, 0xC308, 0xC308, 0xE308,
  0x0309, 0x8411, 0x281B, 0x481B, 0xA71A, 0xC511, 0x281B, 0x481B, 0xE71A, 0xC511, 0xE71A, 0x481B, 0x281B, 0xC511, 0xA71A, 0x481B,
  0x281B, 0x8411, 0x2409, 0xE308, 0xE308, 0x2409, 0x8511, 0x281B, 0x481B, 0x6612, 0x4411, 0x0309, 0xE308, 0xE308, 0xE308, 0xE308,
  0xE308, 0xE308, 0xE308, 0xE308, 0xE308, 0x0409, 0x4411, 0x4612, 0x481B, 0x481B, 0xE511, 0x4411, 0x0309, 0xE308, 0xE308, 0xE308,
  0x0411, 0x2511, 0xC711, 0x0D23, 0x0D23, 0x4A1A, 0xE819, 0x0D23, 0x2D23, 0x8B1A, 0xC711, 0xED22, 0x2D23, 0xCC1A, 0xC711, 0xCC1A,
  0x0D23, 0xCC22, 0x6611, 0x2411, 0xE408, 0xE308, 0xE308, 0xE308, 0xE308, 0x0409, 0x2411, 0x8611, 0xEC22, 0x0D23, 0x491A, 0x4511,
  0x0409, 0xE308, 0xE308, 0xE308, 0xE308, 0xE308, 0xE308, 0xC308, 0xC308, 0xE308, 0xE408, 0x2511, 0x091A, 0xED22, 0xED22, 0xA711,
  0x0411, 0xE308, 0xE308, 0x0409, 0x4511, 0xCC1A, 0xED22, 0x8B1A, 0x2511, 0xE408, 0xC308, 0xC308, 0xC308, 0xC308, 0xC308, 0xC308,
  0xC308, 0xC308, 0xC308, 0xE308, 0x0411, 0xA711, 0xEC22, 0xEC22, 0xE819, 0x0411, 0xC308, 0xC308, 0xE308, 0x2411, 0x6A1A, 0xEC22,
  0xAB1A, 0x2511, 0xE308, 0xA208, 0xA208, 0xA208, 0xA208, 0xA208, 0xA208, 0xA208, 0xA208, 0xA208, 0xA208, 0xE308, 0x4511, 0xCC1A,
  0xCC22, 0x091A, 0xE408, 0xA308, 0xA208, 0x8208, 0x8208, 0x8208, 0x8208, 0x8208, 0x8208, 0x8208, 0x8208, 0x8208, 0x8208, 0xE310,
  0x0311, 0xA208, 0xA208, 0xC208, 0xC208, 0xC208, 0xC208, 0xC208, 0xC208, 0xC208, 0xC208, 0xE208, 0x0209, 0x2309, 0x8411, 0xE411,
  0x4512, 0x881B, 0xF13F, 0xF13F, 0xF13F, 0xF23F, 0x0924, 0xA923, 0x513F, 0xD33F, 0xD33F, 0xD33F, 0xD447, 0x1577, 0x9385, 0x317D,
  0x2A3B, 0xC511, 0x8411, 0x6411, 0x4309, 0x2309, 0x2309, 0x0309, 0x0309, 0x2309, 0x0309, 0x2309, 0x2309, 0x2309, 0x4309, 0x6411,
  0x8411, 0xC511, 0x8822, 0x9064, 0x9385, 0x357E, 0x5A4F, 0x393F, 0x3A3F, 0x3A3F, 0x3A3F, 0x7024, 0x2B1B, 0x9836, 0x3B3F, 0x3B3F,
  0x3B3F, 0xF32C, 0x681A, 0x271A, 0xC611, 0x8511, 0x4411, 0x2311, 0x2309, 0x2309, 0x2309, 0x2411, 0x4411, 0x8511, 0xC611, 0x281A,
  0x691A, 0x5C46, 0x1F4F, 0x1F4F, 0x1F4F, 0xD534, 0x291A, 0xE711, 0x8511, 0x4411, 0x0309, 0xE308, 0xC208, 0xC208, 0xC208, 0xC208,
  0xC208, 0xC208, 0xC208, 0xC208, 0xC208, 0xC208, 0xC208, 0xC208, 0xC208, 0x0309, 0x6311, 0x703F, 0xF13F, 0xF13F, 0x8A24, 0x2309,
  0xC208, 0xC208, 0xA208, 0xA208, 0xA208, 0xA208, 0xA208, 0xA208, 0xA208, 0xC208, 0x0309, 0xA823, 0xF13F, 0xF13F, 0xF13F, 0x6612,
  0xE308, 0xC208, 0xE308, 0x4311, 0x0F37, 0xF13F, 0xF13F, 0x0D2E, 0x2E36, 0xF13F, 0xF13F, 0x0F37, 0x2B2D, 0xF13F, 0xF13F, 0x703F,
  0x2924, 0xF13F, 0xF13F, 0xF13F, 0x0924, 0xF13F, 0xF13F, 0xF13F, 0xC923, 0x2309, 0xE308, 0xC308, 0xC308, 0xC308, 0xC308, 0xE308,
  0x4411, 0xCB2C, 0xF13F, 0xF13F, 0x703F, 0x4A24, 0xF13F, 0xF13F, 0xF13F, 0x0924, 0xF13F, 0xF13F, 0xF13F, 0x4A24, 0x703F, 0xF13F,
  0xF13F, 0xAB24, 0x4411, 0x0309, 0x0309, 0x4411, 0xEB2C, 0xF13F, 0xF13F, 0x703F, 0x8411, 0x2411, 0xE308, 0xE308, 0xE308, 0xE308,
  0xE308, 0xE308, 0xE308, 0xE308, 0xE308, 0x2411, 0x8411, 0x0F37, 0xF13F, 0xF13F, 0xED2D, 0x6411, 0x0409, 0xE308, 0xE308, 0xE408,
  0x0409, 0x6611, 0x783D, 0x1F4F, 0x1F4F, 0x5C46, 0xB434, 0x1F4F, 0x1F4F, 0x9D46, 0xF12B, 0x1F4F, 0x1F4F, 0x1F4F, 0xD02B, 0x1F4F,
  0x1F4F, 0x1F4F, 0x8F23, 0x4511, 0x0409, 0xE308, 0xE308, 0xE308, 0xE308, 0x0411, 0x4511, 0x5334, 0x1F4F, 0x1F4F, 0x9D46, 0x6611,
  0x0411, 0xE308, 0xE308, 0xE308, 0xE308, 0xE308, 0xE308, 0xE308, 0xC308, 0xE308, 0x0409, 0x6511, 0x3C46, 0x1F4F, 0x1F4F, 0x373D,
  0x4511, 0x0409, 0xE408, 0x2511, 0x6F23, 0x1F4F, 0x1F4F, 0x1F4F, 0x4A1A, 0x0411, 0xC308, 0xC308, 0xC308, 0xC308, 0xC308, 0xC308,
  0xC308, 0xC308, 0xC308, 0xE308, 0x2511, 0x583D, 0x1F4F, 0x1F4F, 0x3C46, 0x4511, 0xE308, 0xC308, 0xE408, 0x6A1A, 0x1F4F, 0x1F4F,
  0x1F4F, 0x4F23, 0x0411, 0xC308, 0xA208, 0xA208, 0xA208, 0xA208, 0xA208, 0xA208, 0xA208, 0xA208, 0xC308, 0x0411, 0x532C, 0x1F4F,
  0x1F4F, 0x9D46, 0x2511, 0xC308, 0xA208, 0x8208, 0x8208, 0x8208, 0x8208, 0x8208, 0x8208, 0x8208, 0x8208, 0x8208, 0x8208, 0xE310,
  0x0311, 0xA208, 0xC208, 0xC208, 0xC208, 0xC208, 0xC208, 0xC208, 0xC208, 0xC208, 0xC208, 0xE208, 0x0309, 0x2309, 0x8411, 0xE411,
  0x4512, 0x881B, 0xF13F, 0xF13F, 0xF13F, 0xF23F, 0x0924, 0x481B, 0x0924, 0xB23F, 0xD33F, 0xD33F, 0xD77F, 0xD897, 0x5366, 0xA71A,
  0x4612, 0x0512, 0xC511, 0x8411, 0x6311, 0x4309, 0x2309, 0x2309, 0x2309, 0x2309, 0x2309, 0x2309, 0x2309, 0x4309, 0x6411, 0x8411,
  0xC511, 0xE611, 0x2712, 0x8812, 0xB044, 0x9B8F, 0xBB97, 0x3A3F, 0x3A3F, 0x3A3F, 0x122D, 0x2B1B, 0x2B1B, 0x9836, 0x3B3F, 0x3B3F,
  0x3B3F, 0xF22C, 0x681A, 0x2712, 0xC611, 0x8409, 0x4409, 0x2309, 0x0309, 0x0309, 0x0309, 0x2309, 0x4411, 0x8511, 0xC611, 0x081A,
  0x691A, 0x5C46, 0x1F4F, 0x1F4F, 0x1F4F, 0xD534, 0x291A, 0xE711, 0x8611, 0x4411, 0x0309, 0xE208, 0xE208, 0xC208, 0xC208, 0xC208,
  0xC208, 0xC208, 0xC208, 0xC208, 0xC208, 0xC208, 0xC208, 0xC208, 0xC208, 0x0309, 0x8411, 0xF13F, 0xF13F, 0xF13F, 0xEB2C, 0x4311,
  0xE308, 0xC208, 0xC208, 0xA208, 0xA208, 0xA208, 0xA208, 0xA208, 0xC208, 0xE208, 0x2309, 0xC923, 0xF13F, 0xF13F, 0xF13F, 0xA61A,
  0x0309, 0xC308, 0xE308, 0x6411, 0xEF36, 0xF13F, 0xF13F, 0x2D36, 0x2D36, 0xF13F, 0xF13F, 0x0F37, 0x4C2D, 0xF13F, 0xF13F, 0xF13F,
  0x4A24, 0xF13F, 0xF13F, 0xF13F, 0x2924, 0xF13F, 0xF13F, 0xF13F, 0xC923, 0x2411, 0xE308, 0xC308, 0xC308, 0xC308, 0xE308, 0x0309,
  0x6411, 0xEB2C, 0xF13F, 0xF13F, 0xF13F, 0x6A24, 0xF13F, 0xF13F, 0xF13F, 0x2A24, 0xF13F, 0xF13F, 0xF13F, 0x4A24, 0xF13F, 0xF13F,
  0xF13F, 0xEB2C, 0x6411, 0x0309, 0x0409, 0x6411, 0x0B2D, 0xF13F, 0xF13F, 0xF13F, 0xA511, 0x2411, 0xE308, 0xE308, 0xE308, 0xE308,
  0xE308, 0xE308, 0xE308, 0xE308, 0x0409, 0x2409, 0xA511, 0x0F37, 0xF13F, 0xF13F, 0x0D2E, 0x8511, 0x2411, 0xE308, 0xE408, 0xE408,
  0x2411, 0x8611, 0x583D, 0x1F4F, 0x1F4F, 0x5C46, 0xD534, 0x1F4F, 0x1F4F, 0x1F4F, 0xF12B, 0x1F4F, 0x1F4F, 0x1F4F, 0xD12B, 0x1F4F,
  0x1F4F, 0x1F4F, 0x8F2B, 0x6511, 0x2411, 0x0409, 0xE408, 0xE308, 0xE408, 0x0411, 0x6611, 0x7434, 0x1F4F, 0x1F4F, 0x1F4F, 0x8611,
  0x2411, 0xE308, 0xE308, 0xE308, 0xE308, 0xE308, 0xE308, 0xE308, 0xE308, 0xE308, 0x0411, 0x8611, 0x3C46, 0x1F4F, 0x1F4F, 0x573D,
  0x6611, 0x0409, 0x0409, 0x2511, 0x6F23, 0x1F4F, 0x1F4F, 0x1F4F, 0x8B1A, 0x2511, 0xE408, 0xC308, 0xC308, 0xC308, 0xC308, 0xC308,
  0xC308, 0xC308, 0xC308, 0xE408, 0x4511, 0x573D, 0x1F4F, 0x1F4F, 0x3B46, 0x6511, 0xE408, 0xE308, 0x0409, 0x6A1A, 0x1F4F, 0x1F4F,
  0x1F4F, 0x6F23, 0x2411, 0xC308, 0xA208, 0xA208, 0xA208, 0xA208, 0xA208, 0xA208, 0xA208, 0xC208, 0xE308, 0x2511, 0x532C, 0x1F4F,
  0x1F4F, 0x1F4F, 0x4511, 0xC308, 0xA208, 0x8208, 0x8208, 0x8208, 0x8208, 0x8208, 0x8208, 0x8208, 0x8208, 0x8208, 0x8208, 0xE310,
  0x0311, 0xC208, 0xC208, 0xC208, 0xC208, 0xC208, 0xC208, 0xC208, 0xC208, 0xC208, 0xC208, 0xE208, 0x0209, 0x4309, 0x8411, 0xE411,
  0x4512, 0x881B, 0xF13F, 0xF13F, 0xF13F, 0xF23F, 0x0924, 0x281B, 0x281B, 0x8B24, 0xD33F, 0xD33F, 0xD557, 0xD54F, 0xB43F, 0xAC24,
  0x861A, 0x4612, 0x0512, 0xC411, 0x8411, 0x6311, 0x4309, 0x2309, 0x2309, 0x2309, 0x2309, 0x2309, 0x4309, 0x6411, 0x8411, 0xA511,
  0xE611, 0x2612, 0x6712, 0x4B1B, 0xF836, 0x393F, 0x5A5F, 0x393F, 0x3A3F, 0xB42D, 0x0A1B, 0x0A1B, 0x0B1B, 0x9836, 0x3B3F, 0x3B3F,
  0x3B3F, 0xF22C, 0x681A, 0x0712, 0xC511, 0x8411, 0x4309, 0x2309, 0x0309, 0x0309, 0x0309, 0x2309, 0x4409, 0x8511, 0xC611, 0x081A,
  0x691A, 0x5C46, 0x1F4F, 0x1F4F, 0x1F4F, 0xD534, 0x291A, 0xE711, 0x8611, 0x4411, 0x0309, 0xE308, 0xE208, 0xE208, 0xC208, 0xC208,
  0xC208, 0xC208, 0xC208, 0xC208, 0xC208, 0xC208, 0xC208, 0xC208, 0xC208, 0x0309, 0x8411, 0xB13F, 0xF13F, 0xF13F, 0xAA24, 0x8411,
  0x2309, 0x0309, 0xE208, 0xC208, 0xA208, 0xC208, 0xC208, 0xE208, 0xE308, 0x2311, 0x6309, 0xA823, 0xF13F, 0xF13F, 0xF13F, 0x6612,
  0x0309, 0xE308, 0xE308, 0x6411, 0xCF36, 0xF13F, 0xF13F, 0xED2D, 0xED2D, 0xF13F, 0xF13F, 0xCF36, 0xCB24, 0xF13F, 0xF13F, 0xB13F,
  0xE923, 0xF13F, 0xF13F, 0xF13F, 0x881B, 0xF13F, 0xF13F, 0xF13F, 0x681B, 0x2309, 0xE308, 0xC308, 0xE308, 0x0309, 0x0309, 0x4411,
  0x6411, 0xAB24, 0xF13F, 0xF13F, 0xB13F, 0x0924, 0xF13F, 0xF13F, 0xF13F, 0xA923, 0xF13F, 0xF13F, 0xF13F, 0x0924, 0xB13F, 0xF13F,
  0xF13F, 0x8A24, 0x4411, 0x0309, 0x0409, 0x6411, 0xAB24, 0xF13F, 0xF13F, 0xB13F, 0xA511, 0x4411, 0xE308, 0xE308, 0xE308, 0xE308,
  0xE308, 0xE308, 0xE308, 0xE308, 0x0409, 0x2411, 0xA511, 0xCF36, 0xF13F, 0xF13F, 0xCD2D, 0x8511, 0x2409, 0x0409, 0xE408, 0x0409,
  0x2411, 0x8611, 0x3735, 0x1F4F, 0x1F4F, 0x1B46, 0x7434, 0x1F4F, 0x1F4F, 0xDE4E, 0xB02B, 0x1F4F, 0x1F4F, 0x1F4F, 0x4F23, 0x1F4F,
  0x1F4F, 0x1F4F, 0x4E23, 0x8611, 0x4511, 0x2511, 0x0409, 0x0411, 0x0409, 0x0411, 0x6611, 0x332C, 0x1F4F, 0x1F4F, 0xDE4E, 0x8611,
  0x2511, 0xE410, 0xE308, 0xE308, 0xE308, 0xE308, 0xE308, 0xE308, 0xE308, 0xE308, 0x0411, 0x8611, 0xFB45, 0x1F4F, 0x1F4F, 0x3735,
  0x6611, 0x0411, 0xE408, 0x4511, 0x4E23, 0x1F4F, 0x1F4F, 0x1F4F, 0x6A1A, 0x6611, 0x2511, 0x0411, 0xE408, 0xE308, 0xC308, 0xC308,
  0xC308, 0xC308, 0xC308, 0xE408, 0x4511, 0x1735, 0x1F4F, 0x1F4F, 0xFA3D, 0x6611, 0xE408, 0xE308, 0x0411, 0x291A, 0x1F4F, 0x1F4F,
  0x1F4F, 0x2E23, 0x2411, 0xC308, 0xA208, 0xA208, 0xA208, 0xA208, 0xA208, 0xC308, 0xC308, 0xE308, 0x0409, 0x4511, 0x122C, 0x1F4F,
  0x1F4F, 0xDE46, 0x2511, 0xC308, 0xA208, 0xA208, 0x8208, 0x8208, 0x8208, 0x8208, 0x8208, 0x8208, 0x8208, 0x8208, 0x8208, 0xE310,
  0x0311, 0xC208, 0xC208, 0xC208, 0xC208, 0xC208, 0xC208, 0xC208, 0xC208, 0xC208, 0xE208, 0xE208, 0x0309, 0x4309, 0x8411, 0xE411,
  0x4512, 0x881B, 0xF13F, 0xF13F, 0xF13F, 0xF23F, 0xE923, 0x271B, 0x071B, 0x071B, 0x4D2D, 0xD33F, 0xD33F, 0xB33F, 0xB43F, 0xB43F,
  0x2B24, 0x8712, 0x4612, 0xE511, 0xC411, 0x8411, 0x6311, 0x4309, 0x4309, 0x2309, 0x2309, 0x4309, 0x4311, 0x8411, 0xA511, 0x0612,
  0x2612, 0x6712, 0xE91A, 0xB736, 0x3937, 0x3937, 0x3937, 0x3937, 0x3636, 0x0A1B, 0x0A1B, 0x0A1B, 0x0A1B, 0x9836, 0x3B3F, 0x3B3F,
  0x3B3F, 0xF22C, 0x681A, 0x0712, 0xC611, 0x8411, 0x4409, 0x2309, 0x0309, 0x0309, 0x0309, 0x2309, 0x4411, 0x8511, 0xC611, 0x081A,
  0x691A, 0x5C46, 0x1F4F, 0x1F4F, 0x1F4F, 0xD534, 0x291A, 0xE711, 0x8611, 0x4411, 0x0309, 0x0309, 0xE208, 0xC208, 0xC208, 0xC208,
  0xC208, 0xC208, 0xE208, 0xC208, 0xC208, 0xC208, 0xC208, 0xC208, 0xC208, 0x0309, 0xA411, 0xE71A, 0xC923, 0xC823, 0x4512, 0xE511,
  0xA411, 0x8411, 0x4309, 0x0309, 0xC208, 0xC208, 0xE308, 0x2309, 0x8411, 0xA411, 0xC411, 0x0512, 0xA81B, 0xC923, 0x271B, 0xA411,
  0x2309, 0xC308, 0xE308, 0x6411, 0xA612, 0xC923, 0xC923, 0xA61A, 0x6612, 0x481B, 0x481B, 0x4612, 0xC511, 0x481B, 0x481B, 0xA612,
  0xC511, 0x271B, 0x481B, 0xE71A, 0xA511, 0xE71A, 0x481B, 0xE71A, 0x4409, 0x0309, 0xC308, 0xE308, 0x0309, 0x6411, 0x8411, 0xA511,
  0xA511, 0xE511, 0x481B, 0x481B, 0xA71A, 0xE511, 0x281B, 0x681B, 0xE71A, 0xC511, 0xE71A, 0x681B, 0x281B, 0xE511, 0xC71A, 0x681B,
  0x281B, 0x8511, 0x2409, 0x0409, 0x2409, 0x6411, 0x2612, 0xC923, 0xE923, 0x071B, 0xC511, 0x4411, 0x0409, 0xE308, 0xE308, 0xE308,
  0xE308, 0xE408, 0x0411, 0xE408, 0x0409, 0x2411, 0xA511, 0xC71A, 0xE923, 0xE923, 0x871A, 0x8511, 0x2411, 0x0409, 0xE408, 0x0409,
  0x2511, 0x8611, 0x4A1A, 0x8F2B, 0x902B, 0xCC22, 0x291A, 0x2E23, 0x2E23, 0x8B1A, 0xC811, 0xED22, 0x2E23, 0xCC22, 0xC711, 0xCC22,
  0x2E23, 0xED22, 0xC711, 0xA711, 0xA711, 0x8611, 0x6611, 0x2511, 0x0409, 0x0411, 0x6611, 0x081A, 0x6F23, 0x8F2B, 0xCC22, 0x8711,
  0x2511, 0xE408, 0xE308, 0xE308, 0xE308, 0xE308, 0xE308, 0xE308, 0xE308, 0xE308, 0x0411, 0x8611, 0x8B1A, 0x8F2B, 0x6F23, 0x291A,
  0x6611, 0x0411, 0x0409, 0x4511, 0xC711, 0x4E23, 0x8F2B, 0x2E23, 0xE819, 0xA711, 0x8711, 0x6611, 0x4511, 0xE408, 0xC308, 0xC308,
  0xC308, 0xC308, 0xE308, 0x0409, 0x4511, 0x091A, 0x6F23, 0x6F23, 0x6A1A, 0x6611, 0x0411, 0xE308, 0x0411, 0x8611, 0xED22, 0x6F23,
  0x2E23, 0xA711, 0x2411, 0xC308, 0xA208, 0xA208, 0xA208, 0xA208, 0xC308, 0xE408, 0x2411, 0x4511, 0x6611, 0x6611, 0x8611, 0xEC22,
  0xEC22, 0x091A, 0x0411, 0xC308, 0xA208, 0x8208, 0x8208, 0xA208, 0xA208, 0x8208, 0x8208, 0x8208, 0x8208, 0x8208, 0xA208, 0xE310,
  0x0311, 0xC208, 0xC208, 0xC208, 0xC208, 0xC208, 0xC208, 0xC208, 0xC208, 0xC208, 0xE208, 0x0309, 0x0209, 0x4309, 0x8411, 0xE411,
  0x4512, 0xA823, 0xF13F, 0xF13F, 0xF13F, 0xF23F, 0xE923, 0x071B, 0xE71A, 0xE71A, 0xE71A, 0x0F2E, 0xD33F, 0xD43F, 0xB43F, 0xB43F,
  0x743F, 0x891B, 0x861A, 0x4612, 0x261A, 0x6B4B, 0x4F6C, 0x528D, 0x36A6, 0x19C7, 0x97AE, 0x9395, 0x9074, 0xCD53, 0x882A, 0x2612,
  0x6712, 0xC91A, 0x352E, 0x3937, 0x3937, 0x3937, 0x3937, 0xB736, 0x2A1B, 0xC91A, 0xE91A, 0xEA1A, 0xEA1A, 0x9836, 0x3B3F, 0x3B3F,
  0x1B3F, 0xF22C, 0x681A, 0x2712, 0xC611, 0x8511, 0x6411, 0x2311, 0x0309, 0x0309, 0x0309, 0x2309, 0x6411, 0x8511, 0xC611, 0x081A,
  0x691A, 0x5C46, 0x1F4F, 0x1F4F, 0x1F4F, 0xD534, 0x291A, 0xE711, 0x8611, 0x4411, 0x2309, 0x0309, 0xE208, 0xE208, 0xC208, 0xC208,
  0xC208, 0xC208, 0xE208, 0xE308, 0xC208, 0xC208, 0xC208, 0xC208, 0xC208, 0x2311, 0xA411, 0xEF36, 0xF13F, 0xF13F, 0xEB24, 0x8E36,
  0xF13F, 0xF13F, 0x6C2D, 0x4311, 0xE208, 0xE308, 0x0309, 0x8A24, 0xF13F, 0xF13F, 0xEF36, 0x2924, 0xD13F, 0xF13F, 0x903F, 0xA61A,
  0x2309, 0xE308, 0xE308, 0x6411, 0x6E36, 0xF13F, 0xF13F, 0xAC2D, 0xA411, 0x6411, 0x2309, 0x2311, 0x2309, 0x2311, 0x4411, 0x4411,
  0x2309, 0x2311, 0x2311, 0x2411, 0x2309, 0x4411, 0x4411, 0x2309, 0x0309, 0xE308, 0xC308, 0x0309, 0x4411, 0xAC2D, 0xF13F, 0xF13F,
  0x6E36, 0xA511, 0x6411, 0x4411, 0x4411, 0x6411, 0x4411, 0x4411, 0x4411, 0x4411, 0x4411, 0x6411, 0x6411, 0x4411, 0x4411, 0x4411,
  0x4411, 0x2409, 0x0309, 0x0409, 0x2411, 0x8411, 0xCB24, 0xF13F, 0xF13F, 0xEF36, 0xC511, 0x4411, 0x0409, 0xE308, 0xE308, 0xE408,
  0xE308, 0x0411, 0x0409, 0x0409, 0x0409, 0x2411, 0xA511, 0x6E36, 0xF13F, 0xF13F, 0xAD2D, 0xA511, 0x2411, 0x0409, 0xE408, 0x0409,
  0x4511, 0xA611, 0x3735, 0x1F4F, 0x1F4F, 0xDA3D, 0xC819, 0xA611, 0x8611, 0x6511, 0x4511, 0x6511, 0x4511, 0x6511, 0x6511, 0x6611,
  0x6611, 0x8611, 0xA711, 0x1B46, 0x1F4F, 0xFF4E, 0x122C, 0x6511, 0x0409, 0x2411, 0x6611, 0x532C, 0xFF4E, 0x1F4F, 0x3B46, 0xA711,
  0x2511, 0x0411, 0xE308, 0xE308, 0xE308, 0x0411, 0xE308, 0xE308, 0xE308, 0xE408, 0x0411, 0x8611, 0xB93D, 0x1F4F, 0x1F4F, 0xF634,
  0x6611, 0x0411, 0x0409, 0x4511, 0x8F2B, 0xFF4E, 0x1F4F, 0xBE46, 0xB02B, 0xBE46, 0x1F4F, 0xFF4E, 0x2E23, 0x2411, 0xE308, 0xC308,
  0xC308, 0xC308, 0xE308, 0x0411, 0x4511, 0x1635, 0x1F4F, 0x1F4F, 0xB93D, 0x6611, 0x0409, 0xE308, 0x0411, 0x8B1A, 0xBE46, 0x1F4F,
  0xFF4E, 0x4E23, 0x2411, 0xC308, 0xA208, 0xA208, 0xA208, 0xA208, 0xE308, 0x2411, 0xF634, 0x1F4F, 0x1F4F, 0x993D, 0x4511, 0x4511,
  0x2411, 0xE408, 0xC308, 0xA208, 0x8208, 0xA208, 0xA208, 0xA208, 0xA208, 0x8208, 0x8208, 0x8208, 0x8208, 0x8208, 0xA208, 0x0311,
  0x0311, 0xC208, 0xC208, 0xC208, 0xC208, 0xC208, 0xC208, 0xC208, 0xC208, 0xC208, 0xE208, 0xE208, 0x0309, 0x4309, 0x8411, 0xE411,
  0x4512, 0x881B, 0xF13F, 0xF13F, 0xF13F, 0xF23F, 0xC923, 0xE71A, 0xC61A, 0xA61A, 0xC71A, 0xE71A, 0xB036, 0xB33F, 0xB43F, 0xB43F,
  0xB43F, 0x3337, 0x281B, 0x6E5C, 0xF8B6, 0x7AC7, 0x5AC7, 0xD8B6, 0xB495, 0x9074, 0x528D, 0x77AE, 0x5AC7, 0x7AC7, 0x5AC7, 0x327D,
  0xE922, 0xD32D, 0x3837, 0x3937, 0x3937, 0x3937, 0xF836, 0x8B1B, 0xC91A, 0xA91A, 0xA91A, 0xC91A, 0xEA1A, 0x7836, 0x3B3F, 0x3B3F,
  0x3B3F, 0xF22C, 0x681A, 0x2712, 0xE611, 0x8509, 0x6409, 0x4309, 0x2309, 0x2309, 0x2309, 0x4309, 0x6411, 0x8511, 0xE611, 0x281A,
  0x691A, 0x5C46, 0x1F4F, 0x1F4F, 0x1F4F, 0xD534, 0x491A, 0xE711, 0x8611, 0x4411, 0x0309, 0x0309, 0xE208, 0xE208, 0xE208, 0xC208,
  0xC208, 0xC208, 0xE208, 0xE208, 0xC208, 0xC208, 0xC208, 0xC208, 0xC208, 0x2309, 0xA411, 0xF13F, 0xF13F, 0xF13F, 0x4C2D, 0x0F37,
  0xF13F, 0xF13F, 0xED2D, 0x6411, 0x0309, 0x0309, 0x4311, 0xEB2C, 0xF13F, 0xF13F, 0xF13F, 0x6A24, 0xF13F, 0xF13F, 0xF13F, 0xA61A,
  0x2309, 0xC308, 0x0309, 0x6411, 0x0F37, 0xF13F, 0xF13F, 0xED2D, 0x8411, 0x0309, 0xE308, 0xC308, 0xC308, 0xC308, 0xE308, 0xE308,
  0xE308, 0xE308, 0xE308, 0xE308, 0xE308, 0xE308, 0xE308, 0xE308, 0xC308, 0xC308, 0xC308, 0x0309, 0x6411, 0xED2D, 0xF13F, 0xF13F,
  0xEF36, 0xA511, 0x4411, 0x0309, 0x0309, 0x0309, 0x0309, 0xE308, 0x0309, 0x0309, 0x0309, 0x0309, 0x0309, 0x0309, 0x0309, 0x0309,
  0x0309, 0xE308, 0xE308, 0xE308, 0x2409, 0x8411, 0x0B2D, 0xF13F, 0xF13F, 0xF13F, 0xC511, 0x4411, 0x0409, 0xE408, 0xE408, 0xE408,
  0xE408, 0x0409, 0x0409, 0xE408, 0x0409, 0x4411, 0xC511, 0x0F37, 0xF13F, 0xF13F, 0x0D2E, 0xA511, 0x4411, 0x0409, 0x0411, 0x0409,
  0x2511, 0x8711, 0x783D, 0x1F4F, 0x1F4F, 0x3C46, 0xA711, 0x6511, 0x2511, 0x0411, 0x0411, 0x0411, 0x2411, 0x0411, 0x0411, 0x2411,
  0x2411, 0x4511, 0xA711, 0x1F4F, 0x1F4F, 0x1F4F, 0x9434, 0x6611, 0x2411, 0x2411, 0x6611, 0x9434, 0x1F4F, 0x1F4F, 0x1F4F, 0xA711,
  0x2511, 0x0409, 0xE308, 0xE308, 0xE308, 0xE308, 0xE308, 0xE308, 0xE308, 0xE408, 0x2411, 0x8611, 0x3C46, 0x1F4F, 0x1F4F, 0x583D,
  0x6611, 0x0411, 0x0409, 0x4511, 0x902B, 0x1F4F, 0x1F4F, 0x1F4F, 0xD12B, 0x1F4F, 0x1F4F, 0x1F4F, 0x6F23, 0x4511, 0x0409, 0xE308,
  0xC308, 0xC308, 0xC308, 0x0409, 0x6511, 0x583D, 0x1F4F, 0x1F4F, 0x3B46, 0x6611, 0x0409, 0xE308, 0x2411, 0x8B1A, 0x1F4F, 0x1F4F,
  0x1F4F, 0x6F23, 0x2511, 0xC308, 0xA208, 0xA208, 0xA208, 0xC308, 0xE408, 0x4511, 0x573D, 0x1F4F, 0x1F4F, 0x3B46, 0x4511, 0x0409,
  0xC308, 0xA208, 0xA208, 0xA208, 0xA208, 0x8208, 0xA208, 0xA208, 0xA208, 0x8208, 0x8208, 0x8208, 0x8208, 0x8208, 0x8208, 0xE310,
  0x0311, 0xC208, 0xC208, 0xC208, 0xC208, 0xC208, 0xC208, 0xC208, 0xC208, 0xC208, 0xC208, 0xE208, 0x0309, 0x4309, 0x8411, 0xE411,
  0x4512, 0x8823, 0xF13F, 0xF13F, 0xF13F, 0xF23F, 0xC923, 0xC61A, 0x861A, 0x8612, 0x8612, 0xA61A, 0x281B, 0x3237, 0xB43F, 0xB43F,
  0xB43F, 0xB767, 0xBAAF, 0x7BCF, 0x569E, 0xCC4B, 0x461A, 0xC411, 0x8411, 0x8411, 0x8411, 0xA511, 0x061A, 0x4A3B, 0x7385, 0x5AC7,
  0x9BBF, 0x9A7F, 0x383F, 0x3937, 0x3937, 0x3937, 0xED23, 0xA81A, 0x8812, 0x881A, 0x8812, 0xA91A, 0xC91A, 0x9836, 0x3B3F, 0x3B3F,
  0x3B3F, 0xF32C, 0x891A, 0x471A, 0xE611, 0xA511, 0x6411, 0x4411, 0x4309, 0x2311, 0x4309, 0x4411, 0x6411, 0xA511, 0xE711, 0x281A,
  0x691A, 0x5C46, 0x1F4F, 0x1F4F, 0x1F4F, 0xD534, 0x291A, 0xE711, 0x8611, 0x4411, 0x0309, 0x0309, 0xE208, 0xE208, 0xC208, 0xC208,
  0xC208, 0xE208, 0xC208, 0xC208, 0xC208, 0xC208, 0xC208, 0xC208, 0xC208, 0x2311, 0xA411, 0xF13F, 0xF13F, 0xF13F, 0x2C2D, 0x0F37,
  0xF13F, 0xF13F, 0xED2D, 0x8411, 0x2309, 0x2311, 0x6409, 0xCB2C, 0xF13F, 0xF13F, 0xF13F, 0x4A24, 0xF13F, 0xF13F, 0xF13F, 0x861A,
  0x0309, 0xE308, 0xE308, 0x6411, 0xEF36, 0xF13F, 0xF13F, 0xED2D, 0x6411, 0xE308, 0xC308, 0xC308, 0xA208, 0xC308, 0xA308, 0xC308,
  0xC308, 0xC308, 0xC308, 0xC308, 0xC308, 0xC308, 0xC308, 0xC308, 0xC308, 0xC308, 0xC308, 0x0309, 0x8411, 0xED2D, 0xF13F, 0xF13F,
  0xEF36, 0xA511, 0x2409, 0xE308, 0xC308, 0xE308, 0xC308, 0xE308, 0xC308, 0xE308, 0xE308, 0xE308, 0xE308, 0xE308, 0xE308, 0xE308,
  0xE308, 0xE308, 0xE308, 0xE308, 0x0409, 0x8511, 0xEB2C, 0xF13F, 0xF13F, 0xF13F, 0xC511, 0x4411, 0x0409, 0xE408, 0xE408, 0xE408,
  0xE408, 0x0409, 0xE408, 0x0409, 0x0409, 0x4411, 0xA511, 0xEF36, 0xF13F, 0xF13F, 0xED2D, 0xA511, 0x2411, 0x0409, 0x0409, 0x0409,
  0x2511, 0x8611, 0x583D, 0x1F4F, 0x1F4F, 0x3B46, 0xA711, 0x4511, 0x0411, 0x0411, 0x0409, 0x0411, 0x0409, 0x0411, 0x0409, 0x0411,
  0x0411, 0x4511, 0xA711, 0xFF4E, 0x1F4F, 0x1F4F, 0x7434, 0x8611, 0x2411, 0x2511, 0x6611, 0x7434, 0x1F4F, 0x1F4F, 0xFF4E, 0xA711,
  0x2511, 0x0411, 0xE308, 0xE308, 0xE308, 0xE308, 0xE308, 0xE308, 0xE308, 0x0411, 0x2411, 0x8611, 0x3B46, 0x1F4F, 0x1F4F, 0x573D,
  0x6611, 0x0411, 0x0409, 0x4511, 0x6F23, 0x1F4F, 0x1F4F, 0x1F4F, 0xB02B, 0x1F4F, 0x1F4F, 0x1F4F, 0x6F23, 0x6611, 0x2511, 0x0411,
  0xE408, 0xE308, 0xC308, 0x0409, 0x6511, 0x573D, 0x1F4F, 0x1F4F, 0x1B46, 0x6611, 0x0409, 0xE308, 0x0411, 0x6A1A, 0x1F4F, 0x1F4F,
  0x1F4F, 0x6F23, 0x2411, 0xE308, 0xC308, 0xC308, 0xE308, 0xE410, 0x0411, 0x6511, 0x373D, 0x1F4F, 0x1F4F, 0x1B46, 0x2511, 0xE308,
  0xA208, 0xA208, 0xA208, 0xA208, 0xA208, 0xA208, 0x8208, 0xA208, 0x8208, 0x8208, 0x8208, 0x8208, 0x8208, 0x8208, 0x8208, 0xE310,
  0x0311, 0xC208, 0xC208, 0xC208, 0xC208, 0xC208, 0xC208, 0xC208, 0xC208, 0xC208, 0xE208, 0xE208, 0x0309, 0x4309, 0x8411, 0xE411,
  0x4512, 0x881B, 0xF13F, 0xF13F, 0xF13F, 0xF23F, 0xA823, 0xA61A, 0x6612, 0x4612, 0x4612, 0x6612, 0x8612, 0x891B, 0x733F, 0xB43F,
  0xB657, 0xFCCF, 0xDA9F, 0x7356, 0xA71A, 0x6612, 0x2612, 0xE511, 0xC511, 0xC411, 0xC511, 0xE511, 0x0612, 0x4712, 0x8712, 0xAF34,
  0xBA8F, 0xFCC7, 0x9A87, 0x3937, 0x3937, 0x8F24, 0xA812, 0x6812, 0x6712, 0x6712, 0x6812, 0xA91A, 0xEA1A, 0x9836, 0x3B3F, 0x3B3F,
  0x3B3F, 0x132D, 0xC91A, 0x6812, 0x0712, 0xC611, 0xA511, 0x8411, 0x6409, 0x6411, 0x6411, 0x8511, 0xA511, 0xC611, 0x071A, 0x491A,
  0x8A1A, 0x5C46, 0x1F4F, 0x1F4F, 0x1F4F, 0xD534, 0x491A, 0xE711, 0x8611, 0x4411, 0x0309, 0xE308, 0xE208, 0xE208, 0xE208, 0xC208,
  0xC208, 0xC208, 0xC208, 0xC208, 0xC208, 0xC208, 0xC208, 0xC208, 0xE208, 0x2311, 0xA411, 0x4A24, 0x4C2D, 0x4C2D, 0x071B, 0xC91B,
  0x0B2D, 0xEB2C, 0xE71A, 0xA411, 0xA411, 0xA411, 0xA411, 0x6612, 0xEB2C, 0xEB2C, 0x2924, 0xA61A, 0x2B2D, 0x4C2D, 0xCB24, 0xA411,
  0x2309, 0xE308, 0x0309, 0x6411, 0xC91B, 0x4C2D, 0x2C2D, 0x271B, 0x6411, 0xE308, 0xC308, 0xA208, 0xC308, 0xC308, 0xC308, 0xC308,
  0xC308, 0xC308, 0xC308, 0xC308, 0xC308, 0xC308, 0xC308, 0xC308, 0xC308, 0xC308, 0xC308, 0x0309, 0x8411, 0x281B, 0x4C2D, 0x4C2D,
  0xC923, 0xA511, 0x2411, 0xE308, 0xE308, 0xC308, 0xE308, 0xE308, 0xE308, 0xE308, 0xE308, 0xE308, 0xE308, 0xE308, 0xE308, 0xE308,
  0xE308, 0xE308, 0xE308, 0xE308, 0x2411, 0x8511, 0xC71A, 0x4C2D, 0x6C2D, 0x6A24, 0xC511, 0x4411, 0x0409, 0xE408, 0xE408, 0xE408,
  0x0409, 0xE408, 0x0409, 0x0409, 0x0409, 0x4411, 0xC511, 0xE923, 0x6C2D, 0x4C2D, 0x481B, 0xA511, 0x4411, 0x0409, 0x0411, 0x0409,
  0x4511, 0x8711, 0x0D23, 0xD534, 0xD534, 0x8F2B, 0xA711, 0x4511, 0x0411, 0x0409, 0x0411, 0x0409, 0x0411, 0x0409, 0x0411, 0x0409,
  0x0411, 0x4511, 0xA711, 0xF12B, 0xD534, 0xB534, 0x8B1A, 0x8611, 0x2511, 0x2511, 0x8611, 0x8B1A, 0xB534, 0xD534, 0xF12B, 0xA711,
  0x4511, 0x0411, 0xE408, 0xE308, 0xE308, 0xE308, 0xE308, 0xE308, 0xE308, 0xE408, 0x2411, 0x8611, 0x6F23, 0xD534, 0xB534, 0xED22,
  0x6611, 0x0411, 0x0409, 0x4511, 0x291A, 0x9434, 0xD534, 0x7334, 0x291A, 0x322C, 0x7434, 0x332C, 0x081A, 0x8711, 0x8611, 0x6611,
  0x4511, 0x0409, 0xE308, 0x0409, 0x6611, 0xEC22, 0xB534, 0xB534, 0x6F23, 0x6611, 0x0409, 0xE308, 0x2411, 0xA711, 0x532C, 0xB534,
  0x7334, 0x0812, 0x2411, 0xE308, 0xC308, 0xE408, 0x2511, 0x6511, 0x6611, 0x8611, 0xAB1A, 0x532C, 0x532C, 0xED22, 0x0411, 0xC308,
  0xA208, 0xA208, 0xA208, 0xA208, 0xA208, 0xA208, 0xA208, 0x8208, 0x8208, 0x8208, 0x8208, 0x8208, 0x8208, 0x8208, 0x8208, 0xE310,
  0x0311, 0xC208, 0xC208, 0xC208, 0xC208, 0xC208, 0xC208, 0xC208, 0xC208, 0xC208, 0xC208, 0xE208, 0x0309, 0x4309, 0x8411, 0xE411,
  0x4512, 0x8823, 0xF13F, 0xF13F, 0xF13F, 0xF23F, 0xA81B, 0x861A, 0x4512, 0x2512, 0x0512, 0x2512, 0x4612, 0x8612, 0x0A24, 0xB43F,
  0xB43F, 0xB657, 0x953F, 0x953F, 0x4E2D, 0xA71A, 0x6612, 0x2612, 0x0512, 0x0512, 0x0612, 0x2612, 0x4712, 0x881A, 0xAB1B, 0x3737,
  0x5837, 0x5947, 0x5947, 0x3937, 0x522D, 0xA81A, 0x6712, 0x4712, 0x2712, 0x4712, 0x681A, 0xC91A, 0x0B1B, 0x9836, 0x3B3F, 0x3B3F,
  0x3B3F, 0x5435, 0x0B1B, 0xA91A, 0x4812, 0x0712, 0xE611, 0xC611, 0xA511, 0xA511, 0xA511, 0xA611, 0xC611, 0xE711, 0x481A, 0x8A1A,
  0xCB1A, 0x7C46, 0x1F4F, 0x1F4F, 0x1F4F, 0xF534, 0x691A, 0x081A, 0xA611, 0x4411, 0x0309, 0x0309, 0xE208, 0xE208, 0xE208, 0xE208,
  0xC208, 0xE208, 0xC208, 0xC208, 0xC208, 0xC208, 0xC208, 0xC208, 0xC208, 0x2311, 0xA411, 0xEF36, 0xF13F, 0xF13F, 0x2924, 0xC411,
  0x8411, 0x6411, 0x8411, 0x0B2D, 0xF13F, 0xF13F, 0x0D2E, 0xA411, 0x6409, 0x6411, 0xA411, 0x681B, 0xD13F, 0xF13F, 0x913F, 0x2512,
  0x0309, 0xE308, 0x0309, 0x8411, 0x4E36, 0xF13F, 0xF13F, 0x2B2D, 0x6411, 0xE308, 0xC308, 0xC308, 0xA208, 0xC308, 0xC308, 0xC308,
  0xC308, 0xC308, 0xC308, 0xC308, 0xC308, 0xC308, 0xC308, 0xC308, 0xC308, 0xC308, 0xC308, 0x0309, 0x8411, 0x2C2D, 0xF13F, 0xF13F,
  0x2E36, 0xA511, 0x2411, 0xE308, 0xC308, 0xE308, 0xE308, 0xE308, 0xE308, 0xE308, 0xE308, 0xE308, 0xE308, 0xE308, 0xE308, 0xE308,
  0xE308, 0xE308, 0xE308, 0xE308, 0x2409, 0x8511, 0x2A24, 0xF13F, 0xF13F, 0xEF36, 0xC511, 0x4411, 0x0409, 0x0409, 0xE408, 0x0411,
  0xE408, 0x0411, 0x0409, 0x0411, 0x0409, 0x4411, 0xC511, 0x6E36, 0xF13F, 0xF13F, 0x4C2D, 0xA511, 0x4411, 0x0409, 0x0409, 0x0409,
  0x4511, 0xA711, 0xB534, 0x1F4F, 0x1F4F, 0x993D, 0xA711, 0x4511, 0x0411, 0x0411, 0x0409, 0x0411, 0x0409, 0x0411, 0x0409, 0x0411,
  0x0411, 0x4511, 0xA711, 0x3B46, 0x1F4F, 0xFF4E, 0xD02B, 0x8611, 0x2511, 0x2511, 0x6611, 0xD02B, 0xFF4E, 0x1F4F, 0x3B46, 0xA711,
  0x2511, 0x0411, 0xE408, 0xE408, 0xE308, 0xE308, 0xE308, 0xE308, 0xE308, 0x0411, 0x2411, 0x8611, 0x993D, 0x1F4F, 0x1F4F, 0xB534,
  0x6611, 0x2411, 0x0409, 0x4511, 0x0D23, 0xFF4E, 0x1F4F, 0xBE46, 0x6A1A, 0x8611, 0x6611, 0x6611, 0xA711, 0x1B46, 0x1F4F, 0xFF4E,
  0x6F23, 0x2411, 0xE408, 0x0411, 0x6511, 0x9434, 0x1F4F, 0x1F4F, 0x783D, 0x6611, 0x0409, 0xE308, 0x0411, 0x291A, 0xBE46, 0x1F4F,
  0xFF4E, 0xCC22, 0x2411, 0xE308, 0xE308, 0x2511, 0x783D, 0x1F4F, 0x1F4F, 0x9434, 0x6611, 0x4511, 0x2409, 0x0409, 0xC308, 0xA208,
  0xA208, 0xA208, 0xA208, 0xA208, 0xA208, 0xA208, 0x8208, 0xA208, 0x8208, 0x8208, 0x8208, 0x8208, 0x8208, 0x8208, 0x8208, 0xE310,
  0x2311, 0xC208, 0xC208, 0xC208, 0xC208, 0xC208, 0xC208, 0xC208, 0xC208, 0xC208, 0xE208, 0xE208, 0x0309, 0x4309, 0x8411, 0xE411,
  0x4512, 0x881B, 0xF13F, 0xF13F, 0xF13F, 0xF23F, 0xA823, 0x861A, 0x2512, 0x0512, 0xE511, 0xE511, 0x0512, 0x4612, 0x871A, 0xCC24,
  0xB43F, 0xB43F, 0xB53F, 0x953F, 0x953F, 0x8C24, 0xA71A, 0x6712, 0x6612, 0x4612, 0x4612, 0x6712, 0x8712, 0x4A1B, 0xF636, 0x5837,
  0x5837, 0x3837, 0x3837, 0x142E, 0xA81A, 0x6712, 0x4712, 0x0612, 0x0612, 0x2712, 0x881A, 0xEA1A, 0x6C23, 0x9936, 0x3B3F, 0x1C47,
  0x1C3F, 0x7535, 0x6D23, 0x0B1B, 0xA91A, 0x6812, 0x2712, 0x0712, 0x0712, 0xE711, 0x0712, 0x0712, 0x0712, 0x481A, 0x891A, 0xCB1A,
  0x2C23, 0x7C46, 0x1F4F, 0x1F4F, 0x1F4F, 0x1635, 0xAA1A, 0x281A, 0xA611, 0x4411, 0x2309, 0x0309, 0xE208, 0xE208, 0xE208, 0xE208,
  0xC208, 0xC208, 0xE208, 0xC208, 0xC208, 0xC208, 0xC208, 0xC208, 0xE208, 0x2309, 0xA411, 0xF13F, 0xF13F, 0xF13F, 0x0B2D, 0x8411,
  0x2309, 0x2309, 0x8411, 0xED2D, 0xF13F, 0xF13F, 0xEF36, 0x8411, 0x2311, 0x2309, 0x6411, 0xE923, 0xF13F, 0xF13F, 0xF13F, 0xA61A,
  0x2309, 0xE308, 0x0309, 0x8411, 0x0F37, 0xF13F, 0xF13F, 0xED2D, 0x6411, 0x0309, 0xC308, 0xC308, 0xC308, 0xC308, 0xC308, 0xC308,
  0xC308, 0xC308, 0xC308, 0xC308, 0xC308, 0xC308, 0xC308, 0xC308, 0xC308, 0xC308, 0xC308, 0x0309, 0x8411, 0x0D2E, 0xF13F, 0xF13F,
  0x0F37, 0xA511, 0x2411, 0xE308, 0xE308, 0xE308, 0xE308, 0xE308, 0xE308, 0xE308, 0xE308, 0xE308, 0xE308, 0xE308, 0xE308, 0xE308,
  0xE308, 0xE308, 0xE308, 0xE308, 0x2411, 0x8511, 0x0C2D, 0xF13F, 0xF13F, 0xF13F, 0xC511, 0x4411, 0x0409, 0x0409, 0x0409, 0x0409,
  0x0409, 0x0409, 0x0409, 0x0409, 0x2409, 0x4411, 0xC511, 0x0F37, 0xF13F, 0xF13F, 0x0E2E, 0xA511, 0x4411, 0x0409, 0x0411, 0x0409,
  0x4511, 0xA711, 0x783D, 0x1F4F, 0x1F4F, 0x3C46, 0xC711, 0x4511, 0x2511, 0x0409, 0x0409, 0x0409, 0x0409, 0x0409, 0x0409, 0x0409,
  0x2411, 0x4511, 0xC711, 0x1F4F, 0x1F4F, 0x1F4F, 0x9434, 0x8611, 0x2511, 0x2511, 0x8611, 0x9434, 0x1F4F, 0x1F4F, 0x1F4F, 0xA711,
  0x4511, 0x0411, 0xE408, 0xE408, 0xE408, 0xE308, 0xE308, 0xE308, 0xE308, 0xE408, 0x2511, 0x8611, 0x3C46, 0x1F4F, 0x1F4F, 0x583D,
  0x8611, 0x0411, 0x0409, 0x4511, 0x902B, 0x1F4F, 0x1F4F, 0x1F4F, 0xAB1A, 0x4511, 0x2511, 0x4511, 0x8611, 0x1F4F, 0x1F4F, 0x1F4F,
  0x7334, 0x4511, 0x0411, 0x0411, 0x6611, 0x583D, 0x1F4F, 0x1F4F, 0x3C46, 0x6611, 0x0409, 0xE308, 0x2411, 0x8B1A, 0x1F4F, 0x1F4F,
  0x1F4F, 0x6F23, 0x2511, 0xE408, 0x0409, 0x4511, 0x3B46, 0x1F4F, 0x1F4F, 0x573D, 0x4511, 0x0411, 0xC308, 0xC308, 0xA208, 0xA208,
  0xA208, 0xA208, 0xA208, 0xA208, 0xA208, 0xA208, 0xA208, 0xA208, 0x8208, 0x8208, 0x8208, 0x8208, 0x8208, 0x8208, 0x8208, 0xE310,
  0x0311, 0xC208, 0xC208, 0xC208, 0xC208, 0xC208, 0xC208, 0xC208, 0xC208, 0xC208, 0xE208, 0xE208, 0x0309, 0x4309, 0x8411, 0xE411,
  0x4512, 0x8823, 0xF13F, 0xF13F, 0xF13F, 0xF23F, 0x881B, 0x6612, 0x2512, 0xE411, 0xC411, 0xC411, 0xE511, 0x0512, 0x4612, 0xA71A,
  0x8F2D, 0xB43F, 0x953F, 0x953F, 0x953F, 0x753F, 0xEB23, 0xC81A, 0xC81A, 0xA81A, 0xA81A, 0xC81A, 0x091B, 0xB536, 0x5737, 0x5837,
  0x5837, 0x5837, 0x9636, 0xE91A, 0x8712, 0x4712, 0x0612, 0xE611, 0x0612, 0x2712, 0xA91A, 0x2B1B, 0x3024, 0xDE46, 0x1F4F, 0x1F4F,
  0x1F4F, 0x7B46, 0xEF23, 0x6D23, 0x0B1B, 0xCA1A, 0x891A, 0x681A, 0x481A, 0x481A, 0x481A, 0x481A, 0x691A, 0x8A1A, 0xCB1A, 0x2D23,
  0xF02B, 0xDE4E, 0x1F4F, 0x1F4F, 0x1F4F, 0x3C46, 0x0C23, 0x691A, 0xC711, 0x6511, 0x0309, 0x0309, 0xE208, 0xE208, 0xE208, 0xE208,
  0xC208, 0xE208, 0xC208, 0xE208, 0xC208, 0xE208, 0xC208, 0xC208, 0xC208, 0x2311, 0xA411, 0xF13F, 0xF13F, 0xF13F, 0xEB2C, 0x6411,
  0x0309, 0x2309, 0x6411, 0xED2D, 0xF13F, 0xF13F, 0xEF36, 0x8411, 0x0309, 0x0309, 0x2309, 0xC923, 0xF13F, 0xF13F, 0xF13F, 0xA61A,
  0x2309, 0xE308, 0x0309, 0x8411, 0x0F37, 0xF13F, 0xF13F, 0xED2D, 0x8411, 0x4411, 0x0309, 0x0309, 0xE308, 0x0309, 0x0309, 0x0309,
  0x0309, 0x0309, 0x0309, 0xE308, 0xE308, 0xC308, 0xC308, 0xC308, 0xC308, 0xC308, 0xC308, 0x0309, 0x6411, 0xED2D, 0xF13F, 0xF13F,
  0xEF36, 0xA511, 0x4411, 0x2409, 0x2409, 0x2409, 0x2409, 0x2409, 0x2409, 0x2411, 0x2409, 0x2411, 0x2409, 0x0411, 0xE308, 0xE308,
  0xE308, 0xE308, 0xE308, 0x0309, 0x2409, 0x8511, 0x0C2D, 0xF13F, 0xF13F, 0xF13F, 0xE511, 0x8511, 0x4411, 0x4411, 0x2411, 0x4411,
  0x4411, 0x4411, 0x4411, 0x4411, 0x4411, 0x8511, 0xE611, 0x0F37, 0xF13F, 0xF13F, 0x0E2E, 0xA511, 0x4411, 0x0409, 0x0409, 0x0409,
  0x4511, 0xA711, 0x783D, 0x1F4F, 0x1F4F, 0x3C46, 0xC811, 0x8611, 0x6511, 0x4511, 0x4511, 0x4511, 0x4511, 0x4511, 0x4511, 0x4511,
  0x4511, 0x6611, 0xC711, 0x1F4F, 0x1F4F, 0x1F4F, 0x7434, 0x8611, 0x2509, 0x2511, 0x8611, 0x9434, 0x1F4F, 0x1F4F, 0x1F4F, 0xA711,
  0x4511, 0x0411, 0xE408, 0xE408, 0xE408, 0x0409, 0xE308, 0xE308, 0xE308, 0x0411, 0x2411, 0x8611, 0x3C46, 0x1F4F, 0x1F4F, 0x583D,
  0x6611, 0x2411, 0x0409, 0x4511, 0x8F2B, 0x1F4F, 0x1F4F, 0x1F4F, 0x8B1A, 0x4511, 0x0409, 0x2411, 0x6611, 0x1F4F, 0x1F4F, 0x1F4F,
  0x7334, 0x6611, 0x2511, 0x4511, 0x8611, 0x583D, 0x1F4F, 0x1F4F, 0x3B46, 0x6611, 0x0409, 0xE308, 0x2411, 0x8B1A, 0x1F4F, 0x1F4F,
  0x1F4F, 0x8F23, 0x4511, 0x2411, 0x2411, 0x6611, 0x3B46, 0x1F4F, 0x1F4F, 0x373D, 0x2511, 0xE308, 0xA208, 0xA208, 0xA208, 0xA208,
  0xA208, 0xA208, 0xA208, 0xA208, 0xA208, 0xA208, 0x8208, 0xA208, 0x8208, 0xA208, 0x8208, 0x8208, 0x8208, 0x8208, 0x8208, 0xE310,
  0x2311, 0xC208, 0xC208, 0xE208, 0xE208, 0xC208, 0xC208, 0xC208, 0xC208, 0xC208, 0xE208, 0x0309, 0x0309, 0x4309, 0x8411, 0xE411,
  0x4512, 0xA823, 0xF13F, 0xF13F, 0xF13F, 0xF23F, 0xA823, 0x6612, 0x2512, 0xE511, 0xA411, 0x8411, 0xA411, 0xE511, 0x2512, 0x6612,
  0xC71A, 0x5136, 0xB53F, 0x953F, 0x953F, 0x953F, 0x3537, 0xCB23, 0x491B, 0x291B, 0x291B, 0x291B, 0x5436, 0x5737, 0x5737, 0x5837,
  0x5837, 0xF736, 0x4A1B, 0x871A, 0x4712, 0x0612, 0xE511, 0xE511, 0xE611, 0x4712, 0xEA1A, 0xCE23, 0xBD46, 0x1B46, 0x4E23, 0x6A1A,
  0xD12B, 0xDE46, 0x3B3E, 0xB22C, 0x512C, 0x1024, 0xEF23, 0xCE23, 0xCE23, 0xAE23, 0xCE23, 0xAF23, 0xCF23, 0xF02B, 0x312C, 0x9334,
  0xBE46, 0x1B46, 0x4E23, 0x6A1A, 0xD12B, 0xDE46, 0x993D, 0x8A1A, 0xE711, 0x6511, 0x2309, 0x0309, 0x0309, 0xE208, 0xE208, 0xE208,
  0xE208, 0xE208, 0xE308, 0xE208, 0xC208, 0xC208, 0xC208, 0xC208, 0xE208, 0x2311, 0xA411, 0xCB24, 0x4C2D, 0x2B2D, 0x271B, 0x4309,
  0x0309, 0x2309, 0x8411, 0xC823, 0x2C2D, 0x2C2D, 0x4924, 0x6411, 0x2311, 0x0309, 0x2309, 0x8612, 0x2B2D, 0x2C2D, 0x0B2D, 0xE511,
  0x2309, 0xE308, 0xE308, 0x6411, 0x4A24, 0x2C2D, 0x4C2D, 0xE923, 0xE511, 0x8411, 0x8411, 0x6411, 0x6411, 0x6411, 0x8411, 0x8411,
  0x6411, 0x6411, 0x6411, 0x4411, 0x2309, 0xE308, 0xE308, 0xC308, 0xC308, 0xC308, 0xC308, 0xE308, 0x4411, 0x881B, 0xEB2C, 0xEB2C,
  0x2A24, 0xA511, 0xA511, 0xA411, 0xA511, 0xA511, 0x8511, 0x8511, 0x8511, 0x8511, 0x8511, 0xA511, 0x8511, 0x4411, 0x0411, 0xE308,
  0xE308, 0xE308, 0xE308, 0x0409, 0x2411, 0x8511, 0x481B, 0x4C2D, 0x4C2D, 0xEB2C, 0x4612, 0xE611, 0xC511, 0xA511, 0xA511, 0xA511,
  0xA511, 0xC511, 0xC511, 0xC511, 0xC511, 0xE611, 0x2612, 0x8B24, 0x6C2D, 0x4C2D, 0xE923, 0xA511, 0x4411, 0x0409, 0x0411, 0x0409,
  0x6511, 0xA711, 0x902B, 0xD534, 0xD534, 0x122C, 0x091A, 0xC811, 0xC711, 0xA711, 0xA711, 0xA711, 0xA711, 0xA711, 0xA711, 0xA711,
  0xA711, 0xA711, 0xC711, 0x332C, 0x9434, 0x7434, 0xCC22, 0x6511, 0x2411, 0x2511, 0x6611, 0xED22, 0xB534, 0xD534, 0x7334, 0xA711,
  0x4511, 0x0411, 0xE408, 0xE408, 0x0409, 0x0411, 0x0411, 0xE308, 0xE308, 0x0411, 0x2511, 0x8611, 0xF12B, 0xB534, 0xB534, 0x6F23,
  0x6611, 0x0411, 0x0409, 0x4511, 0x8A1A, 0xB434, 0xB534, 0x9434, 0xE811, 0x2511, 0x0409, 0x2409, 0x4511, 0x122C, 0x7334, 0x7334,
  0xCC22, 0x8611, 0x8611, 0xA711, 0xC711, 0x8F23, 0xB534, 0xB534, 0xD12B, 0x6611, 0x0411, 0xE308, 0x0411, 0xC711, 0x9434, 0xB534,
  0xB434, 0xAB1A, 0xA711, 0x6611, 0x6611, 0x8611, 0xB02B, 0x532C, 0x532C, 0x0D23, 0x0409, 0xC308, 0xA208, 0xA208, 0xA208, 0xA208,
  0xC208, 0xA208, 0xA208, 0xA208, 0xA208, 0xA208, 0xA208, 0xA208, 0xA208, 0x8208, 0x8208, 0x8208, 0x8208, 0x8208, 0xA208, 0x0311,
  0x0311, 0xC208, 0xC208, 0xC208, 0xC208, 0xC208, 0xC208, 0xC208, 0xC208, 0xE208, 0xE208, 0x0309, 0x0309, 0x4309, 0x8411, 0xE411,
  0x4512, 0xA823, 0xF13F, 0xF13F, 0xF13F, 0xF23F, 0x881B, 0x6612, 0x0512, 0xC411, 0x8411, 0x6411, 0x8411, 0xA411, 0xE511, 0x2612,
  0x8612, 0xE81A, 0xD236, 0x953F, 0x953F, 0x953F, 0x963F, 0xF436, 0xEB1B, 0xAB1B, 0xAB1B, 0xF22D, 0x5737, 0x5737, 0x5737, 0x5837,
  0x3737, 0xEC23, 0xA81A, 0x6712, 0x0612, 0xE511, 0xC511, 0xC511, 0xE511, 0x471A, 0x0B1B, 0x983D, 0x1B46, 0xA208, 0x6108, 0x6108,
  0x6108, 0xE811, 0x1F4F, 0x1D47, 0x1C47, 0x1C47, 0x1D47, 0x1D47, 0x1D47, 0x1D47, 0x1D47, 0x1E47, 0x1E47, 0x1E47, 0x1E47, 0x1F4F,
  0x3B46, 0xA208, 0x6108, 0x6108, 0x6108, 0xE811, 0x1F4F, 0xAF2B, 0x081A, 0x8511, 0x2309, 0x0309, 0xE208, 0xE208, 0xE208, 0xE208,
  0xC208, 0xE208, 0xE208, 0xE308, 0xC208, 0xE208, 0xC208, 0xC208, 0xC208, 0x2309, 0xA411, 0xAC2D, 0xAE36, 0x8E36, 0x471B, 0x4411,
  0x0309, 0x2309, 0x6411, 0x2924, 0x8E36, 0x8E36, 0xEB24, 0x8411, 0x0309, 0x0309, 0x2309, 0x861A, 0x6E36, 0x8E36, 0x2E36, 0xC511,
  0x2309, 0xE308, 0xE308, 0x6411, 0xEB24, 0x8E36, 0xAF36, 0x4A24, 0x4A24, 0x8E36, 0x8E36, 0xEB24, 0x481B, 0x6E36, 0x8E36, 0x8C2D,
  0xC71A, 0x6E36, 0x8E36, 0x0D36, 0x8411, 0x0309, 0xE308, 0xC308, 0xC308, 0xC308, 0xC308, 0xE308, 0x0309, 0x4411, 0x6411, 0x8411,
  0xA511, 0x281B, 0x6E36, 0x8E36, 0xAD2D, 0xE71A, 0x6E36, 0x8E36, 0x2E36, 0x861A, 0x2E36, 0x8E36, 0x4E36, 0x661A, 0x2411, 0x0409,
  0xE308, 0xE308, 0xE308, 0x0409, 0x2409, 0x8511, 0x681B, 0x8E36, 0xAF36, 0xCD2D, 0x281B, 0x6E36, 0x8F36, 0x2E36, 0xA71A, 0x2E36,
  0x8F36, 0x6E36, 0x081B, 0xAD2D, 0x8F36, 0x8E36, 0xA923, 0x4C2D, 0xAF36, 0xAF36, 0x2A24, 0xA511, 0x4411, 0x2409, 0x0411, 0x2411,
  0x4511, 0xA711, 0xD12B, 0xFA3D, 0xFA3D, 0xB534, 0x6F23, 0xDA3D, 0xDA3D, 0x1635, 0xCC22, 0xB93D, 0xDA3D, 0x983D, 0x6A1A, 0x983D,
  0xDA3D, 0xB93D, 0x8B1A, 0xA711, 0x8611, 0x8611, 0x6511, 0x4511, 0x0409, 0x2511, 0x6611, 0x0D23, 0xDA3D, 0xFA3D, 0x1635, 0xA711,
  0x4511, 0x0411, 0xE408, 0xE408, 0xE408, 0x0409, 0xE408, 0xE408, 0xE308, 0xE410, 0x2411, 0x8611, 0x7434, 0xFA3D, 0xDA3D, 0xB02B,
  0x6611, 0x0411, 0x0409, 0x4511, 0x8B1A, 0xD93D, 0xFA3D, 0x983D, 0xC711, 0x2511, 0x0409, 0x0409, 0x0409, 0x2511, 0x4511, 0x6611,
  0x8611, 0x532C, 0xDA3D, 0xDA3D, 0xD02B, 0xF12B, 0xDA3D, 0xDA3D, 0x5334, 0x6611, 0x0409, 0xE308, 0x0411, 0xC711, 0x783D, 0xDA3D,
  0xB93D, 0xCC22, 0x1635, 0xDA3D, 0xB93D, 0xCC22, 0x6611, 0x4511, 0x2511, 0x0409, 0xE308, 0xC308, 0xA208, 0xA208, 0xA208, 0xA208,
  0xA208, 0xA208, 0xA208, 0xA208, 0xA208, 0xA208, 0xA208, 0xA208, 0xA208, 0xA208, 0x8208, 0x8208, 0x8208, 0x8208, 0xA208, 0x0311,
  0x2311, 0xC208, 0xC208, 0xC208, 0xC208, 0xC208, 0xC208, 0xC208, 0xC208, 0xC208, 0xE208, 0xE208, 0x0309, 0x4309, 0xA411, 0xE411,
  0x4512, 0x881B, 0xF13F, 0xF13F, 0xF13F, 0xF23F, 0xA823, 0x6612, 0x0512, 0xC411, 0x8411, 0x6311, 0x6309, 0x8411, 0xA411, 0xE511,
  0x2612, 0x8612, 0x491B, 0x5437, 0x953F, 0x953F, 0x963F, 0x5737, 0x1837, 0x1837, 0xF736, 0x3837, 0x5737, 0x5737, 0x5737, 0x5837,
  0x6E24, 0xA81A, 0x6712, 0x2612, 0xE511, 0xC511, 0xA411, 0xA411, 0xE511, 0x6812, 0x0B1B, 0x3B46, 0x322C, 0x6108, 0x107C, 0x5DEF,
  0xC731, 0x6108, 0x9D46, 0x1D47, 0x1C47, 0x1C47, 0x1D47, 0x1D47, 0x1D47, 0x1D47, 0x1E47, 0x1E47, 0x1E47, 0x1E47, 0x1E4F, 0xFF4E,
  0x322C, 0x6108, 0x107C, 0x5DEF, 0xC731, 0x6108, 0x9D46, 0x9334, 0x281A, 0x8511, 0x2409, 0xE308, 0xE208, 0xE208, 0xE208, 0xE208,
  0xE208, 0xC208, 0xE208, 0xC208, 0xC208, 0xC208, 0xC208, 0xC208, 0xE208, 0x2309, 0xA411, 0xF13F, 0xF13F, 0xF13F, 0xEB2C, 0x4309,
  0x0309, 0x0309, 0x6411, 0xED2D, 0xF13F, 0xF13F, 0xEF36, 0x6411, 0x0309, 0xE308, 0x2311, 0xC923, 0xF13F, 0xF13F, 0xF13F, 0xA61A,
  0x0309, 0xE308, 0xE308, 0x6411, 0x0F37, 0xF13F, 0xF13F, 0x2E36, 0x2D36, 0xF13F, 0xF13F, 0x0F37, 0x2C2D, 0xF13F, 0xF13F, 0xF13F,
  0x4A24, 0xF13F, 0xF13F, 0xF13F, 0xA61A, 0x2409, 0xE308, 0xC308, 0xC308, 0xC308, 0xC308, 0xC308, 0xE308, 0xE308, 0x0309, 0x2411,
  0x8411, 0xEB2C, 0xF13F, 0xF13F, 0xF13F, 0x4A24, 0xF13F, 0xF13F, 0xF13F, 0x2A24, 0xF13F, 0xF13F, 0xF13F, 0xE923, 0x6411, 0x0411,
  0xE308, 0xE308, 0xE308, 0xE408, 0x2411, 0x8511, 0x0B2D, 0xF13F, 0xF13F, 0xF13F, 0x6A24, 0xF13F, 0xF13F, 0xF13F, 0x2A24, 0xF13F,
  0xF13F, 0xF13F, 0x6A24, 0xF13F, 0xF13F, 0xF13F, 0x6C2D, 0x3037, 0xF13F, 0xF13F, 0x0E2E, 0xA511, 0x4411, 0x0409, 0x0411, 0x2409,
  0x4511, 0xA711, 0x783D, 0x1F4F, 0x1F4F, 0x5C46, 0xD534, 0x1F4F, 0x1F4F, 0x1F4F, 0x122C, 0x1F4F, 0x1F4F, 0x1F4F, 0xD12B, 0x1F4F,
  0x1F4F, 0x1F4F, 0x902B, 0x8611, 0x4511, 0x2511, 0x2411, 0x0409, 0x0409, 0x2511, 0x8611, 0x9434, 0x1F4F, 0x1F4F, 0x1F4F, 0xA711,
  0x4511, 0x0411, 0xE408, 0xE408, 0xE408, 0xE408, 0xE408, 0xE408, 0xE308, 0x0409, 0x2511, 0x8611, 0x3C46, 0x1F4F, 0x1F4F, 0x583D,
  0x6611, 0x0411, 0x0409, 0x4511, 0x8F23, 0x1F4F, 0x1F4F, 0x1F4F, 0x8B1A, 0x2511, 0xE308, 0xE308, 0xE308, 0xE408, 0x0411, 0x2511,
  0x8611, 0x3B46, 0x1F4F, 0x1F4F, 0x783D, 0x783D, 0x1F4F, 0x1F4F, 0x3B46, 0x6611, 0x0409, 0xE308, 0x0411, 0x6B1A, 0x1F4F, 0x1F4F,
  0x1F4F, 0xF12B, 0x1F4F, 0x1F4F, 0x1F4F, 0x732C, 0x4511, 0x0411, 0xE308, 0xC308, 0xC308, 0xA208, 0xA208, 0xA208, 0xA208, 0xA208,
  0xA208, 0xA208, 0xA208, 0xA208, 0xA208, 0xA208, 0xA208, 0xA208, 0xA208, 0x8208, 0x8208, 0x8208, 0x8208, 0x8208, 0x8208, 0xE310,
  0x0311, 0xC208, 0xC208, 0xC208, 0xC208, 0xC208, 0xC208, 0xC208, 0xC208, 0xE208, 0xE208, 0xE208, 0x0309, 0x4309, 0x8411, 0xE411,
  0x4512, 0x8823, 0xF13F, 0xF13F, 0xF13F, 0xF23F, 0x881B, 0x6612, 0x0512, 0xA411, 0x6311, 0x4309, 0x4309, 0x4311, 0x8411, 0xA411,
  0xE511, 0x4612, 0x8712, 0x0B24, 0x953F, 0x953F, 0x3837, 0x1837, 0x1125, 0x0E24, 0xD024, 0x9636, 0x3837, 0x5837, 0x5737, 0x512D,
  0xC812, 0x6712, 0x2612, 0x0512, 0xC511, 0xA411, 0x8409, 0x8411, 0xE511, 0x681A, 0x0B1B, 0x1B3E, 0x322C, 0x6108, 0x3084, 0x7DEF,
  0xC731, 0x6108, 0x9D46, 0x1D47, 0x1C47, 0x3C47, 0x1D47, 0x1D47, 0x1D47, 0x1D47, 0x1D47, 0x1E47, 0x1E47, 0x1E47, 0x1E47, 0xFF4E,
  0x322C, 0x6108, 0x3084, 0x7DEF, 0xC731, 0x6108, 0x9D46, 0x732C, 0x081A, 0x8511, 0x0309, 0x0309, 0xE208, 0xE208, 0xE208, 0xE208,
  0xC208, 0xE208, 0xC208, 0xC208, 0xC208, 0xE208, 0xC208, 0xC208, 0xC208, 0x2311, 0xA411, 0xF13F, 0xF13F, 0xF13F, 0xEB2C, 0x4311,
  0x0309, 0x0309, 0x4311, 0xED2D, 0xF13F, 0xF13F, 0xEF36, 0x6411, 0xE308, 0xE308, 0x2309, 0xC923, 0xF13F, 0xF13F, 0xF13F, 0xA61A,
  0x0309, 0xE308, 0xE308, 0x6411, 0xEF36, 0xF13F, 0xF13F, 0x2E36, 0x2D36, 0xF13F, 0xF13F, 0x0F37, 0x2C2D, 0xF13F, 0xF13F, 0xF13F,
  0x4A24, 0xF13F, 0xF13F, 0xF13F, 0xA61A, 0x2409, 0xE308, 0xC308, 0xC308, 0xC308, 0xC308, 0xC308, 0xC308, 0xC308, 0xE308, 0x0309,
  0x6411, 0xEB2C, 0xF13F, 0xF13F, 0xF13F, 0x4A24, 0xF13F, 0xF13F, 0xF13F, 0x2A24, 0xF13F, 0xF13F, 0xF13F, 0xE923, 0x6411, 0x4411,
  0x2409, 0x0409, 0xE308, 0x0409, 0x2409, 0x8511, 0x0B2D, 0xF13F, 0xF13F, 0xF13F, 0x6A24, 0xF13F, 0xF13F, 0xF13F, 0x4A24, 0xF13F,
  0xF13F, 0xF13F, 0x6A24, 0xF13F, 0xF13F, 0xF13F, 0x6C2D, 0x3037, 0xF13F, 0xF13F, 0x0E2E, 0xA511, 0x4411, 0x2411, 0x0411, 0x2411,
  0x4511, 0xA711, 0x783D, 0x1F4F, 0x1F4F, 0x5C46, 0xD534, 0x1F4F, 0x1F4F, 0x1F4F, 0x122C, 0x1F4F, 0x1F4F, 0x1F4F, 0xD12B, 0x1F4F,
  0x1F4F, 0x1F4F, 0x8F2B, 0x6611, 0x2511, 0x0409, 0x0409, 0x0411, 0x0409, 0x2511, 0x6611, 0x9434, 0x1F4F, 0x1F4F, 0x1F4F, 0xA711,
  0x4511, 0x0411, 0xE408, 0xE408, 0xE408, 0xE408, 0xE308, 0xE408, 0xE308, 0xE410, 0x2511, 0x8611, 0x3C46, 0x1F4F, 0x1F4F, 0x583D,
  0x6611, 0x2411, 0x0409, 0x4511, 0x8F23, 0x1F4F, 0x1F4F, 0x1F4F, 0x8B1A, 0x2511, 0xE308, 0xC308, 0xC308, 0xE308, 0xE308, 0x0411,
  0x6611, 0x3B46, 0x1F4F, 0x1F4F, 0x783D, 0x783D, 0x1F4F, 0x1F4F, 0x3B46, 0x6611, 0x0409, 0xE308, 0x0411, 0x6B1A, 0x1F4F, 0x1F4F,
  0x1F4F, 0xF12B, 0x1F4F, 0x1F4F, 0x1F4F, 0x7334, 0x4511, 0x0411, 0xE308, 0xC308, 0xA208, 0xA208, 0xA208, 0xA208, 0xA208, 0xA208,
  0xA208, 0xA208, 0xA208, 0xA208, 0xA208, 0xA208, 0xA208, 0xA208, 0x8208, 0xA208, 0x8208, 0x8208, 0x8208, 0x8208, 0x8208, 0xE310,
  0x2311, 0xC208, 0xC208, 0xC208, 0xC208, 0xC208, 0xC208, 0xC208, 0xC208, 0xC208, 0xE208, 0xE208, 0x0309, 0x4309, 0xA411, 0xE411,
  0x4512, 0x881B, 0xF13F, 0xF13F, 0xF13F, 0xF23F, 0xA823, 0x6512, 0x0512, 0xA411, 0x6311, 0x4309, 0x4309, 0x4309, 0x6311, 0x8411,
  0xC511, 0x0512, 0x6612, 0xC81A, 0xEE24, 0x5737, 0xD736, 0x6511, 0x6108, 0x6108, 0x6108, 0xC208, 0x522D, 0x1837, 0x342E, 0x091B,
  0xA812, 0x4612, 0x0512, 0xC511, 0xA411, 0x8411, 0x6409, 0x8411, 0xC511, 0x4712, 0xEA1A, 0x5635, 0x1B46, 0xA208, 0x6108, 0x6108,
  0x6108, 0xE811, 0x1F4F, 0x1C47, 0x3C47, 0x1C47, 0x1D47, 0x1D47, 0x1D47, 0x1D47, 0x1E47, 0x1E47, 0x1E47, 0x1E47, 0x1E4F, 0x1F4F,
  0x1B46, 0xA208, 0x6108, 0x6108, 0x6108, 0xE811, 0x1F4F, 0x0D23, 0xE711, 0x6411, 0x0309, 0xE308, 0xE208, 0xE208, 0xE208, 0xE208,
  0xE208, 0xE208, 0xE208, 0xC208, 0xC208, 0xC208, 0xC208, 0xC208, 0xE208, 0x2309, 0xA411, 0xAC2D, 0xAE36, 0x8E36, 0x471B, 0x4309,
  0xE308, 0xE308, 0x2309, 0xC923, 0x6E36, 0x6E36, 0xAA24, 0x2309, 0xE308, 0xE308, 0x2309, 0x861A, 0x6E36, 0x8E36, 0x2E36, 0xE511,
  0x0309, 0xC308, 0xE308, 0x6411, 0xEB2C, 0x8E36, 0xAF36, 0x6A24, 0x4A24, 0x8E36, 0x8E36, 0xEB24, 0x681B, 0x6E36, 0x8E36, 0x8C2D,
  0xC71A, 0x4E36, 0x8E36, 0x0D2E, 0xA511, 0x0309, 0xE308, 0xC308, 0xC308, 0xC308, 0xC308, 0xC308, 0xC308, 0xC308, 0xC308, 0xE308,
  0x2411, 0x071B, 0x6E36, 0x8E36, 0x8C2D, 0xE71A, 0x6E36, 0x8E36, 0x2E36, 0xA71A, 0x2E36, 0x8E36, 0x4E36, 0xA71A, 0xA511, 0x8511,
  0x6411, 0x4411, 0x0411, 0x0309, 0x2411, 0x8511, 0x681B, 0x8F36, 0xAF36, 0xCD2D, 0x281B, 0x6E36, 0x8F36, 0x2E36, 0xA71A, 0x2E36,
  0x8F36, 0x6E36, 0x081B, 0xAD2D, 0x8F36, 0x8E36, 0xA923, 0x2C2D, 0xAF36, 0xAF36, 0x4A24, 0xA511, 0x4411, 0x0409, 0x0411, 0x2409,
  0x4511, 0xA711, 0xD12B, 0xFA3D, 0xFA3D, 0xB534, 0x6F23, 0xDA3D, 0xDA3D, 0x1635, 0xCC22, 0xB93D, 0xDA3D, 0x783D, 0x8B1A, 0x783D,
  0xDA3D, 0x993D, 0x4A1A, 0x4511, 0x2411, 0x0411, 0x0411, 0x0409, 0x0409, 0x2511, 0x6611, 0x0D23, 0xDA3D, 0xFA3D, 0x1635, 0xA711,
  0x4511, 0x0411, 0xE408, 0xE408, 0xE408, 0xE408, 0xE408, 0xE308, 0xE308, 0xE410, 0x2411, 0x8611, 0x7434, 0xDA3D, 0xDA3D, 0xD02B,
  0x6611, 0x0411, 0x0409, 0x4511, 0x6A1A, 0xB93D, 0xDA3D, 0x983D, 0xE811, 0x2511, 0xE308, 0xC308, 0xC308, 0xC308, 0xE308, 0xE408,
  0x4511, 0x332C, 0xBA3D, 0xDA3D, 0xD12B, 0xF12B, 0xDA3D, 0xDA3D, 0x5334, 0x6611, 0x0409, 0xE308, 0x0409, 0xC711, 0x783D, 0xDA3D,
  0xB93D, 0xCC1A, 0x1635, 0xDA3D, 0xB93D, 0xCC1A, 0x6611, 0x4511, 0x2411, 0x0409, 0xC308, 0xC308, 0xA208, 0xA208, 0xA208, 0xA208,
  0xA208, 0xA208, 0xA208, 0xA208, 0xA208, 0xA208, 0xA208, 0xA208, 0xA208, 0x8208, 0x8208, 0x8208, 0x8208, 0x8208, 0x8208, 0xE310,
  0x0311, 0xC208, 0xC208, 0xC208, 0xC208, 0xC208, 0xC208, 0xC208, 0xC208, 0xE208, 0xE208, 0xE208, 0x0309, 0x4309, 0x8411, 0xE411,
  0x4512, 0x8823, 0xF13F, 0xF13F, 0xF13F, 0xF23F, 0x881B, 0x6612, 0x0512, 0xA411, 0x6311, 0x4311, 0x2309, 0x2309, 0x4309, 0x6411,
  0x8411, 0xC511, 0x4612, 0xC81A, 0xAB1B, 0x3937, 0xEA1A, 0x6108, 0x8208, 0xC731, 0xE318, 0x6108, 0xE308, 0x1837, 0x1125, 0xE91A,
  0x6712, 0x0612, 0xC511, 0xA411, 0x8411, 0x6409, 0x6309, 0x8411, 0xC511, 0x2712, 0xC91A, 0x8D23, 0x9D46, 0x573D, 0x291A, 0x291A,
  0x8B1A, 0x9D46, 0xF93D, 0xB22C, 0x502C, 0x0F2C, 0xEF23, 0xCF23, 0xCE23, 0xAE23, 0xAE23, 0xAF23, 0xCF23, 0xCF2B, 0xF02B, 0x522C,
  0x9D46, 0x573D, 0x291A, 0x291A, 0x8B1A, 0x9D46, 0x1635, 0x291A, 0xA611, 0x4411, 0x0309, 0xE308, 0xE208, 0xE208, 0xE208, 0xE208,
  0xC208, 0xE208, 0xC208, 0xC208, 0xC208, 0xE208, 0xC208, 0xC208, 0xC208, 0x2309, 0x8411, 0x4A24, 0x2C2D, 0x2B2D, 0xA61A, 0x4411,
  0xE208, 0xE308, 0xE308, 0x2311, 0x4309, 0x4411, 0x2309, 0x0309, 0xC208, 0xE308, 0x2309, 0x2512, 0xEB24, 0x2C2D, 0xAA24, 0xA411,
  0x0309, 0xC308, 0xE308, 0x6411, 0xC923, 0x2C2D, 0x2C2D, 0x481B, 0xC511, 0xA411, 0x6411, 0x6411, 0x6411, 0x6411, 0x8411, 0x6411,
  0x6411, 0x6411, 0x6411, 0x4411, 0x2309, 0xE308, 0xC308, 0xC308, 0xC308, 0xC308, 0xC308, 0xC308, 0xC308, 0xC308, 0xC308, 0xE308,
  0x0309, 0x4411, 0x6411, 0x8511, 0x8411, 0x8511, 0x8511, 0xA511, 0x8511, 0x8511, 0x8511, 0xA511, 0xA511, 0xC511, 0x2A24, 0x0B2D,
  0xEB2C, 0x6612, 0x4409, 0x0409, 0x2409, 0x8511, 0xC71A, 0x2C2D, 0x4C2D, 0x8A24, 0x2612, 0xE511, 0xA511, 0xA511, 0xA511, 0xA511,
  0xA511, 0xA511, 0xA511, 0xA511, 0xC511, 0xE611, 0x2612, 0x2A24, 0x4C2D, 0x4C2D, 0x681B, 0xA511, 0x4411, 0x2409, 0x0411, 0x2411,
  0x4511, 0xA711, 0x2D23, 0xD534, 0xD534, 0xB02B, 0x091A, 0xC811, 0xA711, 0xA711, 0xA711, 0xA711, 0xA711, 0xA711, 0xA711, 0xA711,
  0x8711, 0x8611, 0x4511, 0x2511, 0x0409, 0x0411, 0x0409, 0x0411, 0x0409, 0x2511, 0x6611, 0x8B1A, 0xB434, 0xD534, 0xF12B, 0xA711,
  0x2511, 0x0411, 0xE408, 0xE408, 0xE408, 0xE408, 0xE308, 0xE308, 0xE308, 0xE410, 0x2411, 0x8611, 0x8F23, 0xB534, 0xB534, 0xED22,
  0x6611, 0x0411, 0x0409, 0x4511, 0x291A, 0x7434, 0xB534, 0x532C, 0xA711, 0x2511, 0xE308, 0xC308, 0xC308, 0xC308, 0xC308, 0xE308,
  0x0409, 0x2511, 0x6611, 0x8611, 0xC711, 0x2D23, 0xB534, 0xB434, 0x6F23, 0x6611, 0xE408, 0xE308, 0x0409, 0xA711, 0x322C, 0xB534,
  0x9434, 0x4A1A, 0x8611, 0x6611, 0x6611, 0x6611, 0x2E23, 0x7334, 0x532C, 0x8B1A, 0x0409, 0xC308, 0xA208, 0xA208, 0xA208, 0xA208,
  0xA208, 0xA208, 0xA208, 0xA208, 0xA208, 0xA208, 0xA208, 0xA208, 0x8208, 0xA208, 0x8208, 0xA208, 0x8208, 0x8208, 0x8208, 0xE310,
  0x2311, 0xC208, 0xC208, 0xC208, 0xC208, 0xC208, 0xC208, 0xC208, 0xC208, 0xC208, 0xE208, 0xE208, 0x0309, 0x4309, 0x8411, 0xE411,
  0x4512, 0x881B, 0xF13F, 0xF13F, 0xF13F, 0xF23F, 0x8823, 0x6512, 0x0512, 0xA411, 0x6311, 0x4309, 0x2309, 0x2309, 0x2309, 0x4309,
  0x6411, 0xA411, 0x0512, 0x8712, 0x8E24, 0x3937, 0x6509, 0x6108, 0x3084, 0xFFFF, 0xDBDE, 0x6108, 0x6108, 0x152E, 0xD32D, 0xC81A,
  0x4612, 0xE511, 0xA411, 0x8411, 0x6309, 0x6309, 0x6309, 0x6411, 0xA509, 0x0612, 0x881A, 0x2B1B, 0x3024, 0xDE46, 0x1F4F, 0x1F4F,
  0x1F4F, 0x5B46, 0xEF23, 0x6D23, 0x0B1B, 0xA91A, 0x891A, 0x681A, 0x481A, 0x481A, 0x481A, 0x481A, 0x481A, 0x481A, 0x891A, 0x2C23,
  0xF02B, 0x3C46, 0x1F4F, 0x1F4F, 0x1F4F, 0x3635, 0x691A, 0xC711, 0x6511, 0x2309, 0x0309, 0xE208, 0xE208, 0xE208, 0xE208, 0xE208,
  0xE208, 0xC208, 0xE208, 0xC208, 0xC208, 0xC208, 0xC208, 0xC208, 0xE208, 0x2309, 0xA411, 0xF13F, 0xF13F, 0xF13F, 0xEB2C, 0x4309,
  0xE308, 0xC208, 0xC208, 0xE208, 0xE308, 0xE308, 0xE308, 0xC208, 0xC208, 0xC208, 0x2311, 0xC923, 0xF13F, 0xF13F, 0xF13F, 0xA61A,
  0x0309, 0xE308, 0xE308, 0x6411, 0x0F37, 0xF13F, 0xF13F, 0xED2D, 0x8411, 0x2309, 0x0309, 0x0309, 0x0309, 0x0309, 0x0309, 0x0309,
  0x0309, 0x0309, 0x0309, 0xE308, 0xE308, 0xC308, 0xC308, 0xC308, 0xC308, 0xC308, 0xC308, 0xC308, 0xC308, 0xC308, 0xC308, 0xC308,
  0xE308, 0x0309, 0x0309, 0x2409, 0x2409, 0x2409, 0x2409, 0x2409, 0x2409, 0x2409, 0x2409, 0x2409, 0x6411, 0xC511, 0xF13F, 0xF13F,
  0xF13F, 0xEB2C, 0x6411, 0x2409, 0x2409, 0x8511, 0x0B2D, 0xF13F, 0xF13F, 0xF13F, 0xE611, 0x8511, 0x4411, 0x4411, 0x4411, 0x4411,
  0x4411, 0x4411, 0x4411, 0x4411, 0x4411, 0x8511, 0xE611, 0x0F37, 0xF13F, 0xF13F, 0x0E2E, 0xA511, 0x4411, 0x0409, 0x0411, 0x0409,
  0x4511, 0xA711, 0x783D, 0x1F4F, 0x1F4F, 0x3C46, 0xC811, 0x8611, 0x4511, 0x4511, 0x4511, 0x4511, 0x4511, 0x4511, 0x4511, 0x4511,
  0x4511, 0x2511, 0x2411, 0x0409, 0x0411, 0x0409, 0x0411, 0x0409, 0x0409, 0x2511, 0x6611, 0x9434, 0x1F4F, 0x1F4F, 0x1F4F, 0xA711,
  0x4511, 0x0411, 0xE408, 0xE408, 0xE408, 0xE308, 0xE408, 0xE308, 0xE308, 0x0409, 0x2511, 0x8611, 0x3C46, 0x1F4F, 0x1F4F, 0x583D,
  0x6611, 0x0411, 0x0409, 0x4511, 0x8F2B, 0x1F4F, 0x1F4F, 0x1F4F, 0x8B1A, 0x2511, 0xE308, 0xC308, 0xC308, 0xC308, 0xC308, 0xC308,
  0xE308, 0xE408, 0x0411, 0x2511, 0x8611, 0x583D, 0x1F4F, 0x1F4F, 0x3B46, 0x6611, 0x0409, 0xE308, 0x0411, 0x6B1A, 0x1F4F, 0x1F4F,
  0x1F4F, 0x8F23, 0x4511, 0x2411, 0x2411, 0x6611, 0x3B46, 0x1F4F, 0x1F4F, 0x373D, 0x2511, 0xE308, 0xA208, 0xA208, 0xA208, 0xA208,
  0xA208, 0xA208, 0xA208, 0xA208, 0xA208, 0xA208, 0xA208, 0xA208, 0xA208, 0x8208, 0x8208, 0x8208, 0x8208, 0x8208, 0x8208, 0xE310,
  0x0311, 0xC208, 0xC208, 0xE208, 0xC208, 0xC208, 0xC208, 0xC208, 0xC208, 0xC208, 0xE208, 0x0309, 0x0309, 0x4309, 0x8411, 0xE411,
  0x4512, 0xA823, 0xF13F, 0xF13F, 0xF13F, 0xF23F, 0x881B, 0x6612, 0x0512, 0xC411, 0x6411, 0x4309, 0x2309, 0x2309, 0x2309, 0x2309,
  0x6311, 0x8411, 0xC511, 0x6712, 0x6E24, 0x3937, 0x6511, 0x6108, 0x3084, 0xFFFF, 0xDBDE, 0x6108, 0x6108, 0x152E, 0xD32D, 0xA81A,
  0x2612, 0xA411, 0x8411, 0x6309, 0x4309, 0x4309, 0x6309, 0x8411, 0x8409, 0xC611, 0x4712, 0xCA1A, 0x4C23, 0xB936, 0x3B3F, 0x1C47,
  0x1C3F, 0x7535, 0x6D23, 0x0B1B, 0xA91A, 0x681A, 0x4712, 0x0712, 0x0712, 0xE711, 0xE711, 0xE711, 0x0712, 0x0712, 0x2712, 0x691A,
  0x691A, 0x8A1A, 0x2D23, 0x8E23, 0xAB1A, 0x281A, 0xC711, 0x8511, 0x2411, 0x0309, 0xE208, 0x0309, 0xE208, 0xE208, 0xE208, 0xE208,
  0xC208, 0xE208, 0xE208, 0xE308, 0xC208, 0xE208, 0xC208, 0xC208, 0xC208, 0x2311, 0xC411, 0xF13F, 0xF13F, 0xF13F, 0xEB2C, 0x6411,
  0xE208, 0xE308, 0xC208, 0xC208, 0xA208, 0xC208, 0xC208, 0xC208, 0xC208, 0xE308, 0x2309, 0xE923, 0xF13F, 0xF13F, 0xF13F, 0xC61A,
  0x2311, 0xE308, 0x0309, 0x8411, 0x0F37, 0xF13F, 0xF13F, 0x0D2E, 0x8411, 0x0309, 0xC308, 0xC308, 0xC308, 0xC308, 0xE308, 0xE308,
  0xC308, 0xC308, 0xC308, 0xC308, 0xC308, 0xE308, 0xE308, 0xC308, 0xC308, 0xC308, 0xC308, 0xC308, 0xC308, 0xE308, 0xE308, 0xC308,
  0xC308, 0xE308, 0xE308, 0xE308, 0xE308, 0x0309, 0xE308, 0xE308, 0xE308, 0xE308, 0xE308, 0x0409, 0x4411, 0xC511, 0xF13F, 0xF13F,
  0xF13F, 0x0B2D, 0x8511, 0x4411, 0x2409, 0x8511, 0x0B2D, 0xF13F, 0xF13F, 0xF13F, 0xE511, 0x6511, 0x0409, 0x0409, 0x0409, 0x0409,
  0x0409, 0x0409, 0x2409, 0x0409, 0x2409, 0x6411, 0xC511, 0x0F37, 0xF13F, 0xF13F, 0x0E2E, 0xC511, 0x4411, 0x0409, 0x0409, 0x0409,
  0x4511, 0xA711, 0x783D, 0x1F4F, 0x1F4F, 0x3C46, 0xC711, 0x6611, 0x2511, 0x2409, 0x0409, 0x0409, 0x0409, 0x0409, 0x0409, 0x2411,
  0x2409, 0x0409, 0x0409, 0x0411, 0x0409, 0x0411, 0x0411, 0x0411, 0x0409, 0x2511, 0x8611, 0x9434, 0x1F4F, 0x1F4F, 0x1F4F, 0xA711,
  0x4511, 0x0411, 0xE408, 0xE408, 0xE308, 0x0411, 0x0409, 0xE308, 0xE308, 0x0411, 0x2411, 0xA611, 0x3C46, 0x1F4F, 0x1F4F, 0x583D,
  0x6611, 0x2411, 0x0409, 0x6511, 0x902B, 0x1F4F, 0x1F4F, 0x1F4F, 0x8B1A, 0x4511, 0xE308, 0xE308, 0xE308, 0xC308, 0xC308, 0xC308,
  0xC308, 0xC308, 0xE308, 0x2411, 0x6611, 0x583D, 0x1F4F, 0x1F4F, 0x3C46, 0x8611, 0x0409, 0xE308, 0x2411, 0x8B1A, 0x1F4F, 0x1F4F,
  0x1F4F, 0x8F2B, 0x4511, 0xE408, 0xE408, 0x4511, 0x3B46, 0x1F4F, 0x1F4F, 0x573D, 0x4511, 0x0411, 0xC308, 0xC308, 0xA208, 0xC208,
  0xA208, 0xA208, 0xA208, 0xA208, 0xA208, 0xA208, 0xA208, 0xA208, 0xA208, 0xA208, 0x8208, 0x8208, 0x8208, 0x8208, 0xA208, 0x0311,
  0x0311, 0xC208, 0xC208, 0xE208, 0xC208, 0xC208, 0xC208, 0xC208, 0xC208, 0xC208, 0xE308, 0x0309, 0x0309, 0x4309, 0x8411, 0xE411,
  0x4512, 0x881B, 0xF13F, 0xF13F, 0xF13F, 0xF23F, 0x8823, 0x6512, 0x0512, 0xC411, 0x8411, 0x4309, 0x2309, 0x0309, 0x0309, 0x2309,
  0x4309, 0x6409, 0xA411, 0x2612, 0x6A1B, 0x3937, 0xC91A, 0x6108, 0x8208, 0xE739, 0xC310, 0x6108, 0xC308, 0x1837, 0xF024, 0x6712,
  0xE511, 0x8409, 0x6311, 0x4309, 0x4309, 0x4309, 0x6309, 0x6411, 0x8411, 0xC511, 0x2712, 0x881A, 0x0A1B, 0x9836, 0x3B3F, 0x3B3F,
  0x3B3F, 0x542D, 0x0B1B, 0xA91A, 0x6812, 0x2712, 0xE611, 0xC611, 0xA511, 0xA511, 0xA511, 0xA511, 0xA611, 0xC611, 0x071A, 0xC611,
  0xC611, 0xE711, 0xE711, 0xE711, 0xE711, 0xA611, 0x6511, 0x2411, 0x0309, 0xE208, 0x0309, 0x0309, 0xE308, 0xE208, 0xE208, 0xE208,
  0xE208, 0xC208, 0xE308, 0xE308, 0xC208, 0xC208, 0xC208, 0xC208, 0xE208, 0x2311, 0xC411, 0x2F37, 0xF13F, 0xF13F, 0x0924, 0x4311,
  0xE308, 0xE308, 0xC208, 0xA208, 0xC208, 0xA208, 0xA208, 0xA208, 0xC308, 0xE308, 0x2309, 0x271B, 0xD13F, 0xF13F, 0xB03F, 0x4512,
  0x2411, 0xE308, 0x0309, 0x6411, 0x2D36, 0xF13F, 0xF13F, 0x2C2D, 0x6411, 0xE308, 0xC308, 0xA308, 0xC308, 0xC308, 0xC308, 0xC308,
  0xC308, 0xC308, 0xC308, 0xC308, 0xC308, 0xC308, 0xE308, 0xC308, 0xC308, 0xC308, 0xC308, 0xC308, 0xC308, 0xE308, 0xE308, 0xC308,
  0xC308, 0xC308, 0xC308, 0xC308, 0xE308, 0xE308, 0xE308, 0xE308, 0xE308, 0xE308, 0xE308, 0x0409, 0x4411, 0xC511, 0x3037, 0xF13F,
  0xF13F, 0x2A24, 0x8511, 0x4409, 0x2409, 0x8511, 0x2A24, 0xF13F, 0xF13F, 0x3037, 0xE611, 0x6511, 0x0409, 0xE408, 0x0409, 0xE408,
  0x0409, 0x0409, 0x2411, 0x0409, 0x0409, 0x4411, 0xC511, 0x4E36, 0xF13F, 0xF13F, 0x4C2D, 0xA511, 0x4411, 0x0409, 0x0411, 0x0409,
  0x4511, 0xA711, 0xB534, 0x1F4F, 0x1F4F, 0x983D, 0xA711, 0x4511, 0x2511, 0x0411, 0x0411, 0x0411, 0x0411, 0x0411, 0x0411, 0x2411,
  0x0411, 0x0409, 0x0411, 0x0409, 0x0411, 0x0409, 0x0411, 0x0411, 0x0409, 0x2411, 0x8611, 0xB02B, 0x1F4F, 0x1F4F, 0x5C46, 0xA711,
  0x4511, 0x0411, 0xE408, 0xE408, 0xE408, 0x0411, 0x0409, 0xE308, 0xE308, 0xE408, 0x2411, 0x8611, 0x993D, 0x1F4F, 0x1F4F, 0xB434,
  0x8611, 0x0411, 0x0409, 0x6511, 0x0D23, 0xFF4E, 0x1F4F, 0xBE46, 0x291A, 0x2511, 0xE408, 0xE308, 0xE308, 0xC308, 0xC308, 0xC308,
  0xC308, 0xC308, 0xE308, 0x0411, 0x6611, 0x9434, 0x1F4F, 0x1F4F, 0x783D, 0x8611, 0x2411, 0xE308, 0x2411, 0x291A, 0xBE46, 0x1F4F,
  0xFF4E, 0xEC22, 0x2511, 0xE308, 0xE308, 0x2511, 0x583D, 0x1F4F, 0x1F4F, 0x9434, 0x6611, 0x4511, 0x2411, 0x0409, 0xC308, 0xC308,
  0xC208, 0xA208, 0xA208, 0xA208, 0xA208, 0xA208, 0xA208, 0xA208, 0xA208, 0x8208, 0x8208, 0x8208, 0x8208, 0x8208, 0xA208, 0x0311,
  0x0311, 0xC208, 0xC208, 0xC208, 0xC208, 0xC208, 0xC208, 0xC208, 0xC208, 0xC208, 0xC208, 0xE208, 0x0309, 0x4309, 0x8411, 0xE411,
  0x4512, 0x881B, 0xF13F, 0xF13F, 0xF13F, 0xF23F, 0x881B, 0x6612, 0x0512, 0xA411, 0x6311, 0x4309, 0x2309, 0x0309, 0x0309, 0x0309,
  0x2309, 0x4309, 0x6411, 0xE511, 0x6712, 0xD32D, 0x352E, 0xC308, 0x6108, 0x6108, 0x6108, 0x8108, 0x4F24, 0xD736, 0x091B, 0x0612,
  0xA411, 0x6411, 0x4309, 0x4309, 0x4309, 0x4311, 0x4309, 0x6411, 0x8411, 0xC511, 0x0612, 0x681A, 0xC91A, 0x7836, 0x3B3F, 0x3B3F,
  0x1B3F, 0x132D, 0xC91A, 0x681A, 0x0712, 0xC611, 0xA511, 0x8411, 0x6409, 0x6411, 0x6411, 0x6411, 0x6511, 0x071A, 0x4411, 0x6411,
  0x6411, 0x6511, 0x6411, 0x6411, 0x4411, 0x2411, 0x2309, 0x0309, 0xE208, 0xE208, 0xE208, 0xE208, 0xC208, 0xE208, 0xE208, 0xE208,
  0xC208, 0xE208, 0xC208, 0xC208, 0xC208, 0xC208, 0xC208, 0xC208, 0xC208, 0x2311, 0xA411, 0x4A24, 0x4C2D, 0x2B2D, 0xA61A, 0x6311,
  0xE208, 0xC208, 0xA208, 0xC208, 0xA208, 0xA208, 0xA208, 0xC208, 0xA208, 0xE208, 0x2309, 0x2512, 0x0B2D, 0x4C2D, 0xCB24, 0xA411,
  0x0309, 0xE308, 0x0309, 0x8411, 0xC91B, 0x4C2D, 0x2C2D, 0x271B, 0x6411, 0xE308, 0xC308, 0xC308, 0xA208, 0xC308, 0xC308, 0xC308,
  0xC308, 0xC308, 0xC308, 0xC308, 0xC308, 0xC308, 0xC308, 0xC308, 0xC308, 0xC308, 0xC308, 0xC308, 0xC308, 0xC308, 0xC308, 0xC308,
  0xC308, 0xC308, 0xC308, 0xE308, 0xC308, 0xE308, 0xC308, 0xE308, 0xE308, 0xE308, 0xE308, 0xE308, 0x2411, 0xC511, 0x6A24, 0x4C2D,
  0x2C2D, 0xC71A, 0x8411, 0x2409, 0x2409, 0x8511, 0xC71A, 0x4C2D, 0x4C2D, 0x6A24, 0xC511, 0x4411, 0x0409, 0xE408, 0xE408, 0x0411,
  0xE408, 0x0409, 0xE408, 0x0411, 0x0409, 0x4411, 0xC511, 0x0A24, 0x6C2D, 0x4C2D, 0x481B, 0xA511, 0x4411, 0x0409, 0x0409, 0x0409,
  0x2511, 0x8711, 0x0D23, 0xD534, 0xD534, 0x902B, 0xA711, 0x4511, 0x0411, 0x0411, 0x0409, 0x0411, 0x0409, 0x0411, 0x0409, 0x0411,
  0x0409, 0x0411, 0x0409, 0x0411, 0x0409, 0x0411, 0x0409, 0x0411, 0x0409, 0x2411, 0x6611, 0x8B1A, 0xB534, 0xD534, 0xF12B, 0xA711,
  0x2511, 0x0411, 0xE308, 0xE308, 0xE308, 0xE308, 0xE308, 0xE308, 0xE308, 0x0411, 0x2411, 0x8611, 0x6F23, 0xD534, 0xB534, 0xED22,
  0x6611, 0x2409, 0x0409, 0x4511, 0x091A, 0x9434, 0xD534, 0x5334, 0xA711, 0x2511, 0xE308, 0xC308, 0xC308, 0xC308, 0xC308, 0xC308,
  0xC308, 0xC308, 0xC308, 0x0411, 0x6511, 0xEC22, 0xB534, 0xB534, 0x6F23, 0x6611, 0x0409, 0xE308, 0x0411, 0xA711, 0x532C, 0xB534,
  0x9434, 0x081A, 0x2511, 0xE308, 0xC308, 0x0411, 0x2511, 0x6511, 0x6611, 0x8611, 0xAB1A, 0x532C, 0x532C, 0x0D23, 0x0411, 0xC308,
  0xA208, 0xA208, 0xA208, 0xA208, 0xA208, 0xA208, 0x8208, 0xA208, 0x8208, 0x8208, 0x8208, 0x8208, 0x8208, 0x8208, 0x8208, 0xE310,
  0x0311, 0xC208, 0xC208, 0xC208, 0xC208, 0xC208, 0xC208, 0xC208, 0xC208, 0xC208, 0xC208, 0xE208, 0x0309, 0x4309, 0x8411, 0xE411,
  0x4512, 0x881B, 0xF13F, 0xF13F, 0xF13F, 0xF23F, 0x8823, 0x6512, 0x0512, 0xA411, 0x6311, 0x4309, 0x2309, 0x0309, 0x0309, 0x0309,
  0x2309, 0x2309, 0x4309, 0x8411, 0x6712, 0xA812, 0x352E, 0xF836, 0x1125, 0x0E24, 0xD024, 0x762E, 0xD736, 0xAC1B, 0x0A1B, 0xC511,
  0x8409, 0x4309, 0x4309, 0x4309, 0x4309, 0x2309, 0x4309, 0x4311, 0x8411, 0xA511, 0x0612, 0x4712, 0xA91A, 0x7836, 0x3B3F, 0x3B3F,
  0x3B3F, 0xF32C, 0x891A, 0x471A, 0xE611, 0xA511, 0x8411, 0x4411, 0x4309, 0x2309, 0x2309, 0x2309, 0x4409, 0x2309, 0x2309, 0x2309,
  0x2309, 0x2309, 0x2309, 0x2309, 0x2309, 0x0309, 0x0309, 0xE208, 0xE208, 0xE208, 0xE208, 0xE208, 0xE208, 0xE208, 0xE208, 0xC208,
  0xC208, 0xC208, 0xC208, 0xC208, 0xC208, 0xC208, 0xC208, 0xC208, 0xE208, 0x0309, 0xA411, 0xD13F, 0xF13F, 0xF13F, 0x8C2D, 0x6309,
  0xE308, 0xC208, 0xA208, 0xA208, 0xC208, 0xA208, 0xA208, 0xA208, 0xA208, 0xC308, 0x2309, 0x8A24, 0xF13F, 0xF13F, 0xF13F, 0x071B,
  0x2309, 0xC308, 0x0309, 0x8411, 0x5037, 0xF13F, 0xF13F, 0x4E36, 0x6411, 0x0309, 0xC308, 0xA208, 0xC308, 0xA308, 0xC308, 0xC308,
  0xC308, 0xC308, 0xC308, 0xC308, 0xC308, 0xC308, 0xC308, 0xC308, 0xC308, 0xC308, 0xC308, 0xC308, 0xC308, 0xC308, 0xC308, 0xC308,
  0xC308, 0xC308, 0xC308, 0xC308, 0xC308, 0xC308, 0xE308, 0xE308, 0xE308, 0xE308, 0xE308, 0xE308, 0x2411, 0xA511, 0xD13F, 0xF13F,
  0xF13F, 0x8C2D, 0x8411, 0x2409, 0x2409, 0x8511, 0x8C2D, 0xF13F, 0xF13F, 0xD13F, 0xC511, 0x4411, 0x0409, 0xE408, 0xE408, 0xE408,
  0xE408, 0xE408, 0x0409, 0xE408, 0x0409, 0x4411, 0xC511, 0x503F, 0xF13F, 0xF13F, 0x6E36, 0xA511, 0x4411, 0x0409, 0x0411, 0x0409,
  0x4511, 0x8711, 0xDA3D, 0x1F4F, 0x1F4F, 0x7D46, 0xA711, 0x4511, 0x0411, 0x0409, 0x0411, 0x0409, 0x0409, 0x0409, 0x0411, 0x0409,
  0x0409, 0x0409, 0x0409, 0x0409, 0x0409, 0xE408, 0x0409, 0xE408, 0x0409, 0x2411, 0x6611, 0xF634, 0x1F4F, 0x1F4F, 0xFF4E, 0xA711,
  0x2511, 0x0409, 0xE308, 0xE308, 0xE308, 0xE308, 0xE308, 0xE308, 0xE308, 0xE408, 0x2411, 0x8611, 0x7D46, 0x1F4F, 0x1F4F, 0x993D,
  0x6611, 0x2409, 0x0409, 0x4511, 0x122C, 0x1F4F, 0x1F4F, 0x1F4F, 0xEC22, 0x2511, 0xE308, 0xC308, 0xC308, 0xC308, 0xC308, 0xC308,
  0xC308, 0xC308, 0xC308, 0x0409, 0x6511, 0xDA3D, 0x1F4F, 0x1F4F, 0x7D46, 0x6611, 0x0409, 0xE308, 0x2411, 0xED22, 0x1F4F, 0x1F4F,
  0x1F4F, 0xF12B, 0x2511, 0xE308, 0xC308, 0xC308, 0xE308, 0xE408, 0x2411, 0x4511, 0xB93D, 0x1F4F, 0x1F4F, 0x5C46, 0x4511, 0xE308,
  0xA208, 0xA208, 0xA208, 0xA208, 0xA208, 0xA208, 0xA208, 0x8208, 0x8208, 0x8208, 0x8208, 0x8208, 0x8208, 0x8208, 0x8208, 0xE310,
  0x0311, 0xC208, 0xC208, 0xC208, 0xC208, 0xC208, 0xC208, 0xC208, 0xC208, 0xC208, 0xC208, 0xE208, 0x0309, 0x4309, 0x8411, 0xE411,
  0x4512, 0x8823, 0xF13F, 0xF13F, 0xF13F, 0xF23F, 0x881B, 0x6512, 0x0512, 0xA411, 0x6309, 0x2309, 0x0309, 0x0309, 0x0309, 0x0309,
  0x0309, 0x2309, 0x2309, 0x6411, 0xE81A, 0x0612, 0x6712, 0x6E24, 0xF42D, 0xF736, 0x352E, 0x1125, 0xC812, 0x2612, 0x881A, 0x8411,
  0x4309, 0x4309, 0x2309, 0x2309, 0x2309, 0x2311, 0x4309, 0x4311, 0x6411, 0xA511, 0xE611, 0x4712, 0x881A, 0x7836, 0x3B3F, 0x3B3F,
  0x3B3F, 0xF32C, 0x681A, 0x2712, 0xE611, 0x8511, 0x6409, 0x4309, 0x2309, 0x2309, 0x0309, 0xAA22, 0x0309, 0x0309, 0x0309, 0x0309,
  0x0309, 0x0309, 0x0309, 0x0309, 0xE208, 0xE208, 0xE208, 0xE208, 0xE208, 0xE208, 0xE208, 0xE208, 0xC208, 0xE208, 0xC208, 0xC208,
  0xC208, 0xE208, 0xC208, 0xC208, 0xC208, 0xC208, 0xC208, 0xC208, 0xC208, 0x2311, 0xA411, 0xF13F, 0xF13F, 0xF13F, 0xEB2C, 0x6311,
  0xE208, 0xC208, 0xA208, 0xC208, 0xA208, 0xA208, 0xA208, 0xA208, 0xA208, 0xE308, 0x2309, 0xE923, 0xF13F, 0xF13F, 0xF13F, 0xA61A,
  0x0309, 0xE308, 0xE308, 0x8411, 0x0F37, 0xF13F, 0xF13F, 0xED2D, 0x8411, 0x0309, 0xE308, 0xC308, 0xC308, 0xE308, 0xC308, 0xE308,
  0xE308, 0xE308, 0xE308, 0xE308, 0xE308, 0xE308, 0xE308, 0xE308, 0xC308, 0xC308, 0xC308, 0xC308, 0xC308, 0xE308, 0xE308, 0xE308,
  0xE308, 0xE308, 0xE308, 0xE308, 0xE308, 0x0309, 0xE308, 0x0309, 0xE308, 0x0309, 0x0309, 0x0409, 0x4411, 0xC511, 0xF13F, 0xF13F,
  0xF13F, 0x0B2D, 0x6411, 0x2409, 0x2409, 0x8511, 0x0B2D, 0xF13F, 0xF13F, 0xF13F, 0xC511, 0x4411, 0x0409, 0xE408, 0xE408, 0xE408,
  0xE408, 0xE408, 0xE408, 0xE408, 0x0409, 0x4411, 0xC511, 0x0F37, 0xF13F, 0xF13F, 0x0D2E, 0xA511, 0x4411, 0x0409, 0x0409, 0x0409,
  0x2511, 0xA711, 0x783D, 0x1F4F, 0x1F4F, 0x3C46, 0xA711, 0x4511, 0x0411, 0x0411, 0x0409, 0x0411, 0x0409, 0x0411, 0x0409, 0x0411,
  0xE408, 0x0411, 0xE408, 0x0409, 0xE408, 0x0409, 0xE408, 0xE408, 0x0409, 0x2411, 0x6611, 0x7434, 0x1F4F, 0x1F4F, 0x1F4F, 0xA711,
  0x4511, 0x2411, 0x0409, 0x0411, 0x0409, 0x0411, 0x0409, 0x0411, 0x0409, 0x0411, 0x2511, 0x8711, 0x3C46, 0x1F4F, 0x1F4F, 0x573D,
  0x6611, 0x2409, 0x0409, 0x4511, 0x8F23, 0x1F4F, 0x1F4F, 0x1F4F, 0x8B1A, 0x2511, 0xE308, 0xC308, 0xC308, 0xC308, 0xC308, 0xC308,
  0xC308, 0xC308, 0xC308, 0x0409, 0x6611, 0x583D, 0x1F4F, 0x1F4F, 0x3B46, 0x6611, 0x0409, 0xE308, 0x0411, 0x8B1A, 0x1F4F, 0x1F4F,
  0x1F4F, 0x6F23, 0x2411, 0xE308, 0xA208, 0xC208, 0xA208, 0xC308, 0xE308, 0x4511, 0x573D, 0x1F4F, 0x1F4F, 0x3B46, 0x4511, 0x0409,
  0xC308, 0xA208, 0xA208, 0xA208, 0x8208, 0xA208, 0x8208, 0xA208, 0x8208, 0x8208, 0x8208, 0x8208, 0x8208, 0x8208, 0x8208, 0xE310,
  0x0311, 0xC208, 0xC208, 0xC208, 0xC208, 0xC208, 0xC208, 0xC208, 0xC208, 0xC208, 0xC208, 0xE208, 0x0309, 0x4309, 0x8411, 0xE411,
  0x4512, 0x881B, 0xF13F, 0xF13F, 0xF13F, 0xF23F, 0x8823, 0x6512, 0x0512, 0xA411, 0x6311, 0x2309, 0x2309, 0x0309, 0x0309, 0x0309,
  0x0309, 0x0309, 0xE511, 0x2309, 0x6411, 0x8411, 0xE511, 0x2612, 0x4712, 0x6712, 0x6712, 0x2612, 0x0612, 0xC511, 0x6411, 0x4309,
  0xCA22, 0x2309, 0x2309, 0x2309, 0x2309, 0x2309, 0x4309, 0x4311, 0x6411, 0xA511, 0xE611, 0x4712, 0x881A, 0x7836, 0x3B3F, 0x3B3F,
  0x3B3F, 0xF22C, 0x681A, 0x2712, 0xC611, 0x8411, 0x4409, 0x2309, 0x0309, 0x0309, 0x0309, 0x0309, 0x0309, 0x0209, 0x0209, 0x0209,
  0x0209, 0xE208, 0xE208, 0xE208, 0xE208, 0xE208, 0xE208, 0xE208, 0xE208, 0xE208, 0xE208, 0xC208, 0xE208, 0xE208, 0xE208, 0xC208,
  0xC208, 0xC208, 0xC208, 0xC208, 0xC208, 0xC208, 0xC208, 0xC208, 0xC208, 0x0309, 0x8411, 0xB13F, 0xF13F, 0xF13F, 0xAA24, 0x4309,
  0xE308, 0xC208, 0xA208, 0xA208, 0xA208, 0xA208, 0xA208, 0xA208, 0xA208, 0xC208, 0x2309, 0x881B, 0xF13F, 0xF13F, 0xF13F, 0x6612,
  0x0309, 0xC308, 0xE308, 0x6411, 0xCF36, 0xF13F, 0xF13F, 0xCD2D, 0xA411, 0x6411, 0x2311, 0x2309, 0x2311, 0x2311, 0x2311, 0x2311,
  0x2311, 0x2311, 0x2311, 0x2311, 0x2411, 0x2411, 0x2411, 0x2309, 0x0309, 0xE308, 0xC308, 0xC308, 0xE308, 0x0309, 0x2411, 0x4411,
  0x4411, 0x4411, 0x4411, 0x4411, 0x4411, 0x4411, 0x4411, 0x4411, 0x4411, 0x4411, 0x4411, 0x6411, 0x8411, 0xC511, 0xB13F, 0xF13F,
  0xF13F, 0x8A24, 0x4411, 0x0409, 0x2409, 0x6411, 0xAB24, 0xF13F, 0xF13F, 0xB13F, 0xC511, 0x4411, 0x0409, 0xE308, 0xE408, 0xE408,
  0xE408, 0xE408, 0xE408, 0xE408, 0x0409, 0x4411, 0xA511, 0xCF36, 0xF13F, 0xF13F, 0xCD2D, 0xA511, 0x2411, 0x0409, 0x0409, 0x0409,
  0x2511, 0x8611, 0x373D, 0x1F4F, 0x1F4F, 0x1B46, 0xA711, 0x4511, 0x0411, 0x0409, 0x0409, 0xE408, 0x0409, 0xE408, 0x0409, 0xE408,
  0xE408, 0xE408, 0xE408, 0xE408, 0xE408, 0xE408, 0xE408, 0xE408, 0x0409, 0x0411, 0x4511, 0x122C, 0x1F4F, 0x1F4F, 0xDE4E, 0xA711,
  0x6611, 0x6511, 0x4511, 0x4511, 0x4511, 0x4511, 0x4511, 0x4511, 0x4511, 0x4511, 0x6611, 0x8611, 0xFB3D, 0x1F4F, 0x1F4F, 0x1635,
  0x4511, 0x0409, 0x0409, 0x4511, 0x4E23, 0x1F4F, 0x1F4F, 0x1F4F, 0x4A1A, 0x2511, 0xE308, 0xC308, 0xC308, 0xC308, 0xC308, 0xC308,
  0xC308, 0xC308, 0xC308, 0x0409, 0x4511, 0x1735, 0x1F4F, 0x1F4F, 0xFA45, 0x6611, 0x0409, 0xE308, 0x0411, 0x4A1A, 0x1F4F, 0x1F4F,
  0x1F4F, 0x2E23, 0x2411, 0xC308, 0xA208, 0xA208, 0xA208, 0xA208, 0xC308, 0x0411, 0xF634, 0x1F4F, 0x1F4F, 0xFA3D, 0x6611, 0x2511,
  0x0411, 0xE308, 0xC308, 0xA208, 0xA208, 0x8208, 0x8208, 0x8208, 0x8208, 0x8208, 0x8208, 0x8208, 0x8208, 0x8208, 0x8208, 0xE310,
  0x0311, 0xC208, 0xC208, 0xC208, 0xC208, 0xC208, 0xC208, 0xC208, 0xC208, 0xC208, 0xC208, 0xE208, 0x0209, 0x4309, 0x8411, 0xE411,
  0x4512, 0x881B, 0xF13F, 0xF13F, 0xF13F, 0xF23F, 0x881B, 0x6512, 0x0512, 0xA411, 0x6309, 0x2309, 0x0309, 0x0309, 0x0309, 0x0309,
  0x0309, 0x8411, 0x8411, 0x2309, 0x2309, 0x4309, 0x6411, 0xA411, 0xC511, 0xC511, 0xC511, 0xA511, 0x8411, 0x6411, 0x4309, 0x2309,
  0x4309, 0x4311, 0x6411, 0x2309, 0x2309, 0x2309, 0x2309, 0x4311, 0x6409, 0xA511, 0xE611, 0x4712, 0x881A, 0x7836, 0x3B3F, 0x3B3F,
  0x3B3F, 0xF22C, 0x681A, 0x0712, 0xC511, 0x8411, 0x4309, 0x2311, 0x0309, 0x891A, 0x2311, 0x0309, 0x0209, 0x0309, 0x0209, 0x0209,
  0xE208, 0xE208, 0xE208, 0xE208, 0xE208, 0xE208, 0xE208, 0xE208, 0xE208, 0xE208, 0xE208, 0xC208, 0xC208, 0xE208, 0xC208, 0xC208,
  0xC208, 0xC208, 0xC208, 0xC208, 0xC208, 0xC208, 0xC208, 0xC208, 0xC208, 0x0309, 0x8411, 0xE71A, 0xC91B, 0xA823, 0xE511, 0x4311,
  0xE208, 0xC208, 0xA208, 0xC208, 0xA208, 0xA208, 0xA208, 0xA208, 0xA208, 0xC208, 0x2309, 0xC411, 0x881B, 0xC923, 0x271B, 0x8411,
  0x0309, 0xE308, 0xE308, 0x6411, 0xA612, 0xC923, 0xC923, 0xA61A, 0x6612, 0x681B, 0x481B, 0x6612, 0xC511, 0x271B, 0x481B, 0xA61A,
  0xA411, 0x271B, 0x481B, 0xE71A, 0xC511, 0xE71A, 0x481B, 0x071B, 0x4409, 0x0309, 0xE308, 0xE308, 0x2411, 0xE511, 0x481B, 0x481B,
  0x6612, 0xE511, 0x481B, 0x681B, 0xA71A, 0xC511, 0x281B, 0x681B, 0xE71A, 0xC511, 0xE71A, 0x681B, 0x281B, 0xC511, 0xC511, 0xC511,
  0xA511, 0x6411, 0x2409, 0x0309, 0x0409, 0x6411, 0x2612, 0xC923, 0xE923, 0x081B, 0xA511, 0x4411, 0xE308, 0xE308, 0xE308, 0xE308,
  0xE308, 0xE308, 0xE308, 0xE408, 0x0409, 0x4411, 0xA511, 0xE71A, 0xE923, 0xE923, 0x861A, 0x8511, 0x2409, 0x0409, 0xE408, 0x0409,
  0x2411, 0x8611, 0x4A1A, 0x8F2B, 0x8F2B, 0xAB1A, 0x8611, 0x4511, 0x0411, 0x0409, 0xE408, 0x0409, 0xE408, 0xE408, 0xE408, 0xE408,
  0xE408, 0xE408, 0xE408, 0xE408, 0xE308, 0xE408, 0xE308, 0xE408, 0xE308, 0x0411, 0x2411, 0x6511, 0x8611, 0xA711, 0xA711, 0xC711,
  0xED22, 0x2D23, 0xCC1A, 0xC711, 0xCC1A, 0x0D23, 0xED22, 0xC711, 0x6A1A, 0x0D23, 0x0D23, 0xC719, 0xA711, 0xA711, 0x8611, 0x4511,
  0x0409, 0xE308, 0xE408, 0x4511, 0xC711, 0x4E23, 0x8F2B, 0x0D23, 0xA711, 0x2511, 0xE308, 0xC308, 0xC308, 0xC308, 0xC308, 0xC308,
  0xC308, 0xC308, 0xC308, 0x0409, 0x4511, 0x291A, 0x6F23, 0x6F23, 0x6A1A, 0x6611, 0xE408, 0xE308, 0x0411, 0x8611, 0xED22, 0x6F2B,
  0x2E23, 0xA711, 0x2411, 0xC308, 0xA208, 0xA208, 0xA208, 0xA208, 0xC308, 0xE308, 0x2411, 0x4511, 0x6611, 0x6611, 0x8611, 0xEC22,
  0xEC22, 0x091A, 0x0409, 0xC308, 0xA208, 0xA208, 0x8208, 0xA208, 0x8208, 0x8208, 0x8208, 0x8208, 0x8208, 0x8208, 0x8208, 0xE310,
  0x0311, 0xA208, 0xC208, 0xC208, 0xC208, 0xC208, 0xC208, 0xC208, 0xC208, 0xC208, 0xE208, 0xE208, 0x0309, 0x4309, 0x8411, 0xE411,
  0x4512, 0x881B, 0xF13F, 0xF13F, 0xF13F, 0xF23F, 0x8823, 0x6512, 0x0512, 0xA411, 0x6311, 0x2309, 0x0309, 0x0309, 0x0309, 0x6411,
  0x4309, 0x2309, 0x0309, 0x0309, 0x0309, 0x2309, 0x4309, 0x4309, 0x6409, 0x6411, 0x6409, 0x4309, 0x4309, 0x2309, 0x2309, 0x2311,
  0x2309, 0x2309, 0xA511, 0xA511, 0x2309, 0x2309, 0x4309, 0x4311, 0x6411, 0xA511, 0xE611, 0x4712, 0x881A, 0x7836, 0x3B3F, 0x3B3F,
  0x3B3F, 0xF22C, 0x681A, 0x0712, 0xC611, 0x8411, 0x4409, 0x2309, 0x0309, 0x0309, 0x0309, 0x0209, 0x0309, 0x0309, 0x0209, 0xE208,
  0xE208, 0xE208, 0xE208, 0xE208, 0x0209, 0xE208, 0xE208, 0xE208, 0xE208, 0xE208, 0xE208, 0xE208, 0xE208, 0xC208, 0xC208, 0xC208,
  0xC208, 0xC208, 0xE208, 0xC208, 0xC208, 0xC208, 0xC208, 0xC208, 0xC208, 0x0309, 0xA411, 0x703F, 0xF13F, 0xF13F, 0xAA24, 0x4309,
  0xE308, 0xC208, 0xC208, 0xA208, 0xA208, 0xA208, 0xA208, 0xA208, 0xC208, 0xE208, 0x2309, 0xC923, 0xF13F, 0xF13F, 0xF13F, 0x861A,
  0x2309, 0xC308, 0xE308, 0x6411, 0x0F37, 0xF13F, 0xF13F, 0x0D36, 0x2E36, 0xF13F, 0xF13F, 0x0F37, 0x2B2D, 0xF13F, 0xF13F, 0x703F,
  0x2A24, 0xF13F, 0xF13F, 0xF13F, 0x0924, 0xF13F, 0xF13F, 0xF13F, 0xC923, 0x2309, 0xE308, 0xE308, 0x4411, 0x0D36, 0xF13F, 0xF13F,
  0x0F37, 0x2C2D, 0xF13F, 0xF13F, 0x703F, 0x4A24, 0xF13F, 0xF13F, 0xF13F, 0x0924, 0xF13F, 0xF13F, 0xF13F, 0xE923, 0x8411, 0x4411,
  0x2409, 0x0409, 0xE308, 0x0309, 0x0409, 0x6411, 0x0B2D, 0xF13F, 0xF13F, 0x703F, 0xC511, 0x4411, 0xE408, 0xE308, 0xE308, 0xE308,
  0xE308, 0xE408, 0x0411, 0xE308, 0x0409, 0x2409, 0xA511, 0x1037, 0xF13F, 0xF13F, 0x0D2E, 0x8511, 0x2411, 0xE408, 0xE408, 0x0409,
  0x4511, 0x8611, 0x783D, 0x1F4F, 0x1F4F, 0x5C46, 0x8611, 0x4511, 0x0411, 0xE408, 0xE408, 0xE408, 0xE408, 0xE408, 0xE408, 0x0411,
  0xE408, 0xE408, 0xE408, 0xE408, 0xE308, 0xE308, 0x0409, 0x0409, 0xE308, 0xE408, 0x0409, 0x2411, 0x2511, 0x4511, 0x8611, 0x902B,
  0x1F4F, 0x1F4F, 0x1F4F, 0xD02B, 0x1F4F, 0x1F4F, 0x1F4F, 0xD12B, 0x9D46, 0x1F4F, 0x1F4F, 0x332C, 0x8611, 0x4511, 0x2411, 0x0409,
  0xE308, 0xE308, 0xE408, 0x4511, 0x8F2B, 0x1F4F, 0x1F4F, 0x1F4F, 0x6A1A, 0x2411, 0xE308, 0xE308, 0xC308, 0xC308, 0xC308, 0xC308,
  0xC308, 0xC308, 0xE308, 0x0409, 0x4511, 0x783D, 0x1F4F, 0x1F4F, 0x3C46, 0x6611, 0x0411, 0xE308, 0x0411, 0x8B1A, 0x1F4F, 0x1F4F,
  0x1F4F, 0x8F23, 0x2411, 0xC308, 0xA208, 0xA208, 0xA208, 0xA208, 0xC208, 0xC308, 0xC308, 0xE408, 0x0411, 0x4511, 0x532C, 0x1F4F,
  0x1F4F, 0x9D46, 0x2511, 0xC308, 0xA208, 0x8208, 0x8208, 0xA208, 0xA208, 0x8208, 0x8208, 0x8208, 0x8208, 0x8208, 0xA208, 0xE310,
  0x0311, 0xA208, 0xC208, 0xC208, 0xC208, 0xC208, 0xC208, 0xC208, 0xC208, 0xC208, 0xE208, 0x0309, 0x0209, 0x4309, 0x8411, 0xE411,
  0x4512, 0x8823, 0xF13F, 0xF13F, 0xF13F, 0xF23F, 0x881B, 0x6512, 0x0512, 0xA411, 0x6311, 0x2309, 0x0309, 0x0309, 0x0209, 0x6612,
  0x2309, 0x2309, 0x0309, 0x0309, 0x0309, 0x0309, 0x0309, 0x2309, 0x4309, 0x2309, 0x2309, 0x2309, 0x2309, 0x2309, 0x2309, 0x4311,
  0x2309, 0x2309, 0x2309, 0xA511, 0x2309, 0x2309, 0x4309, 0x6411, 0x6409, 0xA511, 0xE611, 0x2712, 0x881A, 0x7836, 0x3B3F, 0x3B3F,
  0x3B3F, 0xF22C, 0x681A, 0x0712, 0xC611, 0x8411, 0x4411, 0x481A, 0x8411, 0x0309, 0x0209, 0x0309, 0x0309, 0x0309, 0xE208, 0xE208,
  0xE208, 0xE208, 0xE208, 0x0209, 0x0209, 0xE208, 0xE208, 0xE208, 0xE208, 0xE208, 0xE208, 0xE208, 0xE208, 0xC208, 0xC208, 0xC208,
  0xC208, 0xC208, 0xE208, 0xE208, 0xC208, 0xC208, 0xC208, 0xC208, 0xC208, 0x2311, 0xA411, 0xF13F, 0xF13F, 0xF13F, 0xEB2C, 0x4309,
  0xE208, 0xC208, 0xA208, 0xA208, 0xA208, 0xA208, 0xA208, 0xA208, 0xA208, 0xE308, 0x0309, 0xC923, 0xF13F, 0xF13F, 0xF13F, 0xA61A,
  0x2309, 0xE308, 0xE308, 0x6411, 0xEF36, 0xF13F, 0xF13F, 0x2E36, 0x2D36, 0xF13F, 0xF13F, 0x0F37, 0x2C2D, 0xF13F, 0xF13F, 0xF13F,
  0x4A24, 0xF13F, 0xF13F, 0xF13F, 0x2924, 0xF13F, 0xF13F, 0xF13F, 0xC923, 0x2411, 0xE308, 0x0309, 0x6411, 0xED2D, 0xF13F, 0xF13F,
  0x0F37, 0x4C2D, 0xF13F, 0xF13F, 0xF13F, 0x6A24, 0xF13F, 0xF13F, 0xF13F, 0x2A24, 0xF13F, 0xF13F, 0xF13F, 0xE923, 0x6411, 0x0309,
  0xE308, 0xE308, 0xE308, 0x0309, 0x2411, 0x6411, 0xEB2C, 0xF13F, 0xF13F, 0xF13F, 0xC511, 0x4411, 0xE308, 0xE308, 0xE308, 0xE308,
  0xE308, 0x0411, 0x0409, 0xE408, 0xE408, 0x2411, 0xA511, 0x0F37, 0xF13F, 0xF13F, 0x0D2E, 0x8511, 0x2409, 0x0309, 0xE308, 0x0409,
  0x2511, 0x8611, 0x583D, 0x1F4F, 0x1F4F, 0x3C46, 0x8611, 0x4511, 0x0411, 0x0409, 0xE308, 0xE408, 0xE308, 0xE308, 0xE408, 0x0411,
  0x0409, 0xE308, 0xE308, 0xE308, 0xE308, 0xE308, 0x0409, 0x0411, 0xE308, 0xE308, 0xE308, 0xE308, 0xE408, 0x2411, 0x6611, 0x8F2B,
  0x1F4F, 0x1F4F, 0x1F4F, 0xD12B, 0x1F4F, 0x1F4F, 0x1F4F, 0xF12B, 0x1F4F, 0x1F4F, 0x1F4F, 0x7334, 0x6611, 0x2411, 0xE308, 0xE308,
  0xE308, 0xC308, 0xE408, 0x4511, 0x8F23, 0x1F4F, 0x1F4F, 0x1F4F, 0x6A1A, 0x2411, 0xE308, 0xE308, 0xC308, 0xC308, 0xC308, 0xC308,
  0xC308, 0xC308, 0xE308, 0x0411, 0x4511, 0x573D, 0x1F4F, 0x1F4F, 0x3B46, 0x6611, 0x0409, 0xE308, 0x0409, 0x6A1A, 0x1F4F, 0x1F4F,
  0x1F4F, 0x6F23, 0x2411, 0xC308, 0xA208, 0xA208, 0xA208, 0xA208, 0xC208, 0xC308, 0xA208, 0xC208, 0xC308, 0x2511, 0x532C, 0x1F4F,
  0x1F4F, 0x1F4F, 0x4511, 0xE308, 0xA208, 0x8208, 0xA208, 0xA208, 0xA208, 0x8208, 0x8208, 0x8208, 0x8208, 0x8208, 0xA208, 0x0311,
  0x0311, 0xA208, 0xC208, 0xC208, 0xC208, 0xC208, 0xC208, 0xC208, 0xC208, 0xC208, 0xC208, 0xE208, 0x0309, 0x2309, 0x8411, 0xE411,
  0x4512, 0x881B, 0xF13F, 0xF13F, 0xF13F, 0xF23F, 0x881B, 0x6512, 0x0512, 0xA411, 0x6311, 0x2309, 0x0309, 0x2612, 0x0309, 0x0309,
  0x0309, 0x0309, 0x0309, 0x0309, 0x0309, 0x0309, 0x0309, 0x2309, 0x2309, 0x0309, 0x2309, 0x2309, 0x2309, 0x2309, 0x2309, 0x2309,
  0x2309, 0x2309, 0x2309, 0x2309, 0x2309, 0xAA22, 0x2309, 0x4309, 0x6411, 0xA511, 0xE611, 0x2712, 0x881A, 0x7836, 0x3B3F, 0x3B3F,
  0x3B3F, 0xF22C, 0x681A, 0x0712, 0xC511, 0x8411, 0x4409, 0x2309, 0x0309, 0x0209, 0x0209, 0x0209, 0x0309, 0x0309, 0xE208, 0xE208,
  0xE208, 0xE208, 0xE208, 0xE208, 0xE208, 0xE208, 0xE208, 0xE208, 0xE208, 0xC208, 0xC208, 0xE208, 0xC208, 0xC208, 0xC208, 0xC208,
  0xC208, 0xC208, 0xC208, 0xC208, 0xC208, 0xC208, 0xC208, 0xC208, 0xC208, 0x0309, 0x6411, 0xB13F, 0xF13F, 0xF13F, 0x8A24, 0x2309,
  0xC208, 0xC208, 0xC208, 0xA208, 0xA208, 0xA208, 0xA208, 0xA208, 0xA208, 0xC208, 0x0309, 0x681B, 0xF13F, 0xF13F, 0xF13F, 0x4512,
  0x0309, 0xC208, 0xE308, 0x4311, 0xAF36, 0xF13F, 0xF13F, 0xCD2D, 0xCD2D, 0xF13F, 0xF13F, 0xCF36, 0xCB24, 0xF13F, 0xF13F, 0xB13F,
  0xE923, 0xF13F, 0xF13F, 0xF13F, 0x881B, 0xF13F, 0xF13F, 0xF13F, 0x681B, 0x2309, 0xE308, 0xE308, 0x4411, 0xAD2D, 0xF13F, 0xF13F,
  0xCF36, 0xEB24, 0xF13F, 0xF13F, 0xB13F, 0x0924, 0xF13F, 0xF13F, 0xF13F, 0xA91B, 0xF13F, 0xF13F, 0xF13F, 0x681B, 0x2411, 0xE308,
  0xE308, 0xC308, 0xE308, 0xE308, 0x0309, 0x4411, 0x8A24, 0xF13F, 0xF13F, 0xB13F, 0x8511, 0x2409, 0xE308, 0xE308, 0xE308, 0xE308,
  0xE308, 0xE308, 0xE308, 0xE308, 0xE308, 0x2409, 0x8511, 0xAF36, 0xF13F, 0xF13F, 0xAD2D, 0x6411, 0x2411, 0xE308, 0xE308, 0xE408,
  0x2411, 0x6611, 0x1635, 0x1F4F, 0x1F4F, 0xFA3D, 0x6611, 0x2409, 0x0409, 0xE308, 0xE308, 0xE308, 0xE308, 0xE308, 0xE308, 0xE408,
  0xE308, 0xE308, 0xE308, 0xE308, 0xE308, 0xE308, 0xE308, 0xE308, 0xE308, 0xE308, 0xE308, 0xE308, 0xE308, 0x0409, 0x4511, 0x2E23,
  0x1F4F, 0x1F4F, 0x1F4F, 0x4E23, 0x1F4F, 0x1F4F, 0x1F4F, 0x9023, 0xDE4E, 0x1F4F, 0x1F4F, 0x122C, 0x4511, 0x0409, 0xE308, 0xC308,
  0xC308, 0xC308, 0xE308, 0x2411, 0x2E23, 0x1F4F, 0x1F4F, 0x1F4F, 0x291A, 0x0409, 0xC308, 0xC308, 0xC308, 0xC308, 0xC308, 0xC308,
  0xC308, 0xC308, 0xC308, 0xE308, 0x2511, 0x1635, 0x1F4F, 0x1F4F, 0xFA3D, 0x4511, 0xE308, 0xC308, 0x0411, 0x0912, 0x1F4F, 0x1F4F,
  0x1F4F, 0x0D23, 0x0409, 0xC308, 0xA208, 0xA208, 0xA208, 0xA208, 0xA208, 0xA208, 0xA208, 0xA208, 0xC308, 0x0409, 0xF12B, 0x1F4F,
  0x1F4F, 0xDE46, 0x2511, 0xC308, 0xA208, 0x8208, 0x8208, 0x8208, 0xA208, 0x8208, 0x8208, 0x8208, 0x8208, 0x8208, 0x8208, 0xE310,
  0x0311, 0xA208, 0xA208, 0xC208, 0xC208, 0xC208, 0xC208, 0xC208, 0xC208, 0xC208, 0xC208, 0xE208, 0x0209, 0x2309, 0x8311, 0xE411,
  0x4512, 0xA823, 0xF13F, 0xF13F, 0xF13F, 0xF23F, 0xA823, 0x6612, 0x0512, 0xA411, 0x4309, 0x2309, 0x0309, 0xC411, 0x0209, 0x0309,
  0x0209, 0x0309, 0x0309, 0x0309, 0x0309, 0x0309, 0x0309, 0x0309, 0x0309, 0x0309, 0x0309, 0x0309, 0x0309, 0x2309, 0x0309, 0x2309,
  0x0309, 0x2309, 0x2309, 0x2309, 0x2309, 0x6411, 0x2309, 0x8511, 0x6409, 0xA511, 0xE611, 0x2712, 0x891A, 0x7836, 0x3B3F, 0x3B3F,
  0x1B3F, 0xF32C, 0x681A, 0x0712, 0xA511, 0xE711, 0xA511, 0x2309, 0x0309, 0x0209, 0x0209, 0x0209, 0xE208, 0xE208, 0xE208, 0xE208,
  0xE208, 0xE208, 0xE208, 0xE208, 0xE208, 0xE208, 0xE208, 0xE208, 0xC208, 0xC208, 0xC208, 0xC208, 0xC208, 0xC208, 0xC208, 0xC208,
  0xC208, 0xC208, 0xC208, 0xC208, 0xC208, 0xC208, 0xC208, 0xC208, 0xC208, 0xE208, 0x2309, 0x6612, 0x271B, 0x071B, 0x6311, 0x0309,
  0xC208, 0xA208, 0xA208, 0xA208, 0xA208, 0xA208, 0xA208, 0xA208, 0xA208, 0xA208, 0xC208, 0x2309, 0xE71A, 0x271B, 0xA61A, 0x2309,
  0xC208, 0xC208, 0xC208, 0x0309, 0x0512, 0x271B, 0x271B, 0x0512, 0x0512, 0x481B, 0x481B, 0x4612, 0xC511, 0x481B, 0x481B, 0x861A,
  0xA411, 0x271B, 0x481B, 0xE71A, 0xA411, 0xE71A, 0x481B, 0xE71A, 0x4409, 0x0309, 0xC308, 0xE308, 0x0311, 0xC511, 0x281B, 0x481B,
  0x6612, 0xE511, 0x481B, 0x681B, 0xA71A, 0xC511, 0x281B, 0x481B, 0xE71A, 0xC511, 0xE71A, 0x481B, 0x071B, 0x6411, 0x0309, 0xE308,
  0xC308, 0xC308, 0xC308, 0xE308, 0xE308, 0x2409, 0x8411, 0x281B, 0x481B, 0x6612, 0x4411, 0x0311, 0xE308, 0xE308, 0xE308, 0xE308,
  0xE308, 0xE308, 0xE308, 0xE308, 0xE308, 0x0411, 0x4411, 0x4612, 0x481B, 0x481B, 0xE511, 0x4411, 0x0309, 0xE308, 0xE308, 0xE408,
  0x0409, 0x2511, 0xC711, 0x0D23, 0x0D23, 0x091A, 0x2511, 0x0411, 0xE308, 0xE308, 0xE308, 0xE308, 0xE308, 0xE308, 0xE308, 0xE308,
  0xE308, 0xE308, 0xE308, 0xE308, 0xE308, 0xE308, 0xE308, 0xE308, 0xE308, 0xE308, 0xE308, 0xE308, 0xE308, 0xE308, 0x0411, 0x6511,
  0xCC22, 0x0D23, 0xAB1A, 0xA711, 0xAB1A, 0x0D23, 0xEC22, 0xC711, 0x6B1A, 0x0D23, 0xEC22, 0x6611, 0x0409, 0xE308, 0xC308, 0xC308,
  0xC308, 0xC308, 0xE308, 0x0411, 0x4511, 0xCC22, 0xED22, 0x8B1A, 0x2511, 0xE408, 0xC308, 0xC308, 0xC308, 0xC308, 0xC308, 0xC308,
  0xC308, 0xC308, 0xC308, 0xC308, 0x0409, 0xA711, 0xEC22, 0xEC22, 0xE811, 0x0411, 0xC308, 0xC308, 0xE308, 0x2411, 0x6A1A, 0xEC22,
  0x8B1A, 0x2511, 0xE308, 0xC208, 0xA208, 0xA208, 0xA208, 0xA208, 0xA208, 0xA208, 0xA208, 0xA208, 0xA208, 0xE308, 0x4511, 0xCC22,
  0xCC22, 0x091A, 0xE408, 0xC308, 0x8208, 0x8208, 0x8208, 0x8208, 0x8208, 0x8208, 0x8208, 0x8208, 0x8208, 0x8208, 0x8208, 0xE310,
  0x0311, 0xA208, 0xA208, 0xA208, 0xC208, 0xC208, 0xC208, 0xC208, 0xC208, 0xC208, 0xC208, 0xE208, 0x0209, 0x2309, 0x8411, 0x0512,
  0x8612, 0xC823, 0xF13F, 0xF13F, 0xF13F, 0xF23F, 0xC923, 0x861A, 0x0512, 0xA411, 0x6411, 0x2612, 0x0309, 0x0209, 0x0209, 0x0209,
  0x0209, 0x0209, 0x0309, 0x0309, 0x0309, 0x0309, 0x0309, 0x0309, 0x0309, 0x0309, 0x0309, 0x0309, 0x0309, 0x0309, 0x0309, 0x0309,
  0x0309, 0x0309, 0x0309, 0x0309, 0x0309, 0x0309, 0x2309, 0x681A, 0x6409, 0xA511, 0xE611, 0x4812, 0xCA1A, 0x7836, 0x3B3F, 0x3B3F,
  0x3B3F, 0x132D, 0x891A, 0x2712, 0x0712, 0xC611, 0x4309, 0x0309, 0x0309, 0x0209, 0x0209, 0xE208, 0xE208, 0xE208, 0xE208, 0xE208,
  0xE208, 0xE208, 0xE208, 0xE208, 0xE208, 0xE208, 0xE208, 0xE208, 0xC208, 0xC208, 0xC208, 0xC208, 0xC208, 0xC208, 0xC208, 0xC208,
  0xC208, 0xC208, 0xC208, 0xC208, 0xC208, 0xC208, 0xC208, 0xA208, 0xC208, 0xC208, 0xE208, 0x0309, 0x0309, 0x0309, 0xE308, 0xC208,
  0xA208, 0xA208, 0xA208, 0xA208, 0xA208, 0xA208, 0xA208, 0xA208, 0xA208, 0xA208, 0xA208, 0xC208, 0x0309, 0x0309, 0xE308, 0xC208,
  0xA208, 0xA208, 0xA208, 0xC308, 0xE308, 0x0309, 0x0309, 0x0309, 0x0309, 0x2309, 0x2309, 0x2309, 0x2309, 0x2309, 0x2311, 0x2309,
  0x2309, 0x2309, 0x2311, 0x2309, 0x2311, 0x2309, 0x2311, 0x2309, 0x0309, 0xC308, 0xC308, 0xC308, 0xE308, 0x0309, 0x2309, 0x2411,
  0x2411, 0x2411, 0x2411, 0x4411, 0x2411, 0x2411, 0x4411, 0x4411, 0x4411, 0x4411, 0x4411, 0x4411, 0x2409, 0x0309, 0xE308, 0xE308,
  0xC308, 0xC308, 0xC308, 0xC308, 0xE308, 0xE308, 0x2409, 0x2411, 0x4411, 0x2409, 0x0409, 0xE308, 0xE308, 0xE308, 0xE308, 0xE308,
  0xE308, 0xE308, 0xE308, 0xE308, 0xE308, 0xE308, 0x0409, 0x2409, 0x4411, 0x4411, 0x2409, 0x0409, 0xE308, 0xE308, 0xE308, 0xE308,
  0xE308, 0x0409, 0x2411, 0x2511, 0x4511, 0x2411, 0x0411, 0xE408, 0xE308, 0xE308, 0xE308, 0xE308, 0xE308, 0xE308, 0xE308, 0xE308,
  0xE308, 0xE308, 0xE308, 0xE308, 0xE308, 0xE308, 0xE308, 0xE308, 0xE308, 0xE308, 0xE308, 0xE308, 0xE308, 0xE308, 0xE408, 0x0411,
  0x2511, 0x2511, 0x4511, 0x2511, 0x2511, 0x2511, 0x2511, 0x2511, 0x2511, 0x2511, 0x2411, 0x0411, 0xE308, 0xC308, 0xC308, 0xC308,
  0xC308, 0xC308, 0xC308, 0xE308, 0x0409, 0x0409, 0x2411, 0x0411, 0xE408, 0xC308, 0xC308, 0xC308, 0xC308, 0xC308, 0xC308, 0xC308,
  0xC308, 0xC308, 0xC308, 0xC308, 0xC308, 0xE408, 0x0411, 0x0411, 0x0409, 0xC308, 0xC308, 0xA208, 0xC308, 0xE308, 0x0409, 0x0411,
  0x0409, 0xE308, 0xC308, 0xA208, 0xA208, 0xA208, 0xA208, 0xA208, 0xA208, 0xA208, 0xA208, 0xA208, 0xA208, 0xC208, 0xC308, 0xE308,
  0xE408, 0xE308, 0xC308, 0xA208, 0x8208, 0x8208, 0x8208, 0x8208, 0x8208, 0x8208, 0x8208, 0x8208, 0x8208, 0x8208, 0x8208, 0xE310,
  0x0311, 0xA208, 0xA208, 0xA208, 0xA208, 0xC208, 0xC208, 0xC208, 0xC208, 0xC208, 0xC208, 0xE208, 0x0209, 0x4309, 0xA411, 0x2512,
  0xC61A, 0x2924, 0xF13F, 0xF13F, 0xF13F, 0xF13F, 0x2924, 0xC61A, 0x4512, 0xC411, 0xE511, 0x2309, 0x0209, 0xE208, 0xE208, 0x0209,
  0x0209, 0x0309, 0x0209, 0x0309, 0x0209, 0x0309, 0x0309, 0x0309, 0x0309, 0x0309, 0x0309, 0x0309, 0x0309, 0x0309, 0x0309, 0x0309,
  0x0309, 0x0309, 0x0309, 0x0309, 0x0309, 0x0309, 0x0309, 0x2311, 0x8409, 0xE611, 0x0712, 0x891A, 0xEB1A, 0xBA3E, 0x1D47, 0x1D47,
  0x1D47, 0x7535, 0xCA1A, 0x681A, 0xE711, 0x8411, 0x2309, 0x0309, 0x0309, 0x0209, 0xE208, 0xE208, 0xE208, 0xE208, 0xE208, 0xE208,
  0xE208, 0xE208, 0xE208, 0xE208, 0xE208, 0xE208, 0xC208, 0xC208, 0xC208, 0xC208, 0xC208, 0xC208, 0xC208, 0xC208, 0xC208, 0xC208,
  0xC208, 0xC208, 0xA208, 0xC208, 0xC208, 0xC208, 0xA208, 0xA208, 0xA208, 0xA208, 0xA208, 0xC208, 0xC208, 0xC208, 0xA208, 0xA208,
  0xA208, 0xA208, 0xA208, 0xA208, 0xA208, 0xA208, 0x8208, 0xA208, 0xA208, 0xA208, 0xA208, 0xA208, 0xA208, 0xC208, 0xA208, 0xA208,
  0xA208, 0xA208, 0xA208, 0xA208, 0xA208, 0xC208, 0xC208, 0xC208, 0xC208, 0xC208, 0xC208, 0xC308, 0xC308, 0xC308, 0xC308, 0xC308,
  0xC308, 0xC308, 0xC308, 0xC308, 0xC308, 0xE308, 0xC308, 0xC308, 0xC308, 0xC308, 0xA308, 0xC308, 0xC308, 0xC308, 0xE308, 0xE308,
  0xE308, 0xE308, 0xE308, 0xE308, 0xE308, 0xE308, 0xE308, 0xE308, 0xE308, 0xE308, 0xE308, 0xE308, 0xE308, 0xE308, 0xC308, 0xC308,
  0xC308, 0xC308, 0xC308, 0xC308, 0xC308, 0xE308, 0xE308, 0xE308, 0xE308, 0xE308, 0xE308, 0xE308, 0xC308, 0xE308, 0xC308, 0xE308,
  0xC308, 0xE308, 0xE308, 0xE308, 0xE308, 0xE308, 0xE308, 0x0309, 0xE308, 0x0311, 0xE308, 0xE308, 0xE308, 0xE308, 0xE308, 0xE308,
  0xE308, 0xE308, 0xE308, 0x0411, 0xE408, 0xE410, 0xE308, 0xE308, 0xE308, 0xE308, 0xE308, 0xE308, 0xE308, 0xE308, 0xE308, 0xE308,
  0xE308, 0xE308, 0xE308, 0xE308, 0xE308, 0xE308, 0xE308, 0xE308, 0xE308, 0xE308, 0xC308, 0xE308, 0xC308, 0xE308, 0xE308, 0xE308,
  0xE308, 0xE408, 0xE408, 0xE408, 0xE308, 0xE408, 0xE308, 0xE308, 0xE308, 0xE308, 0xE308, 0xE308, 0xC308, 0xC308, 0xC308, 0xC308,
  0xC308, 0xC308, 0xC308, 0xC308, 0xC308, 0xE308, 0xE308, 0xE308, 0xC308, 0xC308, 0xC308, 0xC308, 0xC308, 0xC308, 0xC308, 0xC308,
  0xA308, 0xC308, 0xA208, 0xC308, 0xC308, 0xC308, 0xC308, 0xC308, 0xC308, 0xC308, 0xA208, 0xA208, 0xA208, 0xC308, 0xC308, 0xC308,
  0xC308, 0xC208, 0xA208, 0xA208, 0xA208, 0xA208, 0xA208, 0xA208, 0xA208, 0xA208, 0xA208, 0xA208, 0x8208, 0xA208, 0xA208, 0xA208,
  0xA208, 0xA208, 0x8208, 0x8208, 0x8208, 0x8208, 0x8208, 0x8208, 0x8208, 0x8208, 0x8208, 0x8208, 0x8208, 0x8208, 0x8208, 0xE310,
  0x0311, 0xA208, 0xA208, 0xA208, 0xA208, 0xC208, 0xC208, 0xC208, 0xC208, 0xC208, 0xC208, 0xE208, 0x0209, 0x4309, 0xC411, 0x6512,
  0xA823, 0x503F, 0xF13F, 0xF13F, 0xF13F, 0xF13F, 0x3037, 0xA81B, 0x281B, 0xE411, 0x6311, 0x2309, 0x0309, 0xE208, 0xE208, 0xE208,
  0x0209, 0x0209, 0x0209, 0x0209, 0x0309, 0x0209, 0x0309, 0x0309, 0x0309, 0x0309, 0x0309, 0x0309, 0x0309, 0x0309, 0x0309, 0x0309,
  0x0309, 0x0309, 0x0309, 0x0309, 0x0309, 0x0309, 0x0309, 0x2309, 0x6409, 0xE611, 0x0B23, 0xEA1A, 0x773D, 0x1F4F, 0x1F4F, 0x1F4F,
  0x1F4F, 0xFF4E, 0x9234, 0x2C23, 0x0712, 0x8511, 0x4309, 0x0309, 0x0309, 0xE208, 0xE208, 0xE208, 0xE208, 0xE208, 0xE208, 0xE208,
  0xE208, 0xE208, 0xE208, 0xE208, 0xE208, 0xE208, 0xC208, 0xC208, 0xC208, 0xC208, 0xC208, 0xC208, 0xC208, 0xC208, 0xC208, 0xC208,
  0xC208, 0xC208, 0xA208, 0xA208, 0xC208, 0xA208, 0xA208, 0xA208, 0xA208, 0xA208, 0xA208, 0xA208, 0xA208, 0xA208, 0xA208, 0xA208,
  0xA208, 0xA208, 0xA208, 0xA208, 0xA208, 0xA208, 0xA208, 0x8208, 0xA208, 0x8208, 0x8208, 0x8208, 0x8208, 0x8208, 0xA208, 0xA208,
  0xA208, 0xA208, 0xA208, 0xA208, 0xA208, 0xA208, 0xA208, 0xA208, 0xA208, 0xA208, 0xA208, 0xA208, 0xA208, 0xA208, 0xA208, 0xA208,
  0xA208, 0xA208, 0xA208, 0xA208, 0xA208, 0xA208, 0xA208, 0xA208, 0xA208, 0xA208, 0xC308, 0xA308, 0xC308, 0xC308, 0xC308, 0xC308,
  0xC308, 0xC308, 0xC308, 0xC308, 0xC308, 0xC308, 0xC308, 0xC308, 0xC308, 0xC308, 0xC308, 0xC308, 0xC308, 0xC308, 0xC308, 0xC308,
  0xC308, 0xC308, 0xC308, 0xC308, 0xC308, 0xC308, 0xC308, 0xC308, 0xC308, 0xC308, 0xC308, 0xC308, 0xC308, 0xC308, 0xC308, 0xC308,
  0xE308, 0xC308, 0xE308, 0xC308, 0xE308, 0xE308, 0xE308, 0xE308, 0xE308, 0xE308, 0xE308, 0xE308, 0xE308, 0xE308, 0xE308, 0xE308,
  0xE308, 0xE308, 0xE308, 0xE308, 0xE308, 0xE308, 0xE308, 0xE308, 0xE308, 0xE308, 0xE308, 0xE308, 0xE308, 0xE308, 0xE308, 0xE308,
  0xE308, 0xE308, 0xE308, 0xE308, 0xE308, 0xE308, 0xE308, 0xC308, 0xE308, 0xC308, 0xC308, 0xC308, 0xC308, 0xC308, 0xC308, 0xC308,
  0xC308, 0xC308, 0xC308, 0xC308, 0xC308, 0xC308, 0xC308, 0xC308, 0xC308, 0xC308, 0xC308, 0xC308, 0xC308, 0xC308, 0xC308, 0xC308,
  0xC308, 0xC308, 0xC308, 0xC308, 0xC308, 0xC308, 0xC308, 0xC308, 0xC308, 0xC308, 0xC308, 0xC308, 0xC308, 0xC308, 0xC308, 0xA308,
  0xC308, 0xA208, 0xA208, 0xA208, 0xA208, 0xA208, 0xA208, 0xA208, 0xA208, 0xA208, 0xA208, 0xA208, 0xA208, 0xA208, 0xA208, 0xA208,
  0xA208, 0xA208, 0xA208, 0xA208, 0xA208, 0xA208, 0xA208, 0xA208, 0xA208, 0xA208, 0xA208, 0xA208, 0xA208, 0x8208, 0x8208, 0x8208,
  0x8208, 0x8208, 0x8208, 0x8208, 0x8208, 0x8208, 0x8208, 0x8208, 0x8208, 0x8208, 0x8208, 0x8208, 0x8208, 0x8208, 0x8208, 0xE310,
  0x0311, 0xA208, 0xA208, 0xC208, 0xA208, 0xA208, 0xA208, 0xC208, 0xC208, 0xC208, 0xC208, 0xE208, 0x0209, 0x6311, 0x0412, 0xE71A,
  0x503F, 0xEF36, 0x861A, 0x0209, 0x0209, 0xA61A, 0x0F37, 0x503F, 0x881B, 0x2512, 0x8411, 0x2309, 0x0209, 0xE208, 0xE208, 0xE208,
  0x0209, 0x0209, 0x0209, 0x0309, 0x0209, 0x0309, 0x0209, 0x0309, 0x0209, 0x0309, 0x0209, 0x0309, 0x0209, 0x0309, 0x0309, 0x0309,
  0x0309, 0x0309, 0x0309, 0x0309, 0x0309, 0x0309, 0x0309, 0x4309, 0x6409, 0xE611, 0xA91A, 0x3735, 0xDF4E, 0x4E23, 0x4511, 0xA208,
  0xA711, 0xD534, 0x1F4F, 0xCF2B, 0x2812, 0xA511, 0x4409, 0x0309, 0x0209, 0xE208, 0xE208, 0xE208, 0xE208, 0xE208, 0xE208, 0xE208,
  0xE208, 0xE208, 0xE208, 0xE208, 0xE208, 0xC208, 0xC208, 0xC208, 0xC208, 0xC208, 0xC208, 0xC208, 0xC208, 0xC208, 0xC208, 0xC208,
  0xA208, 0xC208, 0xC208, 0xC208, 0xA208, 0xA208, 0xA208, 0xA208, 0xA208, 0xA208, 0xA208, 0xA208, 0xA208, 0xA208, 0xA208, 0xA208,
  0xA208, 0xA208, 0x8208, 0xA208, 0x8208, 0xA208, 0x8208, 0xA208, 0x8208, 0xA208, 0x8208, 0x8208, 0x8208, 0x8208, 0x8208, 0xA208,
  0xA208, 0xA208, 0xA208, 0xA208, 0xA208, 0xA208, 0xA208, 0xA208, 0xA208, 0xA208, 0xA208, 0xA208, 0xA208, 0xA208, 0xA208, 0xA208,
  0xA208, 0xA208, 0xA208, 0xA208, 0xA208, 0xA208, 0xA208, 0xA208, 0xA208, 0xA208, 0xA208, 0xC308, 0xA208, 0xC308, 0xA308, 0xC308,
  0xA308, 0xC308, 0xC308, 0xC308, 0xC308, 0xC308, 0xC308, 0xC308, 0xC308, 0xC308, 0xC308, 0xC308, 0xC308, 0xC308, 0xC308, 0xC308,
  0xC308, 0xC308, 0xC308, 0xC308, 0xC308, 0xC308, 0xC308, 0xC308, 0xC308, 0xC308, 0xC308, 0xE308, 0xC308, 0xC308, 0xC308, 0xC308,
  0xC308, 0xC308, 0xE308, 0xE308, 0xC308, 0xE308, 0xC308, 0xE308, 0xC308, 0xE308, 0xC308, 0xE308, 0xC308, 0xE308, 0xC308, 0xE308,
  0xE308, 0xE308, 0xC308, 0xE308, 0xC308, 0xE308, 0xC308, 0xE308, 0xE308, 0xE308, 0xC308, 0xE308, 0xC308, 0xE308, 0xC308, 0xE308,
  0xC308, 0xE308, 0xC308, 0xE308, 0xC308, 0xE308, 0xE308, 0xE308, 0xC308, 0xC308, 0xC308, 0xC308, 0xC308, 0xC308, 0xC308, 0xC308,
  0xC308, 0xC308, 0xC308, 0xC308, 0xC308, 0xC308, 0xC308, 0xC308, 0xC308, 0xC308, 0xC308, 0xC308, 0xC308, 0xC308, 0xC308, 0xC308,
  0xC308, 0xC308, 0xC308, 0xC308, 0xC308, 0xC308, 0xC308, 0xC308, 0xC308, 0xC308, 0xC308, 0xC308, 0xA208, 0xC308, 0xA208, 0xC208,
  0xA208, 0xA208, 0xC208, 0xC208, 0xA208, 0xA208, 0xA208, 0xA208, 0xA208, 0xA208, 0xA208, 0xA208, 0xA208, 0xA208, 0xA208, 0xA208,
  0xA208, 0xA208, 0xA208, 0xA208, 0xA208, 0xA208, 0xA208, 0xA208, 0xA208, 0xA208, 0x8208, 0xA208, 0x8208, 0x8208, 0x8208, 0x8208,
  0x8208, 0x8208, 0x8208, 0x8208, 0x8208, 0x8208, 0x8208, 0x8208, 0x8208, 0x8208, 0x8208, 0x8208, 0x8208, 0x8208, 0x8208, 0xE310,
  0x0311, 0xA208, 0xA208, 0xC208, 0xC208, 0xA208, 0xC208, 0xC208, 0xC208, 0xC208, 0xE208, 0xE208, 0x0309, 0x8411, 0x2512, 0xAC2D,
  0x503F, 0xE208, 0x6108, 0x6108, 0x6108, 0x6108, 0x0209, 0x703F, 0x8C2D, 0x4512, 0xA411, 0x2309, 0x0209, 0xE208, 0xE208, 0xE208,
  0x0309, 0x0309, 0xE208, 0x0209, 0x0209, 0x0209, 0x0209, 0x0309, 0x0309, 0x0209, 0x0309, 0x0209, 0x0309, 0x0209, 0x0309, 0x2309,
  0x0309, 0x0309, 0x0309, 0x0309, 0x0309, 0x0309, 0x2309, 0x4311, 0x8511, 0x0712, 0x8E23, 0x1F4F, 0x6A1A, 0x6108, 0x6108, 0x6108,
  0x6108, 0x6108, 0xD534, 0x5C46, 0x691A, 0xC611, 0x6411, 0x0309, 0x0209, 0xE208, 0xE208, 0xE208, 0x0309, 0x0209, 0xE208, 0xE208,
  0xE208, 0xE208, 0xE208, 0xE208, 0xE208, 0xE208, 0xC208, 0xC208, 0xC208, 0xC208, 0xC208, 0xE208, 0xC208, 0xC208, 0xC208, 0xC208,
  0xC208, 0xA208, 0xC208, 0xC208, 0xA208, 0xA208, 0xA208, 0xA208, 0xA208, 0xA208, 0xC208, 0xA208, 0xA208, 0xA208, 0xA208, 0xA208,
  0xA208, 0xA208, 0xA208, 0xA208, 0xA208, 0x8208, 0x8208, 0x8208, 0xA208, 0xA208, 0x8208, 0x8208, 0x8208, 0x8208, 0x8208, 0xA208,
  0xA208, 0xA208, 0xA208, 0xA208, 0xA208, 0xA208, 0xA208, 0xA208, 0xA208, 0xA208, 0xA208, 0xA208, 0xA208, 0xA208, 0xC208, 0xC208,
  0xA208, 0xA208, 0xA208, 0xA208, 0xA208, 0xC208, 0xC308, 0xA208, 0xA208, 0xA208, 0xA208, 0xA208, 0xC208, 0xC308, 0xC308, 0xA308,
  0xC308, 0xC308, 0xC308, 0xC308, 0xC308, 0xC308, 0xC308, 0xC308, 0xC308, 0xC308, 0xC308, 0xC308, 0xE308, 0xC308, 0xC308, 0xC308,
  0xC308, 0xC308, 0xC308, 0xE308, 0xE308, 0xC308, 0xC308, 0xC308, 0xC308, 0xC308, 0xE308, 0xE308, 0xC308, 0xC308, 0xC308, 0xC308,
  0xC308, 0xE308, 0xE308, 0xE308, 0xC308, 0xC308, 0xC308, 0xC308, 0xE308, 0xE308, 0xE308, 0xC308, 0xC308, 0xC308, 0xC308, 0xC308,
  0xE308, 0xE308, 0xC308, 0xC308, 0xC308, 0xC308, 0xC308, 0xE308, 0xE308, 0xE308, 0xC308, 0xC308, 0xC308, 0xC308, 0xE308, 0xE308,
  0xE308, 0xC308, 0xC308, 0xC308, 0xC308, 0xC308, 0xE308, 0xE308, 0xC308, 0xC308, 0xC308, 0xC308, 0xC308, 0xE308, 0xE308, 0xC308,
  0xC308, 0xC308, 0xC308, 0xC308, 0xC308, 0xE308, 0xE308, 0xC308, 0xC308, 0xC308, 0xC308, 0xC308, 0xE308, 0xE308, 0xC308, 0xC308,
  0xC308, 0xC308, 0xC308, 0xC308, 0xC308, 0xC308, 0xC308, 0xC308, 0xC308, 0xA308, 0xC308, 0xC308, 0xC308, 0xA208, 0xA208, 0xA208,
  0xA208, 0xA208, 0xC308, 0xC308, 0xA208, 0xA208, 0xA208, 0xA208, 0xA208, 0xA208, 0xC208, 0xA208, 0xA208, 0xA208, 0xA208, 0xA208,
  0xA208, 0xA208, 0xA208, 0xA208, 0xA208, 0xA208, 0xA208, 0xA208, 0xA208, 0xA208, 0xA208, 0x8208, 0x8208, 0x8208, 0x8208, 0xA208,
  0xA208, 0x8208, 0x8208, 0x8208, 0x8208, 0x8208, 0x8208, 0xA208, 0x8208, 0x8208, 0x8208, 0x8208, 0x8208, 0x8208, 0xA208, 0xE310,
  0x0311, 0xA208, 0xA208, 0xC208, 0xA208, 0xA208, 0xA208, 0xC208, 0xC208, 0xC208, 0xC208, 0xE208, 0x0309, 0x8411, 0x4512, 0x5037,
  0xAA24, 0x6108, 0xA210, 0x34A5, 0x34A5, 0xA210, 0x6108, 0xEB24, 0x2F37, 0x6612, 0xA411, 0x2309, 0x0209, 0xE208, 0xE208, 0xE208,
  0x0309, 0x0309, 0xE208, 0xE208, 0xE208, 0xE208, 0xE208, 0x0309, 0x0309, 0x0309, 0x0209, 0x0309, 0x0209, 0x0309, 0x0209, 0x0309,
  0x0309, 0x0309, 0x0209, 0x0309, 0x0209, 0x0309, 0x0309, 0x4411, 0x8511, 0x071A, 0x1535, 0x7D46, 0x6108, 0x6108, 0xAE73, 0x96B5,
  0xE739, 0x6108, 0x291A, 0x1F4F, 0x4D23, 0xE711, 0x4411, 0x0309, 0xE208, 0xE208, 0xE208, 0xE208, 0xE208, 0xE308, 0xE208, 0xE208,
  0xE208, 0xE208, 0xC208, 0xE208, 0xE208, 0xE208, 0xC208, 0xC208, 0xC208, 0xC208, 0xC208, 0xC208, 0xC208, 0xC208, 0xC208, 0xC208,
  0xA208, 0xA208, 0xC208, 0xC208, 0xA208, 0xA208, 0xA208, 0xA208, 0xA208, 0xA208, 0xA208, 0xA208, 0xA208, 0xA208, 0x8208, 0xA208,
  0xA208, 0xA208, 0xA208, 0xA208, 0x8208, 0x8208, 0x8208, 0x8208, 0xA208, 0xA208, 0x8208, 0x8208, 0x8208, 0x8208, 0x8208, 0xA208,
  0xA208, 0xA208, 0x8208, 0xA208, 0x8208, 0xA208, 0xA208, 0xA208, 0xA208, 0xA208, 0xA208, 0xA208, 0xA208, 0xA208, 0xA208, 0xA208,
  0xA208, 0xA208, 0xA208, 0xA208, 0xA208, 0xA208, 0xC308, 0xC208, 0xA208, 0xA208, 0xA208, 0xA208, 0xA208, 0xC308, 0xC308, 0xC208,
  0xA208, 0xC308, 0xA208, 0xC308, 0xC308, 0xC308, 0xC308, 0xC308, 0xC308, 0xC308, 0xC308, 0xC308, 0xC308, 0xC308, 0xC308, 0xC308,
  0xC308, 0xC308, 0xC308, 0xC308, 0xC308, 0xC308, 0xC308, 0xC308, 0xC308, 0xC308, 0xC308, 0xE308, 0xC308, 0xC308, 0xC308, 0xC308,
  0xC308, 0xE308, 0xE308, 0xE308, 0xC308, 0xC308, 0xC308, 0xC308, 0xC308, 0xE308, 0xC308, 0xC308, 0xC308, 0xC308, 0xC308, 0xC308,
  0xE308, 0xE308, 0xC308, 0xC308, 0xC308, 0xC308, 0xC308, 0xE308, 0xE308, 0xE308, 0xC308, 0xC308, 0xC308, 0xC308, 0xC308, 0xE308,
  0xC308, 0xC308, 0xC308, 0xC308, 0xC308, 0xC308, 0xE308, 0xE308, 0xC308, 0xC308, 0xC308, 0xC308, 0xC308, 0xC308, 0xC308, 0xC308,
  0xC308, 0xC308, 0xC308, 0xC308, 0xC308, 0xE308, 0xC308, 0xC308, 0xC308, 0xC308, 0xC308, 0xC308, 0xC308, 0xC308, 0xC308, 0xC308,
  0xC308, 0xC308, 0xC308, 0xC308, 0xC308, 0xC308, 0xA308, 0xC308, 0xA208, 0xC308, 0xC208, 0xC308, 0xC308, 0xA208, 0xA208, 0xA208,
  0xA208, 0xA208, 0xC308, 0xC308, 0xA208, 0xA208, 0xA208, 0xA208, 0xA208, 0xA208, 0xA208, 0xA208, 0xA208, 0xA208, 0xA208, 0xA208,
  0xA208, 0xA208, 0xA208, 0xA208, 0xA208, 0xA208, 0x8208, 0xA208, 0xA208, 0xA208, 0x8208, 0x8208, 0x8208, 0x8208, 0x8208, 0xA208,
  0xA208, 0xA208, 0x8208, 0x8208, 0x8208, 0x8208, 0x8208, 0xA208, 0x8208, 0x8208, 0x8208, 0x8208, 0x8108, 0x8208, 0x8208, 0xE310,
  0x0311, 0xA208, 0xA208, 0xA208, 0xA208, 0xA208, 0xA208, 0xA208, 0xC208, 0xC208, 0xC208, 0xC208, 0x2309, 0xA411, 0x8612, 0xF13F,
  0xC823, 0x6108, 0x8A4A, 0xFFFF, 0xFFFF, 0x4942, 0x6108, 0xE923, 0xF13F, 0x6612, 0xA411, 0x2309, 0x0209, 0xE208, 0xE208, 0xE208,
  0xE208, 0xE208, 0xE208, 0xE208, 0xE208, 0xE208, 0xE208, 0xE208, 0xE208, 0xE208, 0x0209, 0x0209, 0x0209, 0x0209, 0x0209, 0x0209,
  0x0209, 0x0209, 0x0209, 0x0209, 0x0209, 0x0209, 0x0309, 0x2309, 0x8511, 0x071A, 0xB93D, 0x993D, 0x6108, 0x6108, 0x5DEF, 0xFFFF,
  0xF39C, 0x6108, 0x4511, 0x1F4F, 0x112C, 0xC611, 0x4411, 0x0309, 0xE208, 0xE208, 0xE208, 0xE208, 0xE208, 0xE208, 0xE208, 0xE208,
  0xE208, 0xC208, 0xC208, 0xC208, 0xC208, 0xC208, 0xC208, 0xC208, 0xC208, 0xC208, 0xC208, 0xC208, 0xC208, 0xC208, 0xC208, 0xA208,
  0xA208, 0xA208, 0xA208, 0xA208, 0xA208, 0xA208, 0xA208, 0xA208, 0xA208, 0xA208, 0xA208, 0xA208, 0xA208, 0xA208, 0x8208, 0x8208,
  0xA208, 0x8208, 0x8208, 0x8208, 0x8208, 0x8208, 0x8208, 0x8208, 0x8208, 0x8208, 0x8208, 0x8208, 0x8208, 0x8208, 0x8208, 0x8208,
  0x8208, 0x8208, 0x8208, 0x8208, 0xA208, 0xA208, 0xA208, 0xA208, 0xA208, 0xA208, 0xA208, 0xA208, 0xA208, 0xA208, 0xA208, 0xA208,
  0xA208, 0xA208, 0xA208, 0xA208, 0xA208, 0xA208, 0xA208, 0xA208, 0xA208, 0xA208, 0xA208, 0xA208, 0xA208, 0xA208, 0xA208, 0xA208,
  0xA208, 0xA208, 0xA208, 0xA208, 0xC308, 0xA308, 0xC308, 0xC308, 0xC308, 0xC308, 0xC308, 0xC308, 0xC308, 0xC308, 0xC308, 0xC308,
  0xC308, 0xC308, 0xC308, 0xC308, 0xC308, 0xC308, 0xC308, 0xC308, 0xC308, 0xC308, 0xC308, 0xC308, 0xC308, 0xC308, 0xC308, 0xC308,
  0xC308, 0xC308, 0xC308, 0xC308, 0xC308, 0xC308, 0xC308, 0xC308, 0xC308, 0xC308, 0xC308, 0xC308, 0xC308, 0xC308, 0xC308, 0xC308,
  0xC308, 0xC308, 0xC308, 0xC308, 0xC308, 0xC308, 0xC308, 0xC308, 0xC308, 0xC308, 0xC308, 0xC308, 0xC308, 0xC308, 0xC308, 0xC308,
  0xC308, 0xC308, 0xC308, 0xC308, 0xC308, 0xC308, 0xC308, 0xC308, 0xC308, 0xC308, 0xC308, 0xC308, 0xC308, 0xC308, 0xC308, 0xC308,
  0xC308, 0xC308, 0xC308, 0xC308, 0xC308, 0xC308, 0xC308, 0xC308, 0xC308, 0xC308, 0xC308, 0xC308, 0xC308, 0xC308, 0xC308, 0xC308,
  0xC308, 0xC308, 0xC308, 0xC308, 0xC308, 0xA308, 0xA308, 0xA208, 0xA208, 0xA208, 0xA208, 0xA208, 0xA208, 0xA208, 0xA208, 0xA208,
  0xA208, 0xA208, 0xA208, 0xA208, 0xA208, 0xA208, 0xA208, 0xA208, 0xA208, 0xA208, 0xA208, 0xA208, 0xA208, 0xA208, 0xA208, 0xA208,
  0xA208, 0xA208, 0xA208, 0xA208, 0xA208, 0x8208, 0xA208, 0x8208, 0x8208, 0x8208, 0x8208, 0x8208, 0x8208, 0x8208, 0x8208, 0x8208,
  0x8208, 0x8208, 0x8208, 0x8208, 0x8208, 0x8208, 0x8208, 0x8208, 0x8208, 0x8208, 0x8208, 0x8208, 0x8208, 0x8108, 0x8108, 0xE310,
  0x0311, 0xA208, 0xA208, 0xA208, 0xA208, 0xA208, 0xA208, 0xA208, 0xA208, 0xC208, 0xC208, 0xC208, 0x0309, 0x8411, 0x4512, 0xB13F,
  0x6A24, 0x6108, 0x2421, 0x1CE7, 0x1CE7, 0x2421, 0x6108, 0x6A24, 0xD13F, 0x4512, 0xA411, 0x2309, 0xE208, 0xE208, 0xE208, 0xE208,
  0xE208, 0xE208, 0xE208, 0xE208, 0xE208, 0xE208, 0xE208, 0xE208, 0xE208, 0xE208, 0xE208, 0xE208, 0xE208, 0xE208, 0xE208, 0x0209,
  0xE208, 0x0209, 0xE208, 0x0209, 0xE208, 0x0209, 0x0309, 0x2311, 0x6411, 0x0712, 0x573D, 0x3B46, 0x6108, 0x6108, 0x75AD, 0x7DEF,
  0xEB5A, 0x6108, 0xC711, 0x1F4F, 0xAF23, 0xC611, 0x4411, 0x0309, 0xE208, 0xE208, 0xE208, 0xE208, 0xE208, 0xE208, 0xE208, 0xE208,
  0xC208, 0xC208, 0xC208, 0xC208, 0xC208, 0xC208, 0xC208, 0xC208, 0xC208, 0xC208, 0xC208, 0xC208, 0xC208, 0xC208, 0xA208, 0xA208,
  0xA208, 0xA208, 0xA208, 0xA208, 0xA208, 0xA208, 0xA208, 0xA208, 0xA208, 0xA208, 0x8208, 0xA208, 0x8208, 0x8208, 0x8208, 0x8208,
  0x8208, 0x8208, 0x8208, 0x8208, 0x8208, 0x8208, 0x8208, 0x8208, 0x8208, 0x8208, 0x8208, 0x8208, 0x8208, 0x8208, 0x8208, 0x8208,
  0x8208, 0x8208, 0x8208, 0xA208, 0x8208, 0xA208, 0x8208, 0xA208, 0x8208, 0xA208, 0xA208, 0xA208, 0xA208, 0xA208, 0xA208, 0xA208,
  0xA208, 0xA208, 0xA208, 0xA208, 0xA208, 0xA208, 0xA208, 0xA208, 0xA208, 0xA208, 0xA208, 0xA208, 0xA208, 0xA208, 0xA208, 0xA208,
  0xA208, 0xA208, 0xA208, 0xA208, 0xA208, 0xA208, 0xA208, 0xC308, 0xA208, 0xC308, 0xA308, 0xC308, 0xA308, 0xC308, 0xC308, 0xC308,
  0xC308, 0xC308, 0xC308, 0xC308, 0xC308, 0xC308, 0xC308, 0xC308, 0xC308, 0xC308, 0xC308, 0xC308, 0xC308, 0xC308, 0xC308, 0xC308,
  0xC308, 0xC308, 0xC308, 0xC308, 0xC308, 0xC308, 0xC308, 0xC308, 0xC308, 0xC308, 0xC308, 0xC308, 0xC308, 0xC308, 0xC308, 0xC308,
  0xC308, 0xC308, 0xC308, 0xC308, 0xC308, 0xC308, 0xC308, 0xC308, 0xC308, 0xC308, 0xC308, 0xC308, 0xC308, 0xC308, 0xC308, 0xC308,
  0xC308, 0xC308, 0xC308, 0xC308, 0xC308, 0xC308, 0xC308, 0xC308, 0xC308, 0xC308, 0xC308, 0xC308, 0xC308, 0xC308, 0xC308, 0xC308,
  0xC308, 0xC308, 0xC308, 0xC308, 0xC308, 0xC308, 0xC308, 0xC308, 0xC308, 0xC308, 0xC308, 0xC308, 0xC308, 0xC308, 0xC308, 0xC308,
  0xA208, 0xC308, 0xA208, 0xC308, 0xA208, 0xA208, 0xA208, 0xA208, 0xA208, 0xA208, 0xA208, 0xA208, 0xA208, 0xA208, 0xA208, 0xA208,
  0xA208, 0xA208, 0xA208, 0xA208, 0xA208, 0xA208, 0xA208, 0xA208, 0xA208, 0xA208, 0xA208, 0xA208, 0xA208, 0xA208, 0xA208, 0xA208,
  0x8208, 0xA208, 0x8208, 0xA208, 0x8208, 0xA208, 0x8208, 0xA208, 0x8208, 0x8208, 0x8208, 0x8208, 0x8208, 0x8208, 0x8208, 0x8208,
  0x8208, 0x8208, 0x8208, 0x8208, 0x8208, 0x8208, 0x8208, 0x8208, 0x8108, 0x8208, 0x8108, 0x8108, 0x8108, 0x8108, 0x8108, 0xE310,
  0x0311, 0xA208, 0xA208, 0xA208, 0xA208, 0xA208, 0xA208, 0xA208, 0xA208, 0xA208, 0xC208, 0xC208, 0x0209, 0x6311, 0x0512, 0xAE36,
  0x6E36, 0x6108, 0x6108, 0x6108, 0x6108, 0x6108, 0x6108, 0x8E36, 0x8E36, 0x2512, 0x8411, 0x2309, 0xE208, 0xE208, 0xE208, 0xE208,
  0xE208, 0xE208, 0xE208, 0xE208, 0xE208, 0xE208, 0xE208, 0xE208, 0xE208, 0xE208, 0xE208, 0xE208, 0xE208, 0xE208, 0xE208, 0xE208,
  0xE208, 0xE208, 0xE208, 0xE208, 0xE208, 0xE208, 0xE208, 0x0309, 0x6411, 0xC611, 0x522C, 0xFF4E, 0x4511, 0x6108, 0x6108, 0x6108,
  0x6108, 0x6108, 0x8F2B, 0x1F4F, 0xAA1A, 0xA511, 0x2411, 0xE208, 0xE208, 0xE208, 0xE208, 0xE208, 0xE208, 0xC208, 0xC208, 0xC208,
  0xC208, 0xC208, 0xC208, 0xC208, 0xC208, 0xC208, 0xC208, 0xC208, 0xC208, 0xC208, 0xC208, 0xC208, 0xC208, 0xA208, 0xA208, 0xA208,
  0xA208, 0xA208, 0xA208, 0xA208, 0xA208, 0xA208, 0xA208, 0xA208, 0xA208, 0x8208, 0x8208, 0x8208, 0xA208, 0x8208, 0x8208, 0x8208,
  0x8208, 0x8208, 0x8208, 0x8208, 0x8208, 0x8208, 0x8208, 0x8208, 0x8208, 0x8208, 0x8208, 0x8208, 0x8208, 0x8208, 0x8208, 0x8208,
  0x8208, 0x8208, 0x8208, 0x8208, 0x8208, 0x8208, 0x8208, 0x8208, 0x8208, 0x8208, 0xA208, 0xA208, 0xA208, 0xA208, 0xA208, 0xA208,
  0xA208, 0xA208, 0xA208, 0xA208, 0xA208, 0xA208, 0xA208, 0xA208, 0xA208, 0xA208, 0xA208, 0xA208, 0xA208, 0xA208, 0xA208, 0xA208,
  0xA208, 0xA208, 0xA208, 0xA208, 0xA208, 0xA208, 0xA208, 0xA208, 0xA208, 0xA208, 0xA208, 0xA308, 0xA308, 0xA308, 0xC308, 0xC308,
  0xC308, 0xC308, 0xC308, 0xC308, 0xC308, 0xC308, 0xC308, 0xC308, 0xC308, 0xC308, 0xC308, 0xC308, 0xC308, 0xC308, 0xC308, 0xC308,
  0xC308, 0xC308, 0xC308, 0xC308, 0xC308, 0xC308, 0xC308, 0xC308, 0xC308, 0xC308, 0xC308, 0xC308, 0xC308, 0xC308, 0xC308, 0xC308,
  0xC308, 0xC308, 0xC308, 0xC308, 0xC308, 0xC308, 0xC308, 0xC308, 0xC308, 0xC308, 0xC308, 0xC308, 0xC308, 0xC308, 0xC308, 0xC308,
  0xC308, 0xC308, 0xC308, 0xC308, 0xC308, 0xC308, 0xC308, 0xC308, 0xC308, 0xC308, 0xC308, 0xC308, 0xC308, 0xC308, 0xC308, 0xC308,
  0xC308, 0xC308, 0xC308, 0xC308, 0xC308, 0xC308, 0xC308, 0xC308, 0xC308, 0xC308, 0xC308, 0xC308, 0xC308, 0xA308, 0xC308, 0xA308,
  0xA208, 0xA208, 0xA208, 0xA208, 0xA208, 0xA208, 0xA208, 0xA208, 0xA208, 0xA208, 0xA208, 0xA208, 0xA208, 0xA208, 0xA208, 0xA208,
  0xA208, 0xA208, 0xA208, 0xA208, 0xA208, 0xA208, 0xA208, 0xA208, 0xA208, 0xA208, 0xA208, 0xA208, 0xA208, 0xA208, 0xA208, 0xA208,
  0xA208, 0x8208, 0xA208, 0x8208, 0x8208, 0x8208, 0x8208, 0x8208, 0x8208, 0x8208, 0x8208, 0x8208, 0x8208, 0x8208, 0x8208, 0x8208,
  0x8208, 0x8208, 0x8208, 0x8208, 0x8208, 0x8208, 0x8208, 0x8208, 0x8208, 0x8108, 0x8108, 0x8108, 0x8108, 0x8108, 0x8108, 0xC310,
  0xE310, 0xA208, 0xA208, 0xA208, 0xA208, 0xA208, 0xA208, 0xA208, 0xA208, 0xA208, 0xA208, 0xC208, 0xE208, 0x2309, 0xC411, 0x681B,
  0xD13F, 0x0924, 0xA208, 0x6108, 0x6108, 0xA208, 0x2924, 0xD13F, 0x671B, 0xC411, 0x4309, 0x0209, 0xE208, 0xE208, 0xE208, 0xE208,
  0xE208, 0xE208, 0xE208, 0xE208, 0xE208, 0xE208, 0xE208, 0xE208, 0xE208, 0xE208, 0xE208, 0xE208, 0xE208, 0xE208, 0xE208, 0xE208,
  0xE208, 0xE208, 0xE208, 0xE208, 0xE208, 0xE208, 0xE208, 0x0309, 0x2411, 0xA511, 0x481A, 0x3B46, 0x583D, 0x2511, 0x6108, 0x6108,
  0x6108, 0x4A1A, 0xBE46, 0xB434, 0xE711, 0x6511, 0x0309, 0xE208, 0xE208, 0xE208, 0xC208, 0xE208, 0xC208, 0xC208, 0xC208, 0xC208,
  0xC208, 0xC208, 0xC208, 0xC208, 0xC208, 0xC208, 0xC208, 0xC208, 0xC208, 0xC208, 0xA208, 0xC208, 0xA208, 0xA208, 0xA208, 0xA208,
  0xA208, 0xA208, 0xA208, 0xA208, 0xA208, 0xA208, 0xA208, 0xA208, 0x8208, 0x8208, 0x8208, 0x8208, 0x8108, 0x8208, 0x8108, 0x8208,
  0x8208, 0x8208, 0x8108, 0x8208, 0x8108, 0x8208, 0x8208, 0x8208, 0x8208, 0x8208, 0x8208, 0x8208, 0x8208, 0x8208, 0x8208, 0x8208,
  0x8208, 0x8208, 0x8208, 0x8208, 0x8208, 0x8208, 0x8208, 0x8208, 0x8208, 0xA208, 0x8208, 0xA208, 0x8208, 0xA208, 0xA208, 0xA208,
  0xA208, 0xA208, 0xA208, 0xA208, 0xA208, 0xA208, 0xA208, 0xA208, 0xA208, 0xA208, 0xA208, 0xA208, 0xA208, 0xA208, 0xA208, 0xA208,
  0xA208, 0xA208, 0xA208, 0xA208, 0xA208, 0xA208, 0xA208, 0xA208, 0xA208, 0xA208, 0xA208, 0xA208, 0xA208, 0xC208, 0xA208, 0xC308,
  0xA208, 0xC308, 0xA208, 0xC308, 0xA308, 0xC308, 0xA308, 0xC308, 0xC308, 0xC308, 0xC308, 0xC308, 0xC308, 0xC308, 0xC308, 0xC308,
  0xC308, 0xC308, 0xC308, 0xC308, 0xC308, 0xC308, 0xC308, 0xC308, 0xC308, 0xC308, 0xC308, 0xC308, 0xC308, 0xC308, 0xC308, 0xC308,
  0xC308, 0xC308, 0xC308, 0xC308, 0xC308, 0xC308, 0xC308, 0xC308, 0xC308, 0xC308, 0xC308, 0xC308, 0xC308, 0xC308, 0xC308, 0xC308,
  0xC308, 0xC308, 0xC308, 0xC308, 0xC308, 0xC308, 0xC308, 0xC308, 0xC308, 0xC308, 0xC308, 0xC308, 0xC308, 0xC308, 0xC308, 0xC308,
  0xC308, 0xC308, 0xC308, 0xC308, 0xC308, 0xC308, 0xA308, 0xC308, 0xA208, 0xC308, 0xA208, 0xC308, 0xA208, 0xC208, 0xA208, 0xA208,
  0xA208, 0xA208, 0xA208, 0xA208, 0xA208, 0xA208, 0xA208, 0xA208, 0xA208, 0xA208, 0xA208, 0xA208, 0xA208, 0xA208, 0xA208, 0xA208,
  0xA208, 0xA208, 0xA208, 0xA208, 0xA208, 0xA208, 0xA208, 0xA208, 0xA208, 0xA208, 0xA208, 0xA208, 0xA208, 0xA208, 0x8208, 0xA208,
  0x8208, 0xA208, 0x8208, 0x8208, 0x8208, 0x8208, 0x8208, 0x8208, 0x8208, 0x8208, 0x8208, 0x8208, 0x8208, 0x8208, 0x8208, 0x8208,
  0x8208, 0x8208, 0x8208, 0x8208, 0x8208, 0x8208, 0x8108, 0x8208, 0x8108, 0x8108, 0x6108, 0x8108, 0x6108, 0x8108, 0x6108, 0xC310,
  0x0311, 0xA208, 0xA208, 0xA208, 0xA208, 0xA208, 0xA208, 0xA208, 0xA208, 0xA208, 0xA208, 0xA208, 0xC208, 0x0309, 0x6311, 0xE411,
  0x0924, 0x703F, 0xD13F, 0xAF36, 0xCF36, 0xD13F, 0x703F, 0xE923, 0x0512, 0x8309, 0x2309, 0xE208, 0xC208, 0xE208, 0xE208, 0xE208,
  0xE208, 0xE208, 0xE208, 0xE208, 0xE208, 0xE208, 0xE208, 0xE208, 0xE208, 0xE208, 0xE208, 0xE208, 0xE208, 0xE208, 0xE208, 0xE208,
  0xE208, 0xE208, 0xE208, 0xE208, 0xE208, 0xE208, 0xE208, 0xE208, 0x2309, 0x6411, 0xC611, 0xCB1A, 0xD93D, 0x1F4F, 0x5C46, 0xB93D,
  0xBE46, 0xFF4E, 0xD534, 0x0812, 0xA511, 0x2411, 0x0309, 0xE208, 0xE208, 0xE208, 0xC208, 0xC208, 0xC208, 0xC208, 0xC208, 0xC208,
  0xC208, 0xC208, 0xC208, 0xC208, 0xC208, 0xC208, 0xC208, 0xC208, 0xC208, 0xC208, 0xC208, 0xA208, 0xA208, 0xA208, 0xA208, 0xA208,
  0xA208, 0xA208, 0xA208, 0xA208, 0xA208, 0xA208, 0xA208, 0x8208, 0x8208, 0xC208, 0x071B, 0x6311, 0x8208, 0x8108, 0x8208, 0x8208,
  0x8208, 0x8208, 0x8208, 0x8108, 0x8108, 0x8208, 0x8208, 0x8208, 0x8208, 0x8208, 0x8208, 0x8208, 0x8208, 0x8208, 0x8208, 0x8208,
  0x8208, 0x8208, 0x8208, 0x8208, 0x8208, 0x8208, 0x8208, 0x8208, 0x8208, 0x8208, 0x8208, 0x8208, 0xA208, 0x8208, 0xA208, 0xA208,
  0xA208, 0xA208, 0xA208, 0xA208, 0xA208, 0xA208, 0xA208, 0xA208, 0xA208, 0xA208, 0xA208, 0xA208, 0xA208, 0xA208, 0xA208, 0xA208,
  0xA208, 0xA208, 0xA208, 0xA208, 0xA208, 0xA208, 0xA208, 0xA208, 0xA208, 0xA208, 0xA208, 0xA208, 0xA208, 0xA208, 0xA208, 0xA208,
  0xA208, 0xA208, 0xA208, 0xA208, 0xA308, 0xA308, 0xC308, 0xA308, 0xC308, 0xC308, 0xC308, 0xC308, 0xC308, 0xC308, 0xC308, 0xC308,
  0xC308, 0xC308, 0xC308, 0xC308, 0xC308, 0xC308, 0xC308, 0xC308, 0xC308, 0xC308, 0xC308, 0xC308, 0xC308, 0xC308, 0xC308, 0xC308,
  0xC308, 0xC308, 0xC308, 0xC308, 0xC308, 0xC308, 0xC308, 0xC308, 0xC308, 0xC308, 0xC308, 0xC308, 0xC308, 0xC308, 0xC308, 0xC308,
  0xC308, 0xC308, 0xC308, 0xC308, 0xC308, 0xC308, 0xC308, 0xC308, 0xC308, 0x4411, 0xC308, 0xC308, 0xC308, 0xC308, 0xC308, 0xC308,
  0xC308, 0xA308, 0xC308, 0xA308, 0xC308, 0xA308, 0xA208, 0xA208, 0xA208, 0xA208, 0xA208, 0xA208, 0xA208, 0xA208, 0xA208, 0xA208,
  0xA208, 0xA208, 0xA208, 0xA208, 0xA208, 0xA208, 0xA208, 0xA208, 0xA208, 0xA208, 0xA208, 0xA208, 0xA208, 0xA208, 0xA208, 0xA208,
  0xA208, 0xA208, 0xA208, 0xA208, 0xA208, 0xA208, 0xA208, 0xA208, 0xA208, 0xA208, 0xA208, 0x8208, 0xA208, 0x8208, 0x8208, 0x8208,
  0x8208, 0x8208, 0x8208, 0x8208, 0x8208, 0x8208, 0x8208, 0x8208, 0x8208, 0x8208, 0x8208, 0x8208, 0x8208, 0x8208, 0x8208, 0x8208,
  0x8208, 0x8208, 0x8208, 0x8208, 0x8208, 0x8108, 0x8108, 0x8108, 0x8108, 0x8108, 0x8108, 0x6108, 0x6108, 0x6108, 0x6108, 0xC310,
  0xE310, 0xA208, 0xA208, 0xA208, 0xA208, 0xA208, 0xA208, 0xA208, 0xA208, 0xA208, 0xC208, 0xC208, 0xC208, 0xE208, 0x0309, 0x8311,
  0xE411, 0x8612, 0x8A24, 0x0D2E, 0x0D2E, 0x8A24, 0x6512, 0xE411, 0x8311, 0x4311, 0x0209, 0xE208, 0xC208, 0xC208, 0xC208, 0xE208,
  0xE208, 0xE208, 0xE208, 0xE208, 0xE208, 0xE208, 0xE208, 0xE208, 0xE208, 0xE208, 0xE208, 0xE208, 0xE208, 0xE208, 0xE208, 0x0309,
  0xE208, 0xE208, 0xE208, 0xE208, 0xE208, 0xE208, 0x0209, 0x0309, 0x0209, 0x2309, 0x6511, 0xC611, 0x2812, 0xAF23, 0x1535, 0xB93D,
  0x932C, 0xEB1A, 0x0712, 0xA611, 0x4411, 0x2309, 0xE208, 0xE208, 0xC208, 0xC208, 0xC208, 0xC208, 0xE208, 0xE208, 0xC208, 0xC208,
  0xC208, 0xC208, 0xC208, 0xC208, 0xC208, 0xC208, 0xC208, 0xC208, 0xA208, 0xA208, 0xC208, 0xC208, 0xC208, 0xA208, 0xA208, 0xA208,
  0xA208, 0xA208, 0xA208, 0xA208, 0xA208, 0xA208, 0x8208, 0x8208, 0x8208, 0x8612, 0x8E36, 0x2B2D, 0x2512, 0x2512, 0x2512, 0x2512,
  0x2512, 0x2512, 0x2512, 0x2512, 0x2512, 0x2512, 0x2512, 0x2512, 0x2512, 0x2512, 0x2512, 0x2512, 0x2512, 0x2512, 0x2512, 0x2512,
  0x2512, 0x2512, 0x2512, 0x2512, 0x2512, 0x2512, 0x2512, 0x4512, 0x2512, 0x2512, 0x2512, 0x2512, 0x2512, 0x2512, 0x4512, 0x4512,
  0x2512, 0x2512, 0x2512, 0x2512, 0x2512, 0x4512, 0x4612, 0x4512, 0x2512, 0x4512, 0x2512, 0x4512, 0x4512, 0x4612, 0x4612, 0x4512,
  0x4512, 0x4512, 0x4512, 0x4512, 0x4612, 0x4612, 0x4512, 0x4612, 0x4612, 0x4612, 0x4612, 0x4612, 0x4612, 0x4612, 0x4612, 0x4612,
  0x4612, 0x4612, 0x4612, 0x6612, 0x4612, 0x4612, 0x4612, 0x4612, 0x4612, 0x4612, 0x6612, 0x6612, 0x4612, 0x4612, 0x4612, 0x4612,
  0x4612, 0x6612, 0x6612, 0x4612, 0x4612, 0x4612, 0x4612, 0x4612, 0x4612, 0x6612, 0x6612, 0x4612, 0x4612, 0x4612, 0x4612, 0x4612,
  0x6612, 0x6612, 0x4612, 0x4612, 0x4612, 0x4612, 0x4612, 0x6612, 0x6612, 0x4612, 0x4612, 0x4612, 0x4612, 0x4612, 0x4612, 0x6612,
  0x4612, 0x4612, 0x4612, 0x4612, 0x4612, 0x4612, 0x6612, 0x6612, 0xA81B, 0x6C2D, 0xE308, 0xC308, 0xA208, 0xC308, 0xC308, 0xC308,
  0xA208, 0xA208, 0xA208, 0xC208, 0xA208, 0xC308, 0xC308, 0xA208, 0xA208, 0xA208, 0xA208, 0xA208, 0xC308, 0xC308, 0xA208, 0xA208,
  0xA208, 0xA208, 0xA208, 0xC208, 0xC208, 0xA208, 0xA208, 0xA208, 0xA208, 0xA208, 0xA208, 0xC208, 0xA208, 0xA208, 0xA208, 0xA208,
  0xA208, 0xA208, 0xA208, 0xC208, 0xA208, 0xA208, 0xA208, 0xA208, 0x8208, 0xA208, 0xA208, 0xA208, 0x8208, 0x8208, 0x8208, 0x8208,
  0x8208, 0xA208, 0xA208, 0x8208, 0x8208, 0x8208, 0x8208, 0x8208, 0xA208, 0xA208, 0x8208, 0x8208, 0x8208, 0x8208, 0x8208, 0x8208,
  0x8208, 0x8208, 0x8108, 0x8208, 0x8108, 0x8108, 0x8108, 0x8208, 0x8108, 0x8108, 0x6108, 0x6108, 0x6108, 0x6108, 0x8208, 0xE310,
  0xE310, 0x8208, 0xA208, 0xC208, 0xA208, 0xA208, 0xA208, 0xA208, 0xA208, 0xA208, 0xC208, 0xC208, 0xA208, 0xC208, 0xE208, 0x0309,
  0x6309, 0xA411, 0xE411, 0x0512, 0x0412, 0xE411, 0xA411, 0x6309, 0x2309, 0x0309, 0xE208, 0xC208, 0xC208, 0xC208, 0xC208, 0xC208,
  0xE208, 0xE208, 0xE208, 0xE208, 0xE208, 0xE208, 0xE208, 0xE208, 0x0309, 0xE208, 0xE208, 0xE208, 0xE208, 0xE208, 0xE208, 0x0309,
  0xE208, 0xE208, 0xE208, 0xE208, 0xE208, 0xE208, 0x0309, 0x0309, 0xE208, 0x0309, 0x2309, 0x6411, 0x8511, 0xC611, 0x0712, 0xE711,
  0xC711, 0xA611, 0x8511, 0x4411, 0x0309, 0x0309, 0xE208, 0xC208, 0xC208, 0xC208, 0xC208, 0xC208, 0xE208, 0xE208, 0xC208, 0xC208,
  0xC208, 0xC208, 0xC208, 0xC208, 0xE208, 0xC208, 0xC208, 0xC208, 0xA208, 0xA208, 0xC208, 0xC208, 0xC208, 0xA208, 0xA208, 0xA208,
  0xA208, 0xA208, 0xA208, 0xA208, 0xA208, 0x8208, 0x8208, 0x8208, 0x8208, 0x4309, 0xAA24, 0x8612, 0xC208, 0xC208, 0xC208, 0xC208,
  0xC208, 0xE208, 0xC208, 0xC208, 0xC208, 0xC208, 0xC208, 0xC208, 0xE208, 0xE208, 0xC208, 0xC208, 0xC208, 0xC208, 0xC208, 0xE208,
  0xE308, 0xC208, 0xC208, 0xC208, 0xC208, 0xC208, 0xE208, 0xE308, 0xE308, 0xC208, 0xE208, 0xE208, 0xE208, 0xE208, 0xE308, 0xE308,
  0xE208, 0xE208, 0xE208, 0xE208, 0xE208, 0xE308, 0x0309, 0xE308, 0xE308, 0xE308, 0xE308, 0xE308, 0xE308, 0x0309, 0x0309, 0xE308,
  0xE308, 0xE308, 0xE308, 0xE308, 0x0309, 0x0309, 0xE308, 0xE308, 0xE308, 0xE308, 0xE308, 0x0309, 0x0309, 0x0309, 0xE308, 0xE308,
  0xE308, 0xE308, 0x0309, 0x0309, 0x0309, 0xE308, 0x0309, 0x0309, 0x0309, 0x0309, 0x0309, 0x0309, 0x0309, 0x0309, 0x0309, 0x0309,
  0x0309, 0x0309, 0x0309, 0x0309, 0x0309, 0x0309, 0x0309, 0x0309, 0x0309, 0x0309, 0x0309, 0x0309, 0x0309, 0x0309, 0x0309, 0x0309,
  0x0309, 0x0309, 0x0309, 0x0309, 0x0309, 0x0309, 0x0309, 0x0309, 0x0309, 0x0309, 0x0309, 0x0309, 0x0309, 0x0309, 0x0309, 0x0309,
  0x0309, 0x0309, 0x0309, 0x0309, 0x0309, 0x0309, 0x0309, 0x0309, 0x6411, 0xE71A, 0xE511, 0xA208, 0xA208, 0xC308, 0xC308, 0xC308,
  0xA208, 0xA208, 0xA208, 0xA208, 0xC308, 0xC308, 0xC308, 0xA208, 0xA208, 0xA208, 0xA208, 0xA208, 0xC308, 0xC308, 0xA208, 0xA208,
  0xA208, 0xA208, 0xA208, 0xA208, 0xC308, 0xA208, 0xA208, 0xA208, 0xA208, 0xA208, 0xA208, 0xC208, 0xA208, 0xA208, 0xA208, 0xA208,
  0xA208, 0xA208, 0xA208, 0xA208, 0xA208, 0x8208, 0xA208, 0x8208, 0x8208, 0xA208, 0xA208, 0xA208, 0x8208, 0x8208, 0x8208, 0x8208,
  0x8208, 0xA208, 0xA208, 0x8208, 0x8208, 0x8208, 0x8208, 0x8208, 0xA208, 0xA208, 0x8208, 0x8208, 0x8208, 0x8208, 0x8208, 0x8208,
  0xA208, 0x8208, 0x8108, 0x8108, 0x8108, 0x8108, 0x8208, 0xA208, 0x8208, 0x6108, 0x6108, 0x6108, 0x6108, 0x6108, 0x8208, 0xE310,
  0xE310, 0x8208, 0x8208, 0xA208, 0xA208, 0xA208, 0xA208, 0xA208, 0xA208, 0xA208, 0xA208, 0xA208, 0xA208, 0xA208, 0xA208, 0xC208,
  0xE208, 0x2309, 0x2309, 0x4309, 0x4309, 0x4309, 0x2309, 0x0309, 0xE208, 0xC208, 0xC208, 0xC208, 0xC208, 0xC208, 0xC208, 0xC208,
  0xC208, 0xC208, 0xC208, 0xC208, 0xC208, 0xC208, 0xC208, 0xE208, 0xC208, 0xE208, 0xE208, 0xE208, 0xE208, 0xE208, 0xE208, 0xE208,
  0xE208, 0xE208, 0xE208, 0xE208, 0xE208, 0xE208, 0xE208, 0xE208, 0xE208, 0xE208, 0xE208, 0x0309, 0x2309, 0x4411, 0x4411, 0x6411,
  0x4411, 0x4411, 0x2309, 0xE308, 0xE208, 0xC208, 0xC208, 0xC208, 0xC208, 0xC208, 0xC208, 0xC208, 0xC208, 0xC208, 0xC208, 0xC208,
  0xC208, 0xC208, 0xC208, 0xC208, 0xC208, 0xC208, 0xA208, 0xA208, 0xA208, 0xA208, 0xA208, 0xA208, 0xA208, 0xA208, 0xA208, 0xA208,
  0xA208, 0xA208, 0xA208, 0xA208, 0x8208, 0x8208, 0x8208, 0x8208, 0x8108, 0x8208, 0x8108, 0x8208, 0x8108, 0x8108, 0x8108, 0x8108,
  0x6108, 0x8108, 0x6108, 0x6108, 0x6108, 0x8108, 0x6108, 0x8108, 0x8108, 0x8108, 0x8108, 0x8208, 0x8108, 0x8208, 0x8208, 0x8208,
  0x8208, 0x8208, 0x8208, 0x8208, 0x8208, 0x8208, 0x8208, 0x8208, 0x8208, 0x8208, 0x8208, 0x8208, 0x8208, 0x8208, 0x8208, 0x8208,
  0x8208, 0x8208, 0x8208, 0xA208, 0x8208, 0xA208, 0x8208, 0xA208, 0x8208, 0xA208, 0x8208, 0xA208, 0xA208, 0xA208, 0xA208, 0xA208,
  0xA208, 0xA208, 0xA208, 0xA208, 0xA208, 0xA208, 0xA208, 0xA208, 0xA208, 0xA208, 0xA208, 0xA208, 0xA208, 0xA208, 0xA208, 0xA208,
  0xA208, 0xA208, 0xA208, 0xA208, 0xA208, 0xA208, 0xA208, 0xA208, 0xA208, 0xA208, 0xA208, 0xA208, 0xA208, 0xA208, 0xA208, 0xA208,
  0xA208, 0xA208, 0xA208, 0xA208, 0xA208, 0xA208, 0xA208, 0xA208, 0xA208, 0xA208, 0xA208, 0xA208, 0xA208, 0xC208, 0xA208, 0xA208,
  0xA208, 0xC208, 0xA208, 0xC208, 0xA208, 0xC208, 0xA208, 0xC208, 0xA208, 0xC208, 0xA208, 0xA208, 0xA208, 0xC208, 0xA208, 0xA208,
  0xA208, 0xA208, 0xA208, 0xA208, 0xA208, 0xA208, 0xA208, 0xA208, 0xA208, 0xA208, 0x4411, 0xE511, 0xA208, 0xA208, 0xA208, 0xA208,
  0xA208, 0xA208, 0xA208, 0xA208, 0xA208, 0xA208, 0xA208, 0xA208, 0xA208, 0xA208, 0xA208, 0xA208, 0xA208, 0xA208, 0xA208, 0xA208,
  0xA208, 0xA208, 0xA208, 0xA208, 0xA208, 0xA208, 0xA208, 0xA208, 0xA208, 0xA208, 0xA208, 0xA208, 0xA208, 0xA208, 0xA208, 0xA208,
  0xA208, 0xA208, 0x8208, 0xA208, 0x8208, 0xA208, 0x8208, 0x8208, 0x8208, 0x8208, 0x8208, 0x8208, 0x8208, 0x8208, 0x8208, 0x8208,
  0x8208, 0x8208, 0x8208, 0x8208, 0x8208, 0x8208, 0x8208, 0x8208, 0x8208, 0x8208, 0x8208, 0x8208, 0x8208, 0x8208, 0x8108, 0x8108,
  0x8108, 0x8108, 0x8108, 0x8108, 0x6108, 0x8108, 0x6108, 0x6108, 0x6108, 0x6108, 0x6108, 0x6108, 0x6108, 0x6108, 0x6108, 0xC310,
  0xE310, 0x8208, 0x8208, 0x8208, 0xA208, 0xA208, 0xA208, 0xA208, 0xA208, 0xA208, 0xA208, 0xA208, 0xA208, 0xA208, 0xA208, 0xC208,
  0xC208, 0xC208, 0xE208, 0xE208, 0xE208, 0xE208, 0xC208, 0xC208, 0xC208, 0xC208, 0xC208, 0xC208, 0xC208, 0xC208, 0xC208, 0xC208,
  0xC208, 0xC208, 0xC208, 0xC208, 0xC208, 0xC208, 0xC208, 0xC208, 0xC208, 0xC208, 0xC208, 0xC208, 0xE208, 0xE208, 0xE208, 0xE208,
  0xE208, 0xE208, 0xE208, 0xE208, 0xE208, 0xE208, 0xE208, 0xE208, 0xE208, 0xE208, 0xE208, 0xE208, 0xE208, 0xE308, 0x0309, 0x0309,
  0xE308, 0xE308, 0xE208, 0xE208, 0xC208, 0xC208, 0xC208, 0xC208, 0xC208, 0xC208, 0xC208, 0xC208, 0xC208, 0xC208, 0xC208, 0xC208,
  0xC208, 0xC208, 0xC208, 0xC208, 0xA208, 0xA208, 0xA208, 0xA208, 0xA208, 0xA208, 0xA208, 0xA208, 0xA208, 0xA208, 0xA208, 0xA208,
  0xA208, 0xA208, 0xA208, 0x8208, 0x8208, 0x8208, 0x8208, 0x8208, 0x8208, 0x8108, 0x8108, 0x8108, 0x8108, 0x8108, 0x8108, 0x8108,
  0x8108, 0x6108, 0x6108, 0x6108, 0x6108, 0x6108, 0x6108, 0x6108, 0x8108, 0x8108, 0x8108, 0x8108, 0x8108, 0x8108, 0x8208, 0x8208,
  0x8208, 0x8208, 0x8208, 0x8208, 0x8208, 0x8208, 0x8208, 0x8208, 0x8208, 0x8208, 0x8208, 0x8208, 0x8208, 0x8208, 0x8208, 0x8208,
  0x8208, 0x8208, 0x8208, 0x8208, 0x8208, 0x8208, 0x8208, 0x8208, 0x8208, 0x8208, 0xA208, 0x8208, 0xA208, 0xA208, 0xA208, 0xA208,
  0xA208, 0xA208, 0xA208, 0xA208, 0xA208, 0xA208, 0xA208, 0xA208, 0xA208, 0xA208, 0xA208, 0xA208, 0xA208, 0xA208, 0xA208, 0xA208,
  0xA208, 0xA208, 0xA208, 0xA208, 0xA208, 0xA208, 0xA208, 0xA208, 0xA208, 0xA208, 0xA208, 0xA208, 0xA208, 0xA208, 0xA208, 0xA208,
  0xA208, 0xA208, 0xA208, 0xA208, 0xA208, 0xA208, 0xA208, 0xA208, 0xA208, 0xA208, 0xA208, 0xA208, 0xA208, 0xA208, 0xA208, 0xA208,
  0xA208, 0xA208, 0xA208, 0xA208, 0xA208, 0xA208, 0xA208, 0xA208, 0xA208, 0xA208, 0xA208, 0xA208, 0xA208, 0xA208, 0xA208, 0xA208,
  0xA208, 0xA208, 0xA208, 0xA208, 0xA208, 0xA208, 0xA208, 0xA208, 0xA208, 0xA208, 0xA208, 0x4411, 0xE511, 0xA208, 0xA208, 0xA208,
  0xA208, 0xA208, 0xA208, 0xA208, 0xA208, 0xA208, 0xA208, 0xA208, 0xA208, 0xA208, 0xA208, 0xA208, 0xA208, 0xA208, 0xA208, 0xA208,
  0xA208, 0xA208, 0xA208, 0xA208, 0xA208, 0xA208, 0xA208, 0xA208, 0xA208, 0xA208, 0xA208, 0xA208, 0xA208, 0xA208, 0xA208, 0x8208,
  0xA208, 0x8208, 0x8208, 0x8208, 0x8208, 0x8208, 0x8208, 0x8208, 0x8208, 0x8208, 0x8208, 0x8208, 0x8208, 0x8208, 0x8208, 0x8208,
  0x8208, 0x8208, 0x8208, 0x8208, 0x8208, 0x8208, 0x8208, 0x8208, 0x8208, 0x8208, 0x8208, 0x8208, 0x8208, 0x8108, 0x8108, 0x8108,
  0x8108, 0x8108, 0x8108, 0x6108, 0x6108, 0x6108, 0x6108, 0x6108, 0x6108, 0x6108, 0x6108, 0x6108, 0x6108, 0x6108, 0x6108, 0xC310,
  0xE310, 0x8208, 0x8208, 0x8208, 0x8208, 0xA208, 0xA208, 0xA208, 0xA208, 0xA208, 0xA208, 0xA208, 0xA208, 0xA208, 0xA208, 0xA208,
  0xA208, 0xA208, 0xA208, 0xC208, 0xC208, 0xC208, 0xC208, 0xC208, 0xC208, 0xC208, 0xC208, 0xC208, 0xC208, 0xC208, 0xC208, 0xC208,
  0xC208, 0xC208, 0xC208, 0xC208, 0xC208, 0xC208, 0xC208, 0xC208, 0xC208, 0xC208, 0xC208, 0xC208, 0xC208, 0xC208, 0xC208, 0xC208,
  0xC208, 0xC208, 0xC208, 0xC208, 0xC208, 0xC208, 0xC208, 0xC208, 0xC208, 0xC208, 0xC208, 0xC208, 0xC208, 0xC208, 0xE208, 0xE208,
  0xC208, 0xC208, 0xC208, 0xC208, 0xC208, 0xC208, 0xC208, 0xC208, 0xC208, 0xC208, 0xC208, 0xC208, 0xC208, 0xC208, 0xC208, 0xC208,
  0xA208, 0xC208, 0xA208, 0xA208, 0xA208, 0xA208, 0xA208, 0xA208, 0xA208, 0xA208, 0xA208, 0xA208, 0xA208, 0xA208, 0xA208, 0xA208,
  0x8208, 0xA208, 0x8208, 0x8208, 0x8208, 0x8208, 0x8108, 0x8208, 0x8108, 0x8208, 0x8108, 0x8108, 0x8108, 0x8108, 0x8108, 0x8108,
  0x6108, 0x6108, 0x6108, 0x6108, 0x6108, 0x6108, 0x6108, 0x6108, 0x6108, 0x8108, 0x6108, 0x8108, 0x6108, 0x8108, 0x8108, 0x8108,
  0x8108, 0x8208, 0x8208, 0x8208, 0x8208, 0x8208, 0x8208, 0x8208, 0x8208, 0x8208, 0x8208, 0x8208, 0x8208, 0x8208, 0x8208, 0x8208,
  0x8208, 0x8208, 0x8208, 0x8208, 0x8208, 0x8208, 0x8208, 0x8208, 0x8208, 0x8208, 0x8208, 0xA208, 0x8208, 0xA208, 0x8208, 0xA208,
  0x8208, 0xA208, 0xA208, 0xA208, 0xA208, 0xA208, 0xA208, 0xA208, 0xA208, 0xA208, 0xA208, 0xA208, 0xA208, 0xA208, 0xA208, 0xA208,
  0xA208, 0xA208, 0xA208, 0xA208, 0xA208, 0xA208, 0xA208, 0xA208, 0xA208, 0xA208, 0xA208, 0xA208, 0xA208, 0xA208, 0xA208, 0xA208,
  0xA208, 0xA208, 0xA208, 0xA208, 0xA208, 0xA208, 0xA208, 0xA208, 0xA208, 0xA208, 0xA208, 0xA208, 0xA208, 0xA208, 0xA208, 0xA208,
  0xA208, 0xA208, 0xA208, 0xA208, 0xA208, 0xA208, 0xA208, 0xA208, 0xA208, 0xA208, 0xA208, 0xA208, 0xA208, 0xA208, 0xA208, 0xA208,
  0xA208, 0xA208, 0xA208, 0xA208, 0xA208, 0xA208, 0xA208, 0xA208, 0xA208, 0xA208, 0xA208, 0xA208, 0x4311, 0xE511, 0xA208, 0xA208,
  0xA208, 0xA208, 0xA208, 0xA208, 0xA208, 0xA208, 0xA208, 0xA208, 0xA208, 0xA208, 0xA208, 0xA208, 0xA208, 0xA208, 0xA208, 0xA208,
  0xA208, 0xA208, 0xA208, 0xA208, 0xA208, 0xA208, 0xA208, 0xA208, 0x8208, 0xA208, 0x8208, 0xA208, 0x8208, 0xA208, 0x8208, 0xA208,
  0x8208, 0x8208, 0x8208, 0x8208, 0x8208, 0x8208, 0x8208, 0x8208, 0x8208, 0x8208, 0x8208, 0x8208, 0x8208, 0x8208, 0x8208, 0x8208,
  0x8208, 0x8208, 0x8208, 0x8208, 0x8208, 0x8208, 0x8208, 0x8208, 0x8108, 0x8208, 0x8108, 0x8108, 0x8108, 0x8108, 0x8108, 0x8108,
  0x6108, 0x8108, 0x6108, 0x6108, 0x6108, 0x6108, 0x6108, 0x6108, 0x6108, 0x6108, 0x6108, 0x6108, 0x6108, 0x6108, 0x6108, 0xC310,
  0xE310, 0x8108, 0x8208, 0x8208, 0x8208, 0x8208, 0xA208, 0xA208, 0xA208, 0xA208, 0xA208, 0xA208, 0xA208, 0xA208, 0xA208, 0xA208,
  0xA208, 0xA208, 0xA208, 0xA208, 0xA208, 0xA208, 0xA208, 0xC208, 0xC208, 0xC208, 0xC208, 0xC208, 0xC208, 0xC208, 0xC208, 0xC208,
  0xC208, 0xC208, 0xC208, 0xC208, 0xC208, 0xC208, 0xC208, 0xC208, 0xC208, 0xC208, 0xC208, 0xC208, 0xC208, 0xC208, 0xC208, 0xC208,
  0xC208, 0xC208, 0xC208, 0xC208, 0xC208, 0xC208, 0xC208, 0xC208, 0xC208, 0xC208, 0xC208, 0xC208, 0xC208, 0xC208, 0xC208, 0xC208,
  0xC208, 0xC208, 0xC208, 0xC208, 0xC208, 0xC208, 0xC208, 0xC208, 0xC208, 0xC208, 0xC208, 0xC208, 0xC208, 0xC208, 0xC208, 0xC208,
  0xC208, 0xA208, 0xA208, 0xA208, 0xA208, 0xA208, 0xA208, 0xA208, 0xA208, 0xA208, 0xA208, 0xA208, 0xA208, 0xA208, 0xA208, 0xA208,
  0xA208, 0x8208, 0x8208, 0x8208, 0x8208, 0x8208, 0x8208, 0x8108, 0x8108, 0x8108, 0x8108, 0x8108, 0x8108, 0x8108, 0x8108, 0x6108,
  0x6108, 0x6108, 0x6108, 0x6108, 0x6108, 0x6108, 0x6108, 0x6108, 0x6108, 0x6108, 0x6108, 0x6108, 0x8108, 0x6108, 0x8108, 0x8108,
  0x8108, 0x8108, 0x8108, 0x8208, 0x8208, 0x8208, 0x8208, 0x8208, 0x8208, 0x8208, 0x8208, 0x8208, 0x8208, 0x8208, 0x8208, 0x8208,
  0x8208, 0x8208, 0x8208, 0x8208, 0x8208, 0x8208, 0x8208, 0x8208, 0x8208, 0x8208, 0x8208, 0x8208, 0x8208, 0x8208, 0x8208, 0x8208,
  0x8208, 0x8208, 0xA208, 0xA208, 0xA208, 0xA208, 0xA208, 0xA208, 0xA208, 0xA208, 0xA208, 0xA208, 0xA208, 0xA208, 0xA208, 0xA208,
  0xA208, 0xA208, 0xA208, 0xA208, 0xA208, 0xA208, 0xA208, 0xA208, 0xA208, 0xA208, 0xA208, 0xA208, 0xA208, 0xA208, 0xA208, 0xA208,
  0xA208, 0xA208, 0xA208, 0xA208, 0xA208, 0xA208, 0xA208, 0xA208, 0xA208, 0xA208, 0xA208, 0xA208, 0xA208, 0xA208, 0xA208, 0xA208,
  0xA208, 0xA208, 0xA208, 0xA208, 0xA208, 0xA208, 0xA208, 0xA208, 0xA208, 0xA208, 0xA208, 0xA208, 0xA208, 0xA208, 0xA208, 0xA208,
  0xA208, 0xA208, 0xA208, 0xA208, 0xA208, 0xA208, 0xA208, 0xA208, 0xA208, 0xA208, 0xA208, 0xA208, 0xA208, 0x4311, 0x2512, 0x8411,
  0x8411, 0x8411, 0x8411, 0x8411, 0x8411, 0x8411, 0x8411, 0x8411, 0x8411, 0x8411, 0x8411, 0x8411, 0x8411, 0x8411, 0x8411, 0x8411,
  0x8411, 0x8411, 0x8411, 0x8411, 0x8411, 0x8411, 0x8411, 0x8411, 0x8411, 0x8411, 0x8411, 0x8411, 0x8411, 0x8411, 0x8411, 0x8411,
  0x8411, 0x8411, 0x8411, 0x8411, 0x8411, 0x8411, 0x8411, 0x8411, 0x8411, 0x8411, 0x8411, 0x8411, 0x8411, 0x6411, 0x8411, 0x6411,
  0x6311, 0x6311, 0x6311, 0x6311, 0x6311, 0x6311, 0x6311, 0x6311, 0x6311, 0x6311, 0xAF71, 0xB9D1, 0xA630, 0x6108, 0x8108, 0x6108,
  0x6108, 0x6108, 0x6108, 0x6108, 0x6108, 0x6108, 0x6108, 0x6108, 0x6108, 0x6108, 0x6108, 0x6108, 0x6108, 0x6108, 0x6108, 0xC310,
  0xE310, 0x8208, 0x8108, 0x8208, 0x8208, 0x8208, 0x8208, 0x8208, 0x8208, 0xA208, 0xA208, 0xA208, 0xA208, 0xA208, 0xA208, 0xA208,
  0xA208, 0xA208, 0xA208, 0xA208, 0xA208, 0xA208, 0xA208, 0xA208, 0xA208, 0xC208, 0xA208, 0xC208, 0xC208, 0xC208, 0xC208, 0xC208,
  0xC208, 0xC208, 0xC208, 0xC208, 0xC208, 0xC208, 0xC208, 0xC208, 0xC208, 0xC208, 0xC208, 0xC208, 0xC208, 0xC208, 0xC208, 0xC208,
  0xC208, 0xC208, 0xC208, 0xC208, 0xC208, 0xC208, 0xC208, 0xC208, 0xC208, 0xC208, 0xC208, 0xC208, 0xC208, 0xC208, 0xC208, 0xC208,
  0xC208, 0xC208, 0xC208, 0xC208, 0xC208, 0xC208, 0xC208, 0xC208, 0xC208, 0xC208, 0xC208, 0xC208, 0xC208, 0xC208, 0xA208, 0xA208,
  0xA208, 0xA208, 0xA208, 0xA208, 0xA208, 0xA208, 0xA208, 0xA208, 0xA208, 0xA208, 0xA208, 0xA208, 0xA208, 0xA208, 0x8208, 0x8208,
  0x8208, 0x8208, 0x8208, 0x8208, 0x8108, 0x8208, 0x8108, 0x8208, 0x8108, 0x8108, 0x8108, 0x8108, 0x6108, 0x6108, 0x6108, 0x6108,
  0x6108, 0x6108, 0x6108, 0x6108, 0x6108, 0x6108, 0x6108, 0x6108, 0x6108, 0x6108, 0x6108, 0x6108, 0x6108, 0x6108, 0x6108, 0x8108,
  0x6108, 0x8108, 0x8108, 0x8108, 0x8108, 0x8108, 0x8108, 0x8208, 0x8108, 0x8208, 0x8208, 0x8208, 0x8208, 0x8208, 0x8208, 0x8208,
  0x8208, 0x8208, 0x8208, 0x8208, 0x8208, 0x8208, 0x8208, 0x8208, 0x8208, 0x8208, 0x8208, 0x8208, 0x8208, 0x8208, 0x8208, 0x8208,
  0x8208, 0x8208, 0x8208, 0xA208, 0x8208, 0xA208, 0x8208, 0xA208, 0x8208, 0xA208, 0x8208, 0xA208, 0xA208, 0xA208, 0xA208, 0xA208,
  0xA208, 0xA208, 0xA208, 0xA208, 0xA208, 0xA208, 0xA208, 0xA208, 0xA208, 0xA208, 0xA208, 0xA208, 0xA208, 0xA208, 0xA208, 0xA208,
  0xA208, 0xA208, 0xA208, 0xA208, 0xA208, 0xA208, 0xA208, 0xA208, 0xA208, 0xA208, 0xA208, 0xA208, 0xA208, 0xA208, 0xA208, 0xA208,
  0xA208, 0xA208, 0xA208, 0xA208, 0xA208, 0xA208, 0xA208, 0xA208, 0xA208, 0xA208, 0xA208, 0xA208, 0xA208, 0xA208, 0xA208, 0xA208,
  0xA208, 0xA208, 0xA208, 0xA208, 0xA208, 0xA208, 0xA208, 0xA208, 0xA208, 0xA208, 0xA208, 0xA208, 0xA208, 0xA208, 0xE308, 0x8411,
  0x8411, 0x8411, 0x8411, 0x8411, 0x8411, 0x8411, 0x8411, 0x8411, 0x8411, 0x8411, 0x8411, 0x8411, 0x8411, 0x8411, 0x8411, 0x8411,
  0x8411, 0x8411, 0x8411, 0x8411, 0x8411, 0x8411, 0x8411, 0x8411, 0x8411, 0x8411, 0x8411, 0x8411, 0x8411, 0x8411, 0x8411, 0x8411,
  0x8411, 0x8411, 0x8411, 0x8411, 0x8411, 0x8411, 0x6411, 0x8411, 0x6411, 0x8411, 0x6311, 0x8411, 0x6311, 0x6311, 0x6311, 0x6311,
  0x6311, 0x6311, 0x6311, 0x6311, 0x6311, 0x6311, 0x6311, 0x6311, 0x6311, 0x6311, 0xAF79, 0xB9D1, 0xA630, 0x6108, 0x6108, 0x6108,
  0x6108, 0x6108, 0x6108, 0x6108, 0x6108, 0x6108, 0x6108, 0x6108, 0x6108, 0x6108, 0x6108, 0x6108, 0x6108, 0x6108, 0x6108, 0xC310,
  0xE310, 0x8108, 0x8108, 0xA208, 0x8208, 0x8208, 0x8208, 0x8208, 0x8208, 0x8208, 0xA208, 0xA208, 0xA208, 0xA208, 0xA208, 0xA208,
  0xA208, 0xA208, 0xC208, 0xA208, 0xA208, 0xA208, 0xA208, 0xA208, 0xA208, 0xC208, 0xC208, 0xA208, 0xC208, 0xC208, 0xC208, 0xC208,
  0xC208, 0xC208, 0xC208, 0xC208, 0xC208, 0xC208, 0xC208, 0xC208, 0xC208, 0xC208, 0xC208, 0xC208, 0xC208, 0xC208, 0xC208, 0xC208,
  0xC208, 0xC208, 0xC208, 0xC208, 0xC208, 0xC208, 0xE208, 0xC208, 0xC208, 0xC208, 0xC208, 0xC208, 0xC208, 0xC208, 0xC208, 0xC208,
  0xC208, 0xC208, 0xC208, 0xC208, 0xC208, 0xC208, 0xC208, 0xC208, 0xC208, 0xC208, 0xC208, 0xA208, 0xC208, 0xC208, 0xA208, 0xA208,
  0xA208, 0xA208, 0xA208, 0xA208, 0xC208, 0xA208, 0xA208, 0xA208, 0xA208, 0xA208, 0xA208, 0xA208, 0xA208, 0xA208, 0x8208, 0x8208,
  0x8208, 0x8208, 0xA208, 0xA208, 0x8208, 0x8108, 0x8108, 0x8108, 0x8108, 0x8208, 0x8208, 0x8108, 0x6108, 0x6108, 0x6108, 0x6108,
  0x6108, 0x8108, 0x8108, 0x6108, 0x6108, 0x6108, 0x6108, 0x6108, 0x8108, 0x8108, 0x6108, 0x6108, 0x6108, 0x6108, 0x6108, 0x8108,
  0x8108, 0x6108, 0x8108, 0x8108, 0x8108, 0x8108, 0x8108, 0x8208, 0x8208, 0x8108, 0x8208, 0x8208, 0x8208, 0x8208, 0x8208, 0x8208,
  0x8208, 0x8208, 0x8208, 0x8208, 0x8208, 0x8208, 0xA208, 0x8208, 0x8208, 0x8208, 0x8208, 0x8208, 0x8208, 0xA208, 0x8208, 0x8208,
  0x8208, 0x8208, 0x8208, 0x8208, 0xA208, 0xA208, 0x8208, 0x8208, 0x8208, 0x8208, 0x8208, 0xA208, 0xA208, 0x8208, 0xA208, 0xA208,
  0xA208, 0xA208, 0xA208, 0xA208, 0xA208, 0xA208, 0xA208, 0xA208, 0xA208, 0xA208, 0xA208, 0xA208, 0xA208, 0xA208, 0xA208, 0xA208,
  0xA208, 0xA208, 0xA208, 0xA208, 0xA208, 0xA208, 0xA208, 0xA208, 0xA208, 0xA208, 0xA208, 0xA208, 0xA208, 0xA208, 0xA208, 0xA208,
  0xA208, 0xA208, 0xA208, 0xA208, 0xA208, 0xA208, 0xA208, 0xA208, 0xA208, 0xA208, 0xA208, 0xA208, 0xA208, 0xA208, 0xA208, 0xA208,
  0xA208, 0xA208, 0xA208, 0xA208, 0xA208, 0xA208, 0xA208, 0xA208, 0xA208, 0xA208, 0xA208, 0xA208, 0xA208, 0xA208, 0xA208, 0xA208,
  0xA208, 0xA208, 0xA208, 0xA208, 0xA208, 0xA208, 0xA208, 0xA208, 0xA208, 0xA208, 0xA208, 0x8208, 0xA208, 0xA208, 0xA208, 0x8208,
  0x8208, 0x8208, 0x8208, 0xA208, 0xA208, 0x8208, 0x8208, 0x8208, 0x8208, 0x8208, 0x8208, 0xA208, 0xA208, 0x8208, 0x8208, 0x8208,
  0x8208, 0x8208, 0xA208, 0xA208, 0x8208, 0x8208, 0x8208, 0x8208, 0x8208, 0x8208, 0x8208, 0x8208, 0x8208, 0x8208, 0x8208, 0x8208,
  0x8208, 0x8208, 0x8208, 0x8108, 0x8108, 0x8108, 0x8108, 0x8108, 0x8208, 0x8108, 0x6108, 0x6108, 0x6108, 0x6108, 0x6108, 0x8108,
  0x8108, 0x6108, 0x6108, 0x6108, 0x6108, 0x6108, 0x6108, 0x8108, 0x8108, 0x6108, 0x6108, 0x6108, 0x6108, 0x6108, 0x8108, 0xE310,
  0xE210, 0x8108, 0x8208, 0xA208, 0x8208, 0x8208, 0x8108, 0x8208, 0x8208, 0x8208, 0xA208, 0xA208, 0x8208, 0xA208, 0xA208, 0xA208,
  0xA208, 0xA208, 0xC208, 0xA208, 0xA208, 0xA208, 0xA208, 0xA208, 0xA208, 0xC208, 0xC208, 0xA208, 0xA208, 0xA208, 0xA208, 0xC208,
  0xC208, 0xC208, 0xC208, 0xC208, 0xC208, 0xC208, 0xC208, 0xC208, 0xC208, 0xC208, 0xC208, 0xC208, 0xC208, 0xC208, 0xC208, 0xE208,
  0xC208, 0xC208, 0xC208, 0xC208, 0xC208, 0xC208, 0xE208, 0xE208, 0xC208, 0xC208, 0xC208, 0xC208, 0xC208, 0xC208, 0xC208, 0xC208,
  0xC208, 0xC208, 0xC208, 0xC208, 0xC208, 0xC208, 0xC208, 0xC208, 0xA208, 0xA208, 0xA208, 0xA208, 0xC208, 0xC208, 0xA208, 0xA208,
  0xA208, 0xA208, 0xA208, 0xA208, 0xC208, 0xA208, 0xA208, 0xA208, 0xA208, 0xA208, 0xA208, 0xA208, 0xA208, 0x8208, 0x8208, 0x8208,
  0x8108, 0x8208, 0xA208, 0xA208, 0x8108, 0x8108, 0x8108, 0x8108, 0x8108, 0x8208, 0x8208, 0x8108, 0x6108, 0x6108, 0x6108, 0x6108,
  0x8108, 0x8208, 0x8108, 0x6108, 0x6108, 0x6108, 0x6108, 0x6108, 0x8208, 0x8208, 0x6108, 0x6108, 0x6108, 0x6108, 0x6108, 0x8108,
  0x8208, 0x8108, 0x6108, 0x6108, 0x6108, 0x8108, 0x8208, 0x8208, 0x8208, 0x8108, 0x8108, 0x8108, 0x8108, 0x8208, 0x8208, 0xA208,
  0x8208, 0x8208, 0x8208, 0x8208, 0x8208, 0x8208, 0xA208, 0x8208, 0x8208, 0x8208, 0x8208, 0x8208, 0x8208, 0xA208, 0xA208, 0x8208,
  0x8208, 0x8208, 0x8208, 0x8208, 0xA208, 0xA208, 0x8208, 0x8208, 0x8208, 0x8208, 0x8208, 0xA208, 0xA208, 0xA208, 0x8208, 0xA208,
  0x8208, 0xA208, 0xA208, 0xA208, 0xA208, 0xA208, 0x8208, 0xA208, 0x8208, 0xA208, 0xA208, 0xA208, 0x8208, 0xA208, 0xA208, 0xA208,
  0xA208, 0xA208, 0xA208, 0xA208, 0xA208, 0xA208, 0xA208, 0xA208, 0xA208, 0xC208, 0xA208, 0xA208, 0xA208, 0xA208, 0xA208, 0xA208,
  0xA208, 0xC208, 0xA208, 0xA208, 0xA208, 0xA208, 0xA208, 0xA208, 0xA208, 0xA208, 0xA208, 0xA208, 0xA208, 0xA208, 0xA208, 0xC208,
  0xA208, 0xA208, 0xA208, 0xA208, 0xA208, 0xA208, 0xA208, 0xC208, 0xA208, 0xA208, 0xA208, 0xA208, 0xA208, 0xA208, 0xA208, 0xA208,
  0x8208, 0xA208, 0x8208, 0xA208, 0xA208, 0xA208, 0xA208, 0xA208, 0x8208, 0xA208, 0x8208, 0xA208, 0xA208, 0xA208, 0x8208, 0x8208,
  0x8208, 0x8208, 0x8208, 0xA208, 0xA208, 0xA208, 0x8208, 0x8208, 0x8208, 0x8208, 0x8208, 0xA208, 0x8208, 0x8208, 0x8208, 0x8208,
  0x8208, 0x8208, 0xA208, 0xA208, 0x8208, 0x8208, 0x8208, 0x8208, 0x8208, 0x8208, 0x8208, 0x8208, 0x8108, 0x8208, 0x8108, 0x8108,
  0x8208, 0x8208, 0x8208, 0x8108, 0x6108, 0x8108, 0x6108, 0x6108, 0x8208, 0x8208, 0x6108, 0x6108, 0x6108, 0x6108, 0x6108, 0x8108,
  0x8208, 0x8108, 0x6108, 0x6108, 0x6108, 0x6108, 0x8108, 0x8208, 0x8108, 0x6108, 0x6108, 0x6108, 0x6108, 0x6108, 0x8208, 0xE310,
  0xE310, 0x8108, 0x8108, 0x8208, 0x8108, 0x8108, 0x8208, 0x8208, 0x8208, 0x8208, 0xA208, 0xA208, 0x8208, 0x8208, 0xA208, 0xA208,
  0xA208, 0xA208, 0xA208, 0xA208, 0xA208, 0xA208, 0xA208, 0xA208, 0xA208, 0xA208, 0xA208, 0xA208, 0xA208, 0xA208, 0xA208, 0xA208,
  0xC208, 0xC208, 0xC208, 0xC208, 0xC208, 0xC208, 0xC208, 0xC208, 0xC208, 0xC208, 0xC208, 0xC208, 0xC208, 0xC208, 0xC208, 0xC208,
  0xC208, 0xC208, 0xC208, 0xC208, 0xC208, 0xC208, 0xC208, 0xC208, 0xC208, 0xC208, 0xC208, 0xC208, 0xC208, 0xC208, 0xC208, 0xC208,
  0xC208, 0xC208, 0xC208, 0xC208, 0xC208, 0xC208, 0xC208, 0xA208, 0xA208, 0xA208, 0xA208, 0xA208, 0xA208, 0xA208, 0xA208, 0xA208,
  0xA208, 0xA208, 0xA208, 0xA208, 0xA208, 0xA208, 0xA208, 0xA208, 0xA208, 0xA208, 0xA208, 0xA208, 0xA208, 0x8208, 0x8208, 0x8208,
  0x8208, 0x8108, 0x8208, 0x8208, 0x8108, 0x8108, 0x8108, 0x8108, 0x8108, 0x8108, 0x8108, 0x6108, 0x6108, 0x6108, 0x6108, 0x6108,
  0x6108, 0x8108, 0x8108, 0x6108, 0x6108, 0x6108, 0x6108, 0x6108, 0x8108, 0x8108, 0x6108, 0x6108, 0x6108, 0x6108, 0x6108, 0x8108,
  0x8108, 0x6108, 0x6108, 0x6108, 0x6108, 0x6108, 0x6108, 0x8108, 0x8108, 0x6108, 0x8108, 0x8108, 0x8108, 0x8108, 0x8208, 0x8208,
  0x8208, 0x8108, 0x8208, 0x8208, 0x8208, 0x8208, 0x8208, 0x8208, 0x8208, 0x8208, 0x8208, 0x8208, 0x8208, 0x8208, 0x8208, 0x8208,
  0x8208, 0x8208, 0x8208, 0x8208, 0x8208, 0x8208, 0x8208, 0x8208, 0x8208, 0x8208, 0x8208, 0xA208, 0xA208, 0x8208, 0x8208, 0x8208,
  0x8208, 0x8208, 0x8208, 0xA208, 0xA208, 0x8208, 0x8208, 0x8208, 0x8208, 0x8208, 0xA208, 0xA208, 0xA208, 0x8208, 0xA208, 0xA208,
  0xA208, 0xA208, 0xA208, 0xA208, 0xA208, 0xA208, 0xA208, 0xA208, 0xA208, 0xA208, 0xA208, 0xA208, 0xA208, 0xA208, 0xA208, 0xA208,
  0xA208, 0xA208, 0xA208, 0xA208, 0xA208, 0xA208, 0xA208, 0xA208, 0xA208, 0xA208, 0xA208, 0xA208, 0xA208, 0xA208, 0xA208, 0xA208,
  0xA208, 0xA208, 0xA208, 0xA208, 0xA208, 0xA208, 0xA208, 0xA208, 0xA208, 0x8208, 0xA208, 0xA208, 0xA208, 0xA208, 0xA208, 0x8208,
  0x8208, 0x8208, 0xA208, 0x8208, 0x8208, 0xA208, 0xA208, 0x8208, 0x8208, 0x8208, 0x8208, 0x8208, 0xA208, 0x8208, 0x8208, 0x8208,
  0x8208, 0x8208, 0x8208, 0x8208, 0x8208, 0x8208, 0x8208, 0x8208, 0x8208, 0x8208, 0x8208, 0x8208, 0x8208, 0x8208, 0x8208, 0x8208,
  0x8208, 0x8208, 0x8208, 0x8208, 0x8208, 0x8208, 0x8208, 0x8208, 0x8208, 0x8108, 0x8208, 0x8108, 0x8108, 0x8108, 0x8108, 0x8108,
  0x8108, 0x8208, 0x8108, 0x6108, 0x6108, 0x6108, 0x6108, 0x6108, 0x8108, 0x8108, 0x6108, 0x6108, 0x6108, 0x6108, 0x6108, 0x8108,
  0x8108, 0x6108, 0x6108, 0x6108, 0x6108, 0x6108, 0x6108, 0x8108, 0x8108, 0x6108, 0xC308, 0x4A1A, 0x6108, 0x6108, 0x8108, 0xE310,
  0xE210, 0x8108, 0x8108, 0x8108, 0x8108, 0x8208, 0x8108, 0x8208, 0x8108, 0x8208, 0x8108, 0x8208, 0x8208, 0x8208, 0x8208, 0xA208,
  0xA208, 0xA208, 0xA208, 0xA208, 0xA208, 0xA208, 0xA208, 0xA208, 0xA208, 0xA208, 0xA208, 0xA208, 0xA208, 0xA208, 0xA208, 0xA208,
  0xA208, 0xA208, 0xA208, 0xA208, 0xA208, 0xA208, 0xA208, 0xC208, 0xA208, 0xC208, 0xA208, 0xC208, 0xC208, 0xC208, 0xC208, 0xC208,
  0xC208, 0xC208, 0xC208, 0xC208, 0xC208, 0xC208, 0xC208, 0xC208, 0xC208, 0xC208, 0xC208, 0xC208, 0xA208, 0xC208, 0xA208, 0xC208,
  0xA208, 0xA208, 0xA208, 0xA208, 0xA208, 0xA208, 0xA208, 0xA208, 0xA208, 0xA208, 0xA208, 0xA208, 0xA208, 0xA208, 0xA208, 0xA208,
  0xA208, 0xA208, 0xA208, 0xA208, 0xA208, 0xA208, 0xA208, 0xA208, 0x8208, 0x8208, 0x8208, 0x8208, 0x8208, 0x8208, 0x8108, 0x8208,
  0x8108, 0x8208, 0x8108, 0x8108, 0x8108, 0x8108, 0x8108, 0x8108, 0x6108, 0x6108, 0x6108, 0x6108, 0x6108, 0x6108, 0x6108, 0x6108,
  0x6108, 0x6108, 0x6108, 0x6108, 0x6108, 0x6108, 0x6108, 0x6108, 0x6108, 0x6108, 0x6108, 0x6108, 0x6108, 0x6108, 0x6108, 0x6108,
  0x6108, 0x6108, 0x6108, 0x6108, 0x6108, 0x6108, 0x6108, 0x6108, 0x6108, 0x6108, 0x6108, 0x8108, 0x6108, 0x8108, 0x6108, 0x8108,
  0x8108, 0x8108, 0x8108, 0x8108, 0x8108, 0x8208, 0x8108, 0x8208, 0x8208, 0x8208, 0x8208, 0x8208, 0x8208, 0x8208, 0x8208, 0x8208,
  0x8208, 0x8208, 0x8208, 0x8208, 0x8208, 0x8208, 0x8208, 0x8208, 0x8208, 0x8208, 0x8208, 0x8208, 0x8208, 0x8208, 0x8208, 0x8208,
  0x8208, 0x8208, 0x8208, 0x8208, 0x8208, 0x8208, 0x8208, 0x8208, 0x8208, 0x8208, 0x8208, 0x8208, 0x8208, 0xA208, 0x8208, 0xA208,
  0x8208, 0xA208, 0x8208, 0xA208, 0x8208, 0xA208, 0x8208, 0xA208, 0x8208, 0xA208, 0x8208, 0xA208, 0x8208, 0xA208, 0x8208, 0xA208,
  0x8208, 0xA208, 0x8208, 0xA208, 0x8208, 0xA208, 0x8208, 0xA208, 0x8208, 0xA208, 0x8208, 0xA208, 0x8208, 0xA208, 0x8208, 0xA208,
  0x8208, 0xA208, 0x8208, 0xA208, 0x8208, 0xA208, 0x8208, 0xA208, 0x8208, 0xA208, 0x8208, 0xA208, 0x8208, 0x8208, 0x8208, 0x8208,
  0x8208, 0x8208, 0x8208, 0x8208, 0x8208, 0x8208, 0x8208, 0x8208, 0x8208, 0x8208, 0x8208, 0x8208, 0x8208, 0x8208, 0x8208, 0x8208,
  0x8208, 0x8208, 0x8208, 0x8208, 0x8208, 0x8208, 0x8208, 0x8208, 0x8208, 0x8208, 0x8208, 0x8208, 0x8208, 0x8208, 0x8208, 0x8208,
  0x8208, 0x8208, 0x8208, 0x8208, 0x8108, 0x8208, 0x8108, 0x8108, 0x8108, 0x8108, 0x8108, 0x8108, 0x6108, 0x8108, 0x6108, 0x8108,
  0x6108, 0x6108, 0x6108, 0x6108, 0x6108, 0x6108, 0x6108, 0x6108, 0x6108, 0x6108, 0x6108, 0x6108, 0x6108, 0x6108, 0x6108, 0x6108,
  0x6108, 0x6108, 0x6108, 0x6108, 0x6108, 0x6108, 0x6108, 0x6108, 0x6108, 0x6108, 0x0409, 0x2E23, 0x6108, 0x6108, 0x6108, 0xC310,
  0xE210, 0x8108, 0x8108, 0x8108, 0x8108, 0x8108, 0x8108, 0x8108, 0x8208, 0x8108, 0x8208, 0x8208, 0x8208, 0x8208, 0x8208, 0x8208,
  0x8208, 0xA208, 0xA208, 0xA208, 0xA208, 0xA208, 0xA208, 0xA208, 0xA208, 0xA208, 0xA208, 0xA208, 0xA208, 0xA208, 0xA208, 0xA208,
  0xA208, 0xA208, 0xA208, 0xA208, 0xA208, 0xA208, 0xA208, 0xA208, 0xA208, 0xA208, 0xA208, 0xA208, 0xA208, 0xA208, 0xA208, 0xA208,
  0xC208, 0xA208, 0xC208, 0xA208, 0xC208, 0xA208, 0xC208, 0xA208, 0xA208, 0xA208, 0xA208, 0xA208, 0xA208, 0xA208, 0xA208, 0xA208,
  0xA208, 0xA208, 0xA208, 0xA208, 0xA208, 0xA208, 0xA208, 0xA208, 0xA208, 0xA208, 0xA208, 0xA208, 0xA208, 0xA208, 0xA208, 0xA208,
  0xA208, 0xA208, 0xA208, 0xA208, 0xA208, 0xA208, 0xA208, 0x8208, 0x8208, 0x8208, 0x8208, 0x8208, 0x8208, 0x8108, 0x8208, 0x8108,
  0x8108, 0x8108, 0x8108, 0x8108, 0x8108, 0x8108, 0x8108, 0x6108, 0x6108, 0x6108, 0x6108, 0x6108, 0x6108, 0x6108, 0x6108, 0x6108,
  0x6108, 0x6108, 0x6108, 0x6108, 0x6108, 0x6108, 0x6108, 0x6108, 0x6108, 0x6108, 0x6108, 0x6108, 0x6108, 0x6108, 0x6108, 0x6108,
  0x6108, 0x6108, 0x6108, 0x6108, 0x6108, 0x6108, 0x6108, 0x6108, 0x6108, 0x6108, 0x6108, 0x6108, 0x6108, 0x6108, 0x8108, 0x6108,
  0x8108, 0x8108, 0x8108, 0x8108, 0x8108, 0x8108, 0x8108, 0x8108, 0x8208, 0x8208, 0x8208, 0x8208, 0x8208, 0x8208, 0x8208, 0x8208,
  0x8208, 0x8208, 0x8208, 0x8208, 0x8208, 0x8208, 0x8208, 0x8208, 0x8208, 0x8208, 0x8208, 0x8208, 0x8208, 0x8208, 0x8208, 0x8208,
  0x8208, 0x8208, 0x8208, 0x8208, 0x8208, 0x8208, 0x8208, 0x8208, 0x8208, 0x8208, 0x8208, 0x8208, 0x8208, 0x8208, 0x8208, 0x8208,
  0x8208, 0x8208, 0x8208, 0x8208, 0x8208, 0x8208, 0x8208, 0x8208, 0x8208, 0x8208, 0x8208, 0x8208, 0x8208, 0x8208, 0x8208, 0x8208,
  0x8208, 0x8208, 0x8208, 0x8208, 0x8208, 0x8208, 0x8208, 0x8208, 0x8208, 0x8208, 0x8208, 0x8208, 0x8208, 0x8208, 0x8208, 0x8208,
  0x8208, 0x8208, 0x8208, 0x8208, 0x8208, 0x8208, 0x8208, 0x8208, 0x8208, 0x8208, 0x8208, 0x8208, 0x8208, 0x8208, 0x8208, 0x8208,
  0x8208, 0x8208, 0x8208, 0x8208, 0x8208, 0x8208, 0x8208, 0x8208, 0x8208, 0x8208, 0x8208, 0x8208, 0x8208, 0x8208, 0x8208, 0x8208,
  0x8208, 0x8208, 0x8208, 0x8208, 0x8208, 0x8208, 0x8208, 0x8208, 0x8208, 0x8208, 0x8208, 0x8208, 0x8208, 0x8208, 0x8208, 0x8208,
  0x8208, 0x8208, 0x8208, 0x8108, 0x8108, 0x8108, 0x8108, 0x8108, 0x8108, 0x8108, 0x8108, 0x6108, 0x6108, 0x6108, 0x6108, 0x6108,
  0x6108, 0x6108, 0x6108, 0x6108, 0x6108, 0x6108, 0x6108, 0x6108, 0x6108, 0x6108, 0x6108, 0x6108, 0x6108, 0x6108, 0x6108, 0x6108,
  0x6108, 0x6108, 0x6108, 0x6108, 0x6108, 0x6108, 0x6108, 0x6108, 0x6108, 0x6108, 0x0409, 0x2E23, 0x6108, 0x6108, 0x6108, 0xC310,
  0xC210, 0x6108, 0x6108, 0x8108, 0x8108, 0x8108, 0x8108, 0x8208, 0x8108, 0x8208, 0x8108, 0x8208, 0x8108, 0x8208, 0x8208, 0x8208,
  0x8208, 0x8208, 0x8208, 0xA208, 0x8208, 0xA208, 0xA208, 0xA208, 0xA208, 0xA208, 0xA208, 0xA208, 0xA208, 0xA208, 0xA208, 0xA208,
  0xA208, 0xA208, 0xA208, 0xA208, 0xA208, 0xA208, 0xA208, 0xA208, 0xA208, 0xA208, 0xA208, 0xA208, 0xA208, 0xA208, 0xA208, 0xA208,
  0xA208, 0xA208, 0xA208, 0xA208, 0xA208, 0xA208, 0xA208, 0xA208, 0xA208, 0xA208, 0xA208, 0xA208, 0xA208, 0xA208, 0xA208, 0xA208,
  0xA208, 0xA208, 0xA208, 0xA208, 0xA208, 0xA208, 0xA208, 0xA208, 0xA208, 0xA208, 0xA208, 0xA208, 0xA208, 0xA208, 0xA208, 0xA208,
  0xA208, 0xA208, 0xA208, 0xA208, 0x8208, 0x8208, 0x8208, 0x8208, 0x8108, 0x8208, 0x8108, 0x8208, 0x8108, 0x8208, 0x8108, 0x8208,
  0x8108, 0x8108, 0x8108, 0x8108, 0x6108, 0x8108, 0x6108, 0x6108, 0x6108, 0x6108, 0x6108, 0x6108, 0x6108, 0x6108, 0x6108, 0x6108,
  0x6108, 0x6108, 0x6108, 0x6108, 0x6108, 0x6108, 0x6108, 0x6108, 0x6108, 0x6108, 0x6108, 0x6108, 0x6108, 0x6108, 0x6108, 0x6108,
  0x6108, 0x6108, 0x6108, 0x6108, 0x6108, 0x6108, 0x6108, 0x6108, 0x6108, 0x6108, 0x6108, 0x6108, 0x6108, 0x6108, 0x6108, 0x6108,
  0x6108, 0x6108, 0x6108, 0x8108, 0x6108, 0x8108, 0x8108, 0x8108, 0x6108, 0x8108, 0x8108, 0x8108, 0x8108, 0x8208, 0x8108, 0x8208,
  0x8108, 0x8208, 0x8208, 0x8208, 0x8208, 0x8208, 0x8208, 0x8208, 0x8208, 0x8208, 0x8208, 0x8208, 0x8208, 0x8208, 0x8208, 0x8208,
  0x8208, 0x8208, 0x8208, 0x8208, 0x8208, 0x8208, 0x8208, 0x8208, 0x8208, 0x8208, 0x8208, 0x8208, 0x8208, 0x8208, 0x8208, 0x8208,
  0x8208, 0x8208, 0x8208, 0x8208, 0x8208, 0x8208, 0x8208, 0x8208, 0x8208, 0x8208, 0x8208, 0x8208, 0x8208, 0x8208, 0x8208, 0x8208,
  0x8208, 0x8208, 0x8208, 0x8208, 0x8208, 0x8208, 0x8208, 0x8208, 0x8208, 0x8208, 0x8208, 0x8208, 0x8208, 0x8208, 0x8208, 0x8208,
  0x8208, 0x8208, 0x8208, 0x8208, 0x8208, 0x8208, 0x8208, 0x8208, 0x8208, 0x8208, 0x8208, 0x8208, 0x8208, 0x8208, 0x8208, 0x8208,
  0x8208, 0x8208, 0x8208, 0x8208, 0x8208, 0x8208, 0x8208, 0x8208, 0x8208, 0x8208, 0x8208, 0x8208, 0x8208, 0x8208, 0x8208, 0x8208,
  0x8208, 0x8208, 0x8208, 0x8208, 0x8208, 0x8208, 0x8208, 0x8208, 0x8108, 0x8208, 0x8108, 0x8208, 0x8108, 0x8208, 0x8108, 0x8108,
  0x8108, 0x8108, 0x8108, 0x8108, 0x6108, 0x8108, 0x6108, 0x8108, 0x6108, 0x6108, 0x6108, 0x6108, 0x6108, 0x6108, 0x6108, 0x6108,
  0x6108, 0x6108, 0x6108, 0x6108, 0x6108, 0x6108, 0x6108, 0x6108, 0x6108, 0x6108, 0x6108, 0x6108, 0x6108, 0x6108, 0x6108, 0x6108,
  0x6108, 0x6108, 0x6108, 0x6108, 0x6108, 0x6108, 0x6108, 0x6108, 0x6108, 0x6108, 0x0409, 0x2E23, 0x6108, 0x6108, 0x6108, 0xC310,
  0xC210, 0x6108, 0x6108, 0x8108, 0x8108, 0x8108, 0x8108, 0x8108, 0x8108, 0x8108, 0x8108, 0x8108, 0x8108, 0x8108, 0x8208, 0x8208,
  0x8208, 0x8208, 0x8208, 0x8208, 0x8208, 0x8208, 0xA208, 0xA208, 0xA208, 0xA208, 0xA208, 0xA208, 0xA208, 0xA208, 0xA208, 0xA208,
  0xA208, 0xA208, 0xA208, 0xA208, 0xA208, 0xA208, 0xA208, 0xA208, 0xA208, 0xA208, 0xA208, 0xA208, 0xA208, 0xA208, 0xA208, 0xA208,
  0xA208, 0xA208, 0xA208, 0xA208, 0xA208, 0xA208, 0xA208, 0xA208, 0xA208, 0xA208, 0xA208, 0xA208, 0xA208, 0xA208, 0xA208, 0xA208,
  0xA208, 0xA208, 0xA208, 0xA208, 0xA208, 0xA208, 0xA208, 0xA208, 0xA208, 0xA208, 0xA208, 0xA208, 0xA208, 0xA208, 0xA208, 0xA208,
  0xA208, 0x8208, 0x8208, 0x8208, 0x8208, 0x8208, 0x8208, 0x8208, 0x8208, 0x8108, 0x8208, 0x8108, 0x8108, 0x8108, 0x8108, 0x8108,
  0x8108, 0x8108, 0x8108, 0x8108, 0x6108, 0x6108, 0x6108, 0x6108, 0x6108, 0x6108, 0x6108, 0x6108, 0x6108, 0x6108, 0x6108, 0x6108,
  0x6108, 0x6108, 0x6108, 0x6108, 0x6108, 0x6108, 0x6108, 0x6108, 0x6108, 0x6108, 0x6108, 0x6108, 0x6108, 0x6108, 0x6108, 0x6108,
  0x6108, 0x6108, 0x6108, 0x6108, 0x6108, 0x6108, 0x6108, 0x6108, 0x6108, 0x6108, 0x6108, 0x6108, 0x6108, 0x6108, 0x6108, 0x6108,
  0x6108, 0x6108, 0x6108, 0x6108, 0x6108, 0x6108, 0x6108, 0x6108, 0x8108, 0x6108, 0x8108, 0x8108, 0x8108, 0x8108, 0x8108, 0x8108,
  0x8108, 0x8108, 0x8208, 0x8208, 0x8208, 0x8208, 0x8208, 0x8208, 0x8208, 0x8208, 0x8208, 0x8208, 0x8208, 0x8208, 0x8208, 0x8208,
  0x8208, 0x8208, 0x8208, 0x8208, 0x8208, 0x8208, 0x8208, 0x8208, 0x8208, 0x8208, 0x8208, 0x8208, 0x8208, 0x8208, 0x8208, 0x8208,
  0x8208, 0x8208, 0x8208, 0x8208, 0x8208, 0x8208, 0x8208, 0x8208, 0x8208, 0x8208, 0x8208, 0x8208, 0x8208, 0x8208, 0x8208, 0x8208,
  0x8208, 0x8208, 0x8208, 0x8208, 0x8208, 0x8208, 0x8208, 0x8208, 0x8208, 0x8208, 0x8208, 0x8208, 0x8208, 0x8208, 0x8208, 0x8208,
  0x8208, 0x8208, 0x8208, 0x8208, 0x8208, 0x8208, 0x8208, 0x8208, 0x8208, 0x8208, 0x8208, 0x8208, 0x8208, 0x8208, 0x8208, 0x8208,
  0x8208, 0x8208, 0x8208, 0x8208, 0x8208, 0x8208, 0x8208, 0x8208, 0x8208, 0x8208, 0x8208, 0x8208, 0x8208, 0x8208, 0x8208, 0x8208,
  0x8208, 0x8208, 0x8208, 0x8208, 0x8208, 0x8208, 0x8208, 0x8208, 0x8108, 0x8108, 0x8108, 0x8108, 0x8108, 0x8108, 0x8108, 0x8108,
  0x8108, 0x6108, 0x8108, 0x6108, 0x6108, 0x6108, 0x6108, 0x6108, 0x6108, 0x6108, 0x6108, 0x6108, 0x6108, 0x6108, 0x6108, 0x6108,
  0x6108, 0x6108, 0x6108, 0x6108, 0x6108, 0x6108, 0x6108, 0x6108, 0x6108, 0x6108, 0x6108, 0x6108, 0x6108, 0x6108, 0x6108, 0x6108,
  0x6108, 0x6108, 0x6108, 0x6108, 0x6108, 0x6108, 0x6108, 0x6108, 0x6108, 0x6108, 0x0409, 0x2E23, 0x6108, 0x6108, 0x6108, 0xC310,
  0xC210, 0x6108, 0x6108, 0x8108, 0x6108, 0x8108, 0x8108, 0x8108, 0x8108, 0x8108, 0x8108, 0x8108, 0x8108, 0x8208, 0x8108, 0x8208,
  0x8108, 0x8208, 0x8108, 0x8208, 0x8208, 0x8208, 0x8208, 0x8208, 0x8208, 0xA208, 0x8208, 0xA208, 0xA208, 0xA208, 0xA208, 0xA208,
  0xA208, 0xA208, 0xA208, 0xA208, 0xA208, 0xA208, 0xA208, 0xA208, 0xA208, 0xA208, 0xA208, 0xA208, 0xA208, 0xA208, 0xA208, 0xA208,
  0xA208, 0xA208, 0xA208, 0xA208, 0xA208, 0xA208, 0xA208, 0xA208, 0xA208, 0xA208, 0xA208, 0xA208, 0xA208, 0xA208, 0xA208, 0xA208,
  0xA208, 0xA208, 0xA208, 0xA208, 0xA208, 0xA208, 0xA208, 0xA208, 0xA208, 0xA208, 0xA208, 0xA208, 0xA208, 0xA208, 0x8208, 0x8208,
  0x8208, 0x8208, 0x8208, 0x8208, 0x8208, 0x8208, 0x8108, 0x8208, 0x8108, 0x8208, 0x8108, 0x8108, 0x8108, 0x8108, 0x8108, 0x8108,
  0x8108, 0x8108, 0x8108, 0x8108, 0x6108, 0x6108, 0x6108, 0x6108, 0x6108, 0x6108, 0x8108, 0x6108, 0x6108, 0x6108, 0x6108, 0x6108,
  0x6108, 0x8108, 0x6108, 0x6108, 0x6108, 0x6108, 0x6108, 0x6108, 0x8108, 0x8108, 0x6108, 0x6108, 0x6108, 0x6108, 0x6108, 0x6108,
  0x8108, 0x6108, 0x6108, 0x6108, 0x6108, 0x6108, 0x6108, 0x8108, 0x6108, 0x6108, 0x6108, 0x6108, 0x6108, 0x6108, 0x8108, 0x8108,
  0x6108, 0x6108, 0x6108, 0x6108, 0x6108, 0x6108, 0x8108, 0x6108, 0x6108, 0x6108, 0x6108, 0x6108, 0x6108, 0x8108, 0x6108, 0x8108,
  0x6108, 0x8108, 0x6108, 0x8108, 0x8108, 0x8108, 0x8108, 0x8108, 0x8108, 0x8208, 0x8108, 0x8208, 0x8108, 0x8208, 0x8208, 0x8208,
  0x8208, 0x8208, 0x8208, 0x8208, 0x8208, 0x8208, 0x8208, 0x8208, 0x8208, 0x8208, 0x8208, 0x8208, 0x8208, 0x8208, 0x8208, 0x8208,
  0x8208, 0x8208, 0x8208, 0x8208, 0x8208, 0x8208, 0x8208, 0x8208, 0x8208, 0x8208, 0x8208, 0x8208, 0x8208, 0x8208, 0x8208, 0x8208,
  0x8208, 0x8208, 0x8208, 0x8208, 0x8208, 0x8208, 0x8208, 0x8208, 0x8208, 0x8208, 0x8208, 0x8208, 0x8208, 0x8208, 0x8208, 0x8208,
  0x8208, 0x8208, 0x8208, 0x8208, 0x8208, 0x8208, 0x8208, 0x8208, 0x8208, 0x8208, 0x8208, 0x8208, 0x8208, 0x8208, 0x8208, 0x8208,
  0x8208, 0x8208, 0x8208, 0x8208, 0x8208, 0x8208, 0x8208, 0x8208, 0x8208, 0x8208, 0x8208, 0x8208, 0x8208, 0x8208, 0x8108, 0x8208,
  0x8108, 0x8208, 0x8108, 0x8108, 0x8108, 0x8108, 0x8108, 0x8108, 0x8108, 0x8108, 0x6108, 0x8108, 0x6108, 0x8108, 0x6108, 0x6108,
  0x6108, 0x6108, 0x8108, 0x8108, 0x6108, 0x6108, 0x6108, 0x6108, 0x6108, 0x6108, 0x8108, 0x6108, 0x6108, 0x6108, 0x6108, 0x6108,
  0x6108, 0x8108, 0x6108, 0x6108, 0x6108, 0x6108, 0x6108, 0x6108, 0x8108, 0x8108, 0x6108, 0x6108, 0x6108, 0x6108, 0x6108, 0x6108,
  0x8108, 0x6108, 0x6108, 0x6108, 0x6108, 0x6108, 0x6108, 0x8108, 0x6108, 0x6108, 0x0409, 0x2E23, 0x6108, 0x6108, 0x8108, 0xC310,
  0xC210, 0x6108, 0x8108, 0x8208, 0x8108, 0x6108, 0x6108, 0x8108, 0x8108, 0x8108, 0x8208, 0x8208, 0x8108, 0x8108, 0x8108, 0x8108,
  0x8208, 0xA208, 0xA208, 0x8208, 0x8208, 0x8208, 0x8208, 0x8208, 0xA208, 0xA208, 0xA208, 0x8208, 0xA208, 0xA208, 0xA208, 0xA208,
  0xA208, 0xA208, 0xA208, 0xA208, 0xA208, 0xA208, 0xA208, 0xA208, 0xC208, 0xA208, 0xA208, 0xA208, 0xA208, 0xA208, 0xA208, 0xC208,
  0xA208, 0xA208, 0xA208, 0xA208, 0xA208, 0xA208, 0xC208, 0xC208, 0xA208, 0xA208, 0xA208, 0xA208, 0xA208, 0xA208, 0xC208, 0xA208,
  0xA208, 0xA208, 0xA208, 0xA208, 0xA208, 0xA208, 0xA208, 0xA208, 0xA208, 0xA208, 0xA208, 0x8208, 0xA208, 0xA208, 0x8208, 0x8208,
  0x8208, 0x8208, 0x8208, 0xA208, 0xA208, 0x8108, 0x8208, 0x8108, 0x8108, 0x8108, 0x8108, 0x8208, 0x8208, 0x8108, 0x8108, 0x8108,
  0x8108, 0x6108, 0x8208, 0x8208, 0x6108, 0x6108, 0x6108, 0x6108, 0x6108, 0x8108, 0x8208, 0x8108, 0x6108, 0x6108, 0x6108, 0x6108,
  0x8108, 0x8208, 0x8108, 0x6108, 0x6108, 0x6108, 0x6108, 0x6108, 0x8208, 0x8208, 0x6108, 0x6108, 0x6108, 0x6108, 0x6108, 0x8108,
  0x8208, 0x8108, 0x6108, 0x6108, 0x6108, 0x6108, 0x8108, 0x8208, 0x8108, 0x6108, 0x6108, 0x6108, 0x6108, 0x6108, 0x8208, 0x8208,
  0x6108, 0x6108, 0x6108, 0x6108, 0x6108, 0x8108, 0x8208, 0x8108, 0x6108, 0x6108, 0x6108, 0x6108, 0x8108, 0x8208, 0x8108, 0x6108,
  0x6108, 0x6108, 0x8108, 0x6108, 0x8208, 0x8208, 0x8108, 0x8108, 0x8108, 0x8108, 0x8108, 0x8208, 0x8208, 0x8108, 0x8108, 0x8108,
  0x8208, 0x8108, 0x8208, 0x8208, 0x8208, 0x8208, 0x8208, 0x8208, 0x8208, 0x8208, 0xA208, 0xA208, 0x8208, 0x8208, 0x8208, 0x8208,
  0x8208, 0x8208, 0xA208, 0x8208, 0x8208, 0x8208, 0x8208, 0x8208, 0x8208, 0xA208, 0x8208, 0x8208, 0x8208, 0x8208, 0x8208, 0x8208,
  0xA208, 0xA208, 0x8208, 0x8208, 0x8208, 0x8208, 0x8208, 0x8208, 0xA208, 0x8208, 0x8208, 0x8208, 0x8208, 0x8208, 0x8208, 0xA208,
  0x8208, 0x8208, 0x8208, 0x8208, 0x8208, 0x8208, 0xA208, 0xA208, 0x8208, 0x8208, 0x8208, 0x8208, 0x8208, 0x8208, 0xA208, 0x8208,
  0x8208, 0x8208, 0x8208, 0x8208, 0x8208, 0x8208, 0x8208, 0x8208, 0x8208, 0x8108, 0x8208, 0x8108, 0x8208, 0x8208, 0x8108, 0x8108,
  0x8108, 0x8108, 0x8108, 0x8208, 0x8208, 0x8108, 0x8108, 0x6108, 0x8108, 0x6108, 0x8108, 0x8208, 0x8108, 0x6108, 0x6108, 0x6108,
  0x6108, 0x6108, 0x8208, 0x8208, 0x6108, 0x6108, 0x6108, 0x6108, 0x6108, 0x8108, 0x8208, 0x8108, 0x6108, 0x6108, 0x6108, 0x6108,
  0x8108, 0x8208, 0x8108, 0x6108, 0x6108, 0x6108, 0x6108, 0x6108, 0x8208, 0x8208, 0x6108, 0x6108, 0x6108, 0x6108, 0x6108, 0x8108,
  0x8208, 0x8108, 0x6108, 0x6108, 0x6108, 0x6108, 0x8108, 0x8208, 0x8108, 0x6108, 0x0409, 0x2E23, 0x6108, 0x6108, 0x8208, 0xE310,
  0xC210, 0x6108, 0x8108, 0x8208, 0x8108, 0x6108, 0x6108, 0x6108, 0x6108, 0x8108, 0x8208, 0x8208, 0x8108, 0x8108, 0x8108, 0x8208,
  0x8108, 0x8208, 0x8208, 0x8208, 0x8108, 0x8208, 0x8108, 0x8208, 0x8108, 0xA208, 0xA208, 0x8208, 0x8208, 0x8208, 0x8208, 0xA208,
  0xA208, 0xA208, 0xA208, 0xA208, 0xA208, 0xA208, 0xA208, 0xA208, 0xA208, 0xA208, 0xA208, 0xA208, 0xA208, 0xA208, 0xA208, 0xA208,
  0xA208, 0xA208, 0xA208, 0xA208, 0xA208, 0xA208, 0xA208, 0xA208, 0xA208, 0xA208, 0xA208, 0xA208, 0xA208, 0xA208, 0xA208, 0xA208,
  0xA208, 0xA208, 0xA208, 0xA208, 0xA208, 0xA208, 0xA208, 0xA208, 0x8208, 0x8208, 0x8208, 0x8208, 0xA208, 0xA208, 0x8208, 0x8208,
  0x8108, 0x8208, 0x8108, 0x8208, 0x8208, 0x8208, 0x8108, 0x8208, 0x8108, 0x8108, 0x8108, 0x8208, 0x8108, 0x8108, 0x6108, 0x6108,
  0x6108, 0x6108, 0x8208, 0x8208, 0x6108, 0x6108, 0x6108, 0x6108, 0x6108, 0x8108, 0x8208, 0x8108, 0x6108, 0x6108, 0x6108, 0x6108,
  0x8108, 0x8208, 0x8108, 0x6108, 0x6108, 0x6108, 0x6108, 0x6108, 0x8208, 0x8208, 0x6108, 0x6108, 0x6108, 0x6108, 0x6108, 0x8108,
  0x8208, 0x8108, 0x6108, 0x6108, 0x6108, 0x6108, 0x8108, 0x8208, 0x8108, 0x6108, 0x6108, 0x6108, 0x6108, 0x6108, 0x8208, 0x8208,
  0x6108, 0x6108, 0x6108, 0x6108, 0x6108, 0x8108, 0x8208, 0x8108, 0x6108, 0x6108, 0x6108, 0x6108, 0x8108, 0x8208, 0x8108, 0x6108,
  0x6108, 0x6108, 0x6108, 0x6108, 0x8208, 0x8208, 0x6108, 0x6108, 0x6108, 0x8108, 0x6108, 0x8208, 0x8208, 0x8108, 0x8108, 0x8108,
  0x6108, 0x8108, 0x8108, 0x8208, 0x8208, 0x8108, 0x8108, 0x8108, 0x8108, 0x8208, 0x8208, 0x8208, 0x8108, 0x8208, 0x8108, 0x8208,
  0x8108, 0x8208, 0x8208, 0x8208, 0x8108, 0x8208, 0x8208, 0x8208, 0x8208, 0x8208, 0x8208, 0x8208, 0x8208, 0x8208, 0x8208, 0x8208,
  0x8208, 0x8208, 0x8208, 0x8208, 0x8208, 0x8208, 0x8208, 0x8208, 0x8208, 0x8208, 0x8208, 0x8208, 0x8208, 0x8208, 0x8208, 0x8208,
  0x8208, 0x8208, 0x8208, 0x8208, 0x8108, 0x8208, 0x8208, 0x8208, 0x8108, 0x8208, 0x8208, 0x8208, 0x8108, 0x8208, 0x8208, 0x8208,
  0x8108, 0x8208, 0x8108, 0x8108, 0x8108, 0x8208, 0x8208, 0x8108, 0x8108, 0x8108, 0x8108, 0x8108, 0x8208, 0x8208, 0x6108, 0x8108,
  0x6108, 0x8108, 0x6108, 0x8108, 0x8208, 0x8108, 0x6108, 0x6108, 0x6108, 0x6108, 0x8108, 0x8208, 0x8108, 0x6108, 0x6108, 0x6108,
  0x6108, 0x6108, 0x8208, 0x8208, 0x6108, 0x6108, 0x6108, 0x6108, 0x6108, 0x8108, 0x8208, 0x8108, 0x6108, 0x6108, 0x6108, 0x6108,
  0x8108, 0x8208, 0x8108, 0x6108, 0x6108, 0x6108, 0x6108, 0x6108, 0x8208, 0x8208, 0x6108, 0x6108, 0x6108, 0x6108, 0x6108, 0x8108,
  0x8208, 0x8108, 0x6108, 0x6108, 0x6108, 0x6108, 0x8108, 0x8208, 0x8108, 0x6108, 0x0409, 0x2E23, 0x6108, 0x6108, 0x8208, 0xE310,
  0xE310, 0x6108, 0x6108, 0x6108, 0x6108, 0x6108, 0x6108, 0x6108, 0x6108, 0x6108, 0x6108, 0x8108, 0x8108, 0x8108, 0x8108, 0x8108,
  0x8108, 0x8108, 0x8108, 0x8108, 0x8108, 0x8108, 0x8208, 0x8208, 0x8208, 0x8208, 0x8208, 0x8208, 0x8208, 0x8208, 0x8208, 0x8208,
  0x8208, 0x8208, 0x8208, 0x8208, 0xA208, 0x8208, 0xA208, 0xA208, 0xA208, 0xA208, 0xA208, 0xA208, 0xA208, 0xA208, 0xA208, 0xA208,
  0xA208, 0xA208, 0xA208, 0xA208, 0xA208, 0xA208, 0xA208, 0xA208, 0xA208, 0xA208, 0xA208, 0xA208, 0xA208, 0xA208, 0xA208, 0xA208,
  0xA208, 0xA208, 0xA208, 0xA208, 0x8208, 0x8208, 0x8208, 0x8208, 0x8208, 0x8208, 0x8208, 0x8208, 0x8208, 0x8208, 0x8208, 0x8208,
  0x8208, 0x8108, 0x8208, 0x8108, 0x8108, 0x8108, 0x8108, 0x8108, 0x8108, 0x8108, 0x8108, 0x8108, 0x8108, 0x6108, 0x6108, 0x6108,
  0x6108, 0x6108, 0x6108, 0x6108, 0x6108, 0x6108, 0x6108, 0x6108, 0x6108, 0x6108, 0x6108, 0x6108, 0x6108, 0x6108, 0x6108, 0x6108,
  0x6108, 0x6108, 0x6108, 0x6108, 0x6108, 0x6108, 0x6108, 0x6108, 0x6108, 0x6108, 0x6108, 0x6108, 0x6108, 0x6108, 0x6108, 0x6108,
  0x6108, 0x6108, 0x6108, 0x6108, 0x6108, 0x6108, 0x6108, 0x6108, 0x6108, 0x6108, 0x6108, 0x6108, 0x6108, 0x6108, 0x6108, 0x6108,
  0x6108, 0x6108, 0x6108, 0x6108, 0x6108, 0x6108, 0x6108, 0x6108, 0x6108, 0x6108, 0x6108, 0x6108, 0x6108, 0x6108, 0x6108, 0x6108,
  0x6108, 0x6108, 0x6108, 0x6108, 0x6108, 0x6108, 0x6108, 0x6108, 0x6108, 0x6108, 0x6108, 0x6108, 0x6108, 0x6108, 0x6108, 0x6108,
  0x8108, 0x6108, 0x8108, 0x8108, 0x8108, 0x6108, 0x8108, 0x8108, 0x8108, 0x8108, 0x8108, 0x8108, 0x8108, 0x8108, 0x8108, 0x8108,
  0x8108, 0x8108, 0x8108, 0x8108, 0x8108, 0x8108, 0x8108, 0x8108, 0x8208, 0x8108, 0x8208, 0x8208, 0x8208, 0x8108, 0x8208, 0x8208,
  0x8208, 0x8108, 0x8208, 0x8208, 0x8208, 0x8108, 0x8208, 0x8208, 0x8208, 0x8108, 0x8208, 0x8208, 0x8208, 0x8108, 0x8208, 0x8208,
  0x8208, 0x8108, 0x8108, 0x8108, 0x8108, 0x8108, 0x8108, 0x8108, 0x8108, 0x8108, 0x8108, 0x8108, 0x8108, 0x8108, 0x8108, 0x8108,
  0x8108, 0x8108, 0x8108, 0x8108, 0x8108, 0x6108, 0x8108, 0x8108, 0x8108, 0x6108, 0x8108, 0x6108, 0x6108, 0x6108, 0x6108, 0x6108,
  0x6108, 0x6108, 0x6108, 0x6108, 0x6108, 0x6108, 0x6108, 0x6108, 0x6108, 0x6108, 0x6108, 0x6108, 0x6108, 0x6108, 0x6108, 0x6108,
  0x6108, 0x6108, 0x6108, 0x6108, 0x6108, 0x6108, 0x6108, 0x6108, 0x6108, 0x6108, 0x6108, 0x6108, 0x6108, 0x6108, 0x6108, 0x6108,
  0x6108, 0x6108, 0x6108, 0x6108, 0x6108, 0x6108, 0x6108, 0x6108, 0x6108, 0x6108, 0x6108, 0x6108, 0x6108, 0x6108, 0x6108, 0x6108,
  0x6108, 0x6108, 0x6108, 0x6108, 0x6108, 0x6108, 0x6108, 0x6108, 0x6108, 0x6108, 0x0409, 0x2E23, 0x6108, 0x6108, 0x6108, 0xE310,
  0xC210, 0x8108, 0x6108, 0x6108, 0x6108, 0x6108, 0x6108, 0x6108, 0x6108, 0x6108, 0x6108, 0x6108, 0x6108, 0x8108, 0x6108, 0x8108,
  0x8108, 0x8108, 0x8108, 0x8108, 0x8108, 0x8208, 0x8108, 0x8208, 0x8108, 0x8208, 0x8108, 0x8208, 0x8108, 0x8208, 0x8108, 0x8208,
  0x8208, 0x8208, 0x8208, 0x8208, 0x8208, 0x8208, 0x8208, 0x8208, 0x8208, 0x8208, 0x8208, 0xA208, 0x8208, 0xA208, 0x8208, 0xA208,
  0x8208, 0xA208, 0x8208, 0xA208, 0x8208, 0xA208, 0x8208, 0xA208, 0x8208, 0xA208, 0x8208, 0xA208, 0x8208, 0x8208, 0x8208, 0x8208,
  0x8208, 0x8208, 0x8208, 0x8208, 0x8208, 0x8208, 0x8208, 0x8208, 0x8208, 0x8208, 0x8108, 0x8208, 0x8108, 0x8208, 0x8108, 0x8208,
  0x8108, 0x8208, 0x8108, 0x8108, 0x8108, 0x8108, 0x8108, 0x8108, 0x8108, 0x8108, 0x6108, 0x6108, 0x6108, 0x6108, 0x6108, 0x6108,
  0x6108, 0x6108, 0x6108, 0x6108, 0x6108, 0x6108, 0x6108, 0x6108, 0x6108, 0x6108, 0x6108, 0x6108, 0x6108, 0x6108, 0x6108, 0x6108,
  0x6108, 0x6108, 0x6108, 0x6108, 0x6108, 0x6108, 0x6108, 0x6108, 0x6108, 0x6108, 0x6108, 0x6108, 0x6108, 0x6108, 0x6108, 0x6108,
  0x6108, 0x6108, 0x6108, 0x6108, 0x6108, 0x6108, 0x6108, 0x6108, 0x6108, 0x6108, 0x6108, 0x6108, 0x6108, 0x6108, 0x6108, 0x6108,
  0x6108, 0x6108, 0x6108, 0x6108, 0x6108, 0x6108, 0x6108, 0x6108, 0x6108, 0x6108, 0x6108, 0x6108, 0x6108, 0x6108, 0x6108, 0x6108,
  0x6108, 0x6108, 0x6108, 0x6108, 0x6108, 0x6108, 0x6108, 0x6108, 0x6108, 0x6108, 0x6108, 0x6108, 0x6108, 0x6108, 0x6108, 0x6108,
  0x6108, 0x6108, 0x6108, 0x6108, 0x6108, 0x6108, 0x6108, 0x6108, 0x6108, 0x8108, 0x6108, 0x8108, 0x6108, 0x8108, 0x6108, 0x8108,
  0x6108, 0x8108, 0x6108, 0x8108, 0x6108, 0x8108, 0x6108, 0x8108, 0x8108, 0x8108, 0x6108, 0x8108, 0x8108, 0x8108, 0x8108, 0x8108,
  0x8108, 0x8108, 0x8108, 0x8108, 0x8108, 0x8108, 0x8108, 0x8108, 0x8108, 0x8108, 0x8108, 0x8108, 0x8108, 0x8108, 0x8108, 0x8108,
  0x8108, 0x8108, 0x6108, 0x8108, 0x6108, 0x8108, 0x6108, 0x8108, 0x6108, 0x8108, 0x6108, 0x8108, 0x6108, 0x8108, 0x6108, 0x8108,
  0x6108, 0x8108, 0x6108, 0x6108, 0x6108, 0x6108, 0x6108, 0x6108, 0x6108, 0x6108, 0x6108, 0x6108, 0x6108, 0x6108, 0x6108, 0x6108,
  0x6108, 0x6108, 0x6108, 0x6108, 0x6108, 0x6108, 0x6108, 0x6108, 0x6108, 0x6108, 0x6108, 0x6108, 0x6108, 0x6108, 0x6108, 0x6108,
  0x6108, 0x6108, 0x6108, 0x6108, 0x6108, 0x6108, 0x6108, 0x6108, 0x6108, 0x6108, 0x6108, 0x6108, 0x6108, 0x6108, 0x6108, 0x6108,
  0x6108, 0x6108, 0x6108, 0x6108, 0x6108, 0x6108, 0x6108, 0x6108, 0x6108, 0x6108, 0x6108, 0x6108, 0x6108, 0x6108, 0x6108, 0x6108,
  0x6108, 0xC308, 0x0409, 0x0409, 0x0409, 0x0409, 0x0409, 0x0409, 0x0409, 0x0409, 0x8611, 0x4E23, 0x6108, 0x6108, 0x8108, 0xC210,
  0x8108, 0x8208, 0x6108, 0x6108, 0x6108, 0x6108, 0x6108, 0x6108, 0x6108, 0x6108, 0x6108, 0x6108, 0x6108, 0x6108, 0x6108, 0x6108,
  0x8108, 0x8108, 0x8108, 0x8108, 0x8108, 0x8108, 0x8108, 0x8108, 0x8108, 0x8108, 0x8108, 0x8108, 0x8208, 0x8108, 0x8208, 0x8108,
  0x8208, 0x8208, 0x8208, 0x8208, 0x8208, 0x8208, 0x8208, 0x8208, 0x8208, 0x8208, 0x8208, 0x8208, 0x8208, 0x8208, 0x8208, 0x8208,
  0x8208, 0x8208, 0x8208, 0x8208, 0x8208, 0x8208, 0x8208, 0x8208, 0x8208, 0x8208, 0x8208, 0x8208, 0x8208, 0x8208, 0x8208, 0x8208,
  0x8208, 0x8208, 0x8208, 0x8208, 0x8208, 0x8208, 0x8208, 0x8108, 0x8208, 0x8108, 0x8208, 0x8108, 0x8108, 0x8108, 0x8108, 0x8108,
  0x8108, 0x8108, 0x8108, 0x8108, 0x8108, 0x8108, 0x8108, 0x6108, 0x6108, 0x6108, 0x6108, 0x6108, 0x6108, 0x6108, 0x6108, 0x6108,
  0x6108, 0x6108, 0x6108, 0x6108, 0x6108, 0x6108, 0x6108, 0x6108, 0x6108, 0x6108, 0x6108, 0x6108, 0x6108, 0x6108, 0x6108, 0x6108,
  0x6108, 0x6108, 0x6108, 0x6108, 0x6108, 0x6108, 0x6108, 0x6108, 0x6108, 0x6108, 0x6108, 0x6108, 0x6108, 0x6108, 0x6108, 0x6108,
  0x6108, 0x6108, 0x6108, 0x6108, 0x6108, 0x6108, 0x6108, 0x6108, 0x6108, 0x6108, 0x6108, 0x6108, 0x6108, 0x6108, 0x6108, 0x6108,
  0x6108, 0x6108, 0x6108, 0x6108, 0x6108, 0x6108, 0x6108, 0x6108, 0x6108, 0x6108, 0x6108, 0x6108, 0x6108, 0x6108, 0x6108, 0x6108,
  0x6108, 0x6108, 0x6108, 0x6108, 0x6108, 0x6108, 0x6108, 0x6108, 0x6108, 0x6108, 0x6108, 0x6108, 0x6108, 0x6108, 0x6108, 0x6108,
  0x6108, 0x6108, 0x6108, 0x6108, 0x6108, 0x6108, 0x6108, 0x6108, 0x6108, 0x6108, 0x6108, 0x6108, 0x6108, 0x6108, 0x6108, 0x6108,
  0x6108, 0x6108, 0x6108, 0x6108, 0x6108, 0x6108, 0x6108, 0x6108, 0x6108, 0x6108, 0x8108, 0x6108, 0x8108, 0x6108, 0x8108, 0x6108,
  0x8108, 0x6108, 0x8108, 0x6108, 0x8108, 0x6108, 0x8108, 0x6108, 0x8108, 0x6108, 0x8108, 0x6108, 0x8108, 0x6108, 0x8108, 0x6108,
  0x8108, 0x6108, 0x6108, 0x6108, 0x6108, 0x6108, 0x6108, 0x6108, 0x6108, 0x6108, 0x6108, 0x6108, 0x6108, 0x6108, 0x6108, 0x6108,
  0x6108, 0x6108, 0x6108, 0x6108, 0x6108, 0x6108, 0x6108, 0x6108, 0x6108, 0x6108, 0x6108, 0x6108, 0x6108, 0x6108, 0x6108, 0x6108,
  0x6108, 0x6108, 0x6108, 0x6108, 0x6108, 0x6108, 0x6108, 0x6108, 0x6108, 0x6108, 0x6108, 0x6108, 0x6108, 0x6108, 0x6108, 0x6108,
  0x6108, 0x6108, 0x6108, 0x6108, 0x6108, 0x6108, 0x6108, 0x6108, 0x6108, 0x6108, 0x6108, 0x6108, 0x6108, 0x6108, 0x6108, 0x6108,
  0x6108, 0x6108, 0x6108, 0x6108, 0x6108, 0x6108, 0x6108, 0x6108, 0x6108, 0x6108, 0x6108, 0x6108, 0x6108, 0x6108, 0x6108, 0x6108,
  0x6108, 0x4A1A, 0x2E23, 0x2E23, 0x2E23, 0x2E23, 0x2E23, 0x2E23, 0x2E23, 0x2E23, 0x4E23, 0x091A, 0x6108, 0x6108, 0x8208, 0x8108,
  0x0000, 0xE310, 0x6108, 0x6108, 0x6108, 0x6108, 0x6108, 0x6108, 0x6108, 0x6108, 0x6108, 0x6108, 0x6108, 0x6108, 0x6108, 0x6108,
  0x6108, 0x6108, 0x6108, 0x8108, 0x8108, 0x8108, 0x8108, 0x8108, 0x8108, 0x8108, 0x8108, 0x8208, 0x8108, 0x8208, 0x8108, 0x8208,
  0x8108, 0x8208, 0x8108, 0x8208, 0x8108, 0x8208, 0x8108, 0x8208, 0x8108, 0x8208, 0x8208, 0x8208, 0x8108, 0x8208, 0x8208, 0x8208,
  0x8108, 0x8208, 0x8208, 0x8208, 0x8208, 0x8208, 0x8208, 0x8208, 0x8108, 0x8208, 0x8208, 0x8208, 0x8108, 0x8208, 0x8208, 0x8208,
  0x8108, 0x8208, 0x8108, 0x8208, 0x8108, 0x8208, 0x8108, 0x8208, 0x8108, 0x8108, 0x8108, 0x8208, 0x8108, 0x8108, 0x8108, 0x8108,
  0x8108, 0x8108, 0x8108, 0x8108, 0x6108, 0x8108, 0x6108, 0x6108, 0x6108, 0x6108, 0x6108, 0x6108, 0x6108, 0x6108, 0x6108, 0x6108,
  0x6108, 0x6108, 0x6108, 0x6108, 0x6108, 0x6108, 0x6108, 0x6108, 0x6108, 0x6108, 0x6108, 0x6108, 0x6108, 0x6108, 0x6108, 0x6108,
  0x6108, 0x6108, 0x6108, 0x6108, 0x6108, 0x6108, 0x6108, 0x6108, 0x6108, 0x6108, 0x6108, 0x6108, 0x6108, 0x6108, 0x6108, 0x6108,
  0x6108, 0x6108, 0x6108, 0x6108, 0x6108, 0x6108, 0x6108, 0x6108, 0x6108, 0x6108, 0x6108, 0x6108, 0x6108, 0x6108, 0x6108, 0x6108,
  0x6108, 0x6108, 0x6108, 0x6108, 0x6108, 0x6108, 0x6108, 0x6108, 0x6108, 0x6108, 0x6108, 0x6108, 0x6108, 0x6108, 0x6108, 0x6108,
  0x6108, 0x6108, 0x6108, 0x6108, 0x6108, 0x6108, 0x6108, 0x6108, 0x6108, 0x6108, 0x6108, 0x6108, 0x6108, 0x6108, 0x6108, 0x6108,
  0x6108, 0x6108, 0x6108, 0x6108, 0x6108, 0x6108, 0x6108, 0x6108, 0x6108, 0x6108, 0x6108, 0x6108, 0x6108, 0x6108, 0x6108, 0x6108,
  0x6108, 0x6108, 0x6108, 0x6108, 0x6108, 0x6108, 0x6108, 0x6108, 0x6108, 0x6108, 0x6108, 0x6108, 0x6108, 0x6108, 0x6108, 0x6108,
  0x6108, 0x6108, 0x6108, 0x6108, 0x6108, 0x6108, 0x6108, 0x6108, 0x6108, 0x6108, 0x6108, 0x6108, 0x6108, 0x6108, 0x6108, 0x6108,
  0x6108, 0x6108, 0x6108, 0x6108, 0x6108, 0x6108, 0x6108, 0x6108, 0x6108, 0x6108, 0x6108, 0x6108, 0x6108, 0x6108, 0x6108, 0x6108,
  0x6108, 0x6108, 0x6108, 0x6108, 0x6108, 0x6108, 0x6108, 0x6108, 0x6108, 0x6108, 0x6108, 0x6108, 0x6108, 0x6108, 0x6108, 0x6108,
  0x6108, 0x6108, 0x6108, 0x6108, 0x6108, 0x6108, 0x6108, 0x6108, 0x6108, 0x6108, 0x6108, 0x6108, 0x6108, 0x6108, 0x6108, 0x6108,
  0x6108, 0x6108, 0x6108, 0x6108, 0x6108, 0x6108, 0x6108, 0x6108, 0x6108, 0x6108, 0x6108, 0x6108, 0x6108, 0x6108, 0x6108, 0x6108,
  0x6108, 0x6108, 0x6108, 0x6108, 0x6108, 0x6108, 0x6108, 0x6108, 0x6108, 0x6108, 0x6108, 0x6108, 0x6108, 0x6108, 0x6108, 0x6108,
  0x6108, 0x6108, 0x6108, 0x6108, 0x6108, 0x6108, 0x6108, 0x6108, 0x6108, 0x6108, 0x6108, 0x6108, 0x6108, 0x6108, 0xE310, 0x0000,
  0x0000, 0x2000, 0xC210, 0x6108, 0x6108, 0x6108, 0x6108, 0x6108, 0x6108, 0x6108, 0x6108, 0x6108, 0x6108, 0x6108, 0x6108, 0x6108,
  0x6108, 0x6108, 0x6108, 0x6108, 0x6108, 0x6108, 0x8108, 0x8108, 0x8108, 0x8108, 0x8108, 0x8108, 0x8108, 0x8108, 0x8108, 0x8108,
  0x8108, 0x8108, 0x8108, 0x8108, 0x8108, 0x8108, 0x8208, 0x8108, 0x8108, 0x8108, 0x8208, 0x8208, 0x8208, 0x8108, 0x8208, 0x8208,
  0x8208, 0x8108, 0x8208, 0x8208, 0x8208, 0x8108, 0x8208, 0x8208, 0x8208, 0x8108, 0x8208, 0x8208, 0x8208, 0x8108, 0x8208, 0x8108,
  0x8108, 0x8108, 0x8208, 0x8108, 0x8108, 0x8108, 0x8108, 0x8108, 0x8108, 0x8108, 0x8108, 0x8108, 0x8108, 0x8108, 0x8108, 0x8108,
  0x8108, 0x6108, 0x8108, 0x6108, 0x6108, 0x6108, 0x6108, 0x6108, 0x6108, 0x6108, 0x6108, 0x6108, 0x6108, 0x6108, 0x6108, 0x6108,
  0x6108, 0x6108, 0x6108, 0x6108, 0x6108, 0x6108, 0x6108, 0x6108, 0x6108, 0x6108, 0x6108, 0x6108, 0x6108, 0x6108, 0x6108, 0x6108,
  0x6108, 0x6108, 0x6108, 0x6108, 0x6108, 0x6108, 0x6108, 0x6108, 0x6108, 0x6108, 0x6108, 0x6108, 0x6108, 0x6108, 0x6108, 0x6108,
  0x6108, 0x6108, 0x6108, 0x6108, 0x6108, 0x6108, 0x6108, 0x6108, 0x6108, 0x6108, 0x6108, 0x6108, 0x6108, 0x6108, 0x6108, 0x6108,
  0x6108, 0x6108, 0x6108, 0x6108, 0x6108, 0x6108, 0x6108, 0x6108, 0x6108, 0x6108, 0x6108, 0x6108, 0x6108, 0x6108, 0x6108, 0x6108,
  0x6108, 0x6108, 0x6108, 0x6108, 0x6108, 0x6108, 0x6108, 0x6108, 0x6108, 0x6108, 0x6108, 0x6108, 0x6108, 0x6108, 0x6108, 0x6108,
  0x6108, 0x6108, 0x6108, 0x6108, 0x6108, 0x6108, 0x6108, 0x6108, 0x6108, 0x6108, 0x6108, 0x6108, 0x6108, 0x6108, 0x6108, 0x6108,
  0x6108, 0x6108, 0x6108, 0x6108, 0x6108, 0x6108, 0x6108, 0x6108, 0x6108, 0x6108, 0x6108, 0x6108, 0x6108, 0x6108, 0x6108, 0x6108,
  0x6108, 0x6108, 0x6108, 0x6108, 0x6108, 0x6108, 0x6108, 0x6108, 0x6108, 0x6108, 0x6108, 0x6108, 0x6108, 0x6108, 0x6108, 0x6108,
  0x6108, 0x6108, 0x6108, 0x6108, 0x6108, 0x6108, 0x6108, 0x6108, 0x6108, 0x6108, 0x6108, 0x6108, 0x6108, 0x6108, 0x6108, 0x6108,
  0x6108, 0x6108, 0x6108, 0x6108, 0x6108, 0x6108, 0x6108, 0x6108, 0x6108, 0x6108, 0x6108, 0x6108, 0x6108, 0x6108, 0x6108, 0x6108,
  0x6108, 0x6108, 0x6108, 0x6108, 0x6108, 0x6108, 0x6108, 0x6108, 0x6108, 0x6108, 0x6108, 0x6108, 0x6108, 0x6108, 0x6108, 0x6108,
  0x6108, 0x6108, 0x6108, 0x6108, 0x6108, 0x6108, 0x6108, 0x6108, 0x6108, 0x6108, 0x6108, 0x6108, 0x6108, 0x6108, 0x6108, 0x6108,
  0x6108, 0x6108, 0x6108, 0x6108, 0x6108, 0x6108, 0x6108, 0x6108, 0x6108, 0x6108, 0x6108, 0x6108, 0x6108, 0x6108, 0x6108, 0x6108,
  0x6108, 0x6108, 0x6108, 0x6108, 0x6108, 0x6108, 0x6108, 0x6108, 0x6108, 0x6108, 0x6108, 0x6108, 0x6108, 0xC210, 0x2000, 0x0000,
  0x0000, 0x0000, 0x2000, 0x0311, 0xA208, 0x8108, 0x6108, 0x6108, 0x6108, 0x6108, 0x8208, 0x8208, 0x6108, 0x6108, 0x6108, 0x6108,
  0x6108, 0x8108, 0x8208, 0x8108, 0x6108, 0x6108, 0x6108, 0x6108, 0x8108, 0x8208, 0x8108, 0x8108, 0x8108, 0x8108, 0x8108, 0x8108,
  0x8208, 0xA208, 0x8108, 0x8108, 0x8108, 0x8208, 0x8108, 0x8208, 0xA208, 0x8208, 0x8108, 0x8208, 0x8108, 0x8208, 0x8108, 0xA208,
  0x8208, 0x8208, 0x8108, 0x8208, 0x8108, 0x8208, 0xA208, 0xA208, 0x8108, 0x8208, 0x8108, 0x8208, 0x8108, 0x8208, 0xA208, 0x8208,
  0x8108, 0x8108, 0x8108, 0x8108, 0x8108, 0xA208, 0x8108, 0x8108, 0x8108, 0x8108, 0x8108, 0x8108, 0x8208, 0x8208, 0x6108, 0x8108,
  0x6108, 0x6108, 0x6108, 0x8108, 0x8208, 0x8108, 0x6108, 0x6108, 0x6108, 0x6108, 0x8108, 0x8208, 0x8108, 0x6108, 0x6108, 0x6108,
  0x6108, 0x6108, 0x8208, 0x8208, 0x6108, 0x6108, 0x6108, 0x6108, 0x6108, 0x8108, 0x8208, 0x8108, 0x6108, 0x6108, 0x6108, 0x6108,
  0x8108, 0x8208, 0x8108, 0x6108, 0x6108, 0x6108, 0x6108, 0x6108, 0x8208, 0x8208, 0x6108, 0x6108, 0x6108, 0x6108, 0x6108, 0x8108,
  0x8208, 0x8108, 0x6108, 0x6108, 0x6108, 0x6108, 0x8108, 0x8208, 0x8108, 0x6108, 0x6108, 0x6108, 0x6108, 0x6108, 0x8208, 0x8208,
  0x6108, 0x6108, 0x6108, 0x6108, 0x6108, 0x8108, 0x8208, 0x8108, 0x6108, 0x6108, 0x6108, 0x6108, 0x8108, 0x8208, 0x8108, 0x6108,
  0x6108, 0x6108, 0x6108, 0x6108, 0x8208, 0x8208, 0x6108, 0x6108, 0x6108, 0x6108, 0x6108, 0x8108, 0x8208, 0x8108, 0x6108, 0x6108,
  0x6108, 0x6108, 0x8108, 0x8208, 0x8108, 0x6108, 0x6108, 0x6108, 0x6108, 0x6108, 0x8208, 0x8208, 0x6108, 0x6108, 0x6108, 0x6108,
  0x6108, 0x8108, 0x8208, 0x8108, 0x6108, 0x6108, 0x6108, 0x6108, 0x8108, 0x8208, 0x8108, 0x6108, 0x6108, 0x6108, 0x6108, 0x6108,
  0x8208, 0x8208, 0x6108, 0x6108, 0x6108, 0x6108, 0x6108, 0x8108, 0x8208, 0x8108, 0x6108, 0x6108, 0x6108, 0x6108, 0x8108, 0x8208,
  0x8108, 0x6108, 0x6108, 0x6108, 0x6108, 0x6108, 0x8208, 0x8208, 0x6108, 0x6108, 0x6108, 0x6108, 0x6108, 0x8108, 0x8208, 0x8108,
  0x6108, 0x6108, 0x6108, 0x6108, 0x8108, 0x8208, 0x8108, 0x6108, 0x6108, 0x6108, 0x6108, 0x6108, 0x8208, 0x8208, 0x6108, 0x6108,
  0x6108, 0x6108, 0x6108, 0x8108, 0x8208, 0x8108, 0x6108, 0x6108, 0x6108, 0x6108, 0x8108, 0x8208, 0x8108, 0x6108, 0x6108, 0x6108,
  0x6108, 0x6108, 0x8208, 0x8208, 0x6108, 0x6108, 0x6108, 0x6108, 0x6108, 0x8108, 0x8208, 0x8108, 0x6108, 0x6108, 0x6108, 0x6108,
  0x8108, 0x8208, 0x8108, 0x6108, 0x6108, 0x6108, 0x6108, 0x6108, 0x8208, 0x8208, 0x6108, 0x6108, 0x6108, 0x6108, 0x6108, 0x8108,
  0x8208, 0x8108, 0x6108, 0x6108, 0x6108, 0x6108, 0x8108, 0x8208, 0x8108, 0x6108, 0x8108, 0x8208, 0xE310, 0x2000, 0x0000, 0x0000,
  0x0000, 0x0000, 0x0000, 0x0000, 0x8108, 0xC210, 0xE310, 0xC310, 0xC310, 0xC310, 0xE310, 0xE310, 0xC310, 0xC310, 0xC310, 0xC310,
  0xC310, 0xE310, 0xE310, 0xE310, 0xC310, 0xC310, 0xC310, 0xC310, 0xE310, 0xE310, 0xE310, 0xC310, 0xE310, 0xE310, 0xE310, 0xE310,
  0xE310, 0xE310, 0xE310, 0xE310, 0xE310, 0xE310, 0xE310, 0xE310, 0x0311, 0xE310, 0xE310, 0xE310, 0xE310, 0xE310, 0xE310, 0x0311,
  0xE310, 0xE310, 0xE310, 0xE310, 0xE310, 0xE310, 0xE310, 0xE310, 0xE310, 0xE310, 0xE310, 0xE310, 0xE310, 0xE310, 0x0311, 0xE310,
  0xE310, 0xE310, 0xE310, 0xE310, 0xE310, 0xE310, 0xE310, 0xE310, 0xE310, 0xE310, 0xE310, 0xC310, 0xE310, 0xE310, 0xC310, 0xC310,
  0xC310, 0xC310, 0xC310, 0xE310, 0xE310, 0xE310, 0xC310, 0xC310, 0xC310, 0xC310, 0xE310, 0xE310, 0xE310, 0xC310, 0xC310, 0xC310,
  0xC310, 0xC310, 0xE310, 0xE310, 0xC310, 0xC310, 0xC310, 0xC310, 0xC310, 0xE310, 0xE310, 0xE310, 0xC310, 0xC310, 0xC310, 0xC310,
  0xE310, 0xE310, 0xE310, 0xC310, 0xC310, 0xC310, 0xC310, 0xC310, 0xE310, 0xE310, 0xC310, 0xC310, 0xC310, 0xC310, 0xC310, 0xE310,
  0xE310, 0xE310, 0xC310, 0xC310, 0xC310, 0xC310, 0xE310, 0xE310, 0xE310, 0xC310, 0xC310, 0xC310, 0xC310, 0xC310, 0xE310, 0xE310,
  0xC310, 0xC310, 0xC310, 0xC310, 0xC310, 0xE310, 0xE310, 0xE310, 0xC310, 0xC310, 0xC310, 0xC310, 0xE310, 0xE310, 0xE310, 0xC310,
  0xC310, 0xC310, 0xC310, 0xC310, 0xE310, 0xE310, 0xC310, 0xC310, 0xC310, 0xC310, 0xC310, 0xE310, 0xE310, 0xE310, 0xC310, 0xC310,
  0xC310, 0xC310, 0xE310, 0xE310, 0xE310, 0xC310, 0xC310, 0xC310, 0xC310, 0xC310, 0xE310, 0xE310, 0xC310, 0xC310, 0xC310, 0xC310,
  0xC310, 0xE310, 0xE310, 0xE310, 0xC310, 0xC310, 0xC310, 0xC310, 0xE310, 0xE310, 0xE310, 0xC310, 0xC310, 0xC310, 0xC310, 0xC310,
  0xE310, 0xE310, 0xC310, 0xC310, 0xC310, 0xC310, 0xC310, 0xE310, 0xE310, 0xE310, 0xC310, 0xC310, 0xC310, 0xC310, 0xE310, 0xE310,
  0xE310, 0xC310, 0xC310, 0xC310, 0xC310, 0xC310, 0xE310, 0xE310, 0xC310, 0xC310, 0xC310, 0xC310, 0xC310, 0xE310, 0xE310, 0xE310,
  0xC310, 0xC310, 0xC310, 0xC310, 0xE310, 0xE310, 0xE310, 0xC310, 0xC310, 0xC310, 0xC310, 0xC310, 0xE310, 0xE310, 0xC310, 0xC310,
  0xC310, 0xC310, 0xC310, 0xE310, 0xE310, 0xE310, 0xC310, 0xC310, 0xC310, 0xC310, 0xE310, 0xE310, 0xE310, 0xC310, 0xC310, 0xC310,
  0xC310, 0xC310, 0xE310, 0xE310, 0xC310, 0xC310, 0xC310, 0xC310, 0xC310, 0xE310, 0xE310, 0xE310, 0xC310, 0xC310, 0xC310, 0xC310,
  0xE310, 0xE310, 0xE310, 0xC310, 0xC310, 0xC310, 0xC310, 0xC310, 0xE310, 0xE310, 0xC310, 0xC310, 0xC310, 0xC310, 0xC310, 0xE310,
  0xE310, 0xE310, 0xC310, 0xC310, 0xC310, 0xC310, 0xE310, 0xE310, 0xE310, 0xE310, 0xC210, 0x8108, 0x0000, 0x0000, 0x0000, 0x0000,
};
